id,dimension_code,principle_code,title,statement,misbelief,truth_reframe,coach_prompt,tags,use_cases,source_doc,embedding_text,created_at,updated_at,truth_property_tags,verification_mode,fact_layer,reality_layer
tp_mot_001,motive,MOT_001,家庭對話中的討好盲點,在家庭對話中，表面上是在付出，實際上卻被討好推著走，讓對話逐漸失衡。,只要沒有討好，我就不會被需要。,真實動機不必用討好換取位置。,如果不靠討好，你還想守護什麼？,"[""動機"", ""討好"", ""家庭""]","[""家庭"", ""親子""]",TruthOS seed dataset,motive 動機 MOT_001 討好 家庭對話中的討好盲點 在家庭對話中，表面上是在付出，實際上卻被討好推著走，讓對話逐漸失衡。 只要沒有討好，我就不會被需要。 真實動機不必用討好換取位置。 動機 討好 家庭 家庭 親子,2026-06-04T10:25:52.059328+00:00,2026-06-04T10:25:52.059328+00:00,[],dialogue,,
tp_mot_002,motive,MOT_001,伴侶衝突中的討好盲點,在伴侶衝突中，表面上是在付出，實際上卻被討好推著走，讓界線變得模糊。,只要沒有討好，我就不會被需要。,真實動機不必用討好換取位置。,如果不靠討好，你還想守護什麼？,"[""動機"", ""討好"", ""伴侶""]","[""伴侶"", ""界線""]",TruthOS seed dataset,motive 動機 MOT_001 討好 伴侶衝突中的討好盲點 在伴侶衝突中，表面上是在付出，實際上卻被討好推著走，讓界線變得模糊。 只要沒有討好，我就不會被需要。 真實動機不必用討好換取位置。 動機 討好 伴侶 伴侶 界線,2026-06-04T10:25:52.059328+00:00,2026-06-04T10:25:52.059328+00:00,[],dialogue,,
tp_mot_003,motive,MOT_001,職場協作中的討好盲點,在職場協作中，表面上是在付出，實際上卻被討好推著走，讓責任位置變得混亂。,只要沒有討好，我就不會被需要。,真實動機不必用討好換取位置。,如果不靠討好，你還想守護什麼？,"[""動機"", ""討好"", ""職場""]","[""工作"", ""團隊""]",TruthOS seed dataset,motive 動機 MOT_001 討好 職場協作中的討好盲點 在職場協作中，表面上是在付出，實際上卻被討好推著走，讓責任位置變得混亂。 只要沒有討好，我就不會被需要。 真實動機不必用討好換取位置。 動機 討好 職場 工作 團隊,2026-06-04T10:25:52.059328+00:00,2026-06-04T10:25:52.059328+00:00,[],dialogue,,
tp_mot_004,motive,MOT_001,領導決策中的討好盲點,在領導決策中，表面上是在付出，實際上卻被討好推著走，使真正的需求被遮住。,只要沒有討好，我就不會被需要。,真實動機不必用討好換取位置。,如果不靠討好，你還想守護什麼？,"[""動機"", ""討好"", ""領導""]","[""領導"", ""決策""]",TruthOS seed dataset,motive 動機 MOT_001 討好 領導決策中的討好盲點 在領導決策中，表面上是在付出，實際上卻被討好推著走，使真正的需求被遮住。 只要沒有討好，我就不會被需要。 真實動機不必用討好換取位置。 動機 討好 領導 領導 決策,2026-06-04T10:25:52.059328+00:00,2026-06-04T10:25:52.059328+00:00,[],dialogue,,
tp_mot_005,motive,MOT_001,朋友互動中的討好盲點,在朋友互動中，表面上是在付出，實際上卻被討好推著走，讓反饋失去作用。,只要沒有討好，我就不會被需要。,真實動機不必用討好換取位置。,如果不靠討好，你還想守護什麼？,"[""動機"", ""討好"", ""友誼""]","[""友誼"", ""界線""]",TruthOS seed dataset,motive 動機 MOT_001 討好 朋友互動中的討好盲點 在朋友互動中，表面上是在付出，實際上卻被討好推著走，讓反饋失去作用。 只要沒有討好，我就不會被需要。 真實動機不必用討好換取位置。 動機 討好 友誼 友誼 界線,2026-06-04T10:25:52.059328+00:00,2026-06-04T10:25:52.059328+00:00,[],dialogue,,
tp_mot_006,motive,MOT_001,金錢選擇中的討好盲點,在金錢選擇中，表面上是在付出，實際上卻被討好推著走，讓信任開始鬆動。,只要沒有討好，我就不會被需要。,真實動機不必用討好換取位置。,如果不靠討好，你還想守護什麼？,"[""動機"", ""討好"", ""金錢""]","[""金錢"", ""價值""]",TruthOS seed dataset,motive 動機 MOT_001 討好 金錢選擇中的討好盲點 在金錢選擇中，表面上是在付出，實際上卻被討好推著走，讓信任開始鬆動。 只要沒有討好，我就不會被需要。 真實動機不必用討好換取位置。 動機 討好 金錢 金錢 價值,2026-06-04T10:25:52.059328+00:00,2026-06-04T10:25:52.059328+00:00,[],dialogue,,
tp_mot_007,motive,MOT_001,健康壓力中的討好盲點,在健康壓力中，表面上是在付出，實際上卻被討好推著走，讓決定越來越僵硬。,只要沒有討好，我就不會被需要。,真實動機不必用討好換取位置。,如果不靠討好，你還想守護什麼？,"[""動機"", ""討好"", ""健康""]","[""健康"", ""壓力""]",TruthOS seed dataset,motive 動機 MOT_001 討好 健康壓力中的討好盲點 在健康壓力中，表面上是在付出，實際上卻被討好推著走，讓決定越來越僵硬。 只要沒有討好，我就不會被需要。 真實動機不必用討好換取位置。 動機 討好 健康 健康 壓力,2026-06-04T10:25:52.059328+00:00,2026-06-04T10:25:52.059328+00:00,[],dialogue,,
tp_mot_008,motive,MOT_001,創作卡關中的討好盲點,在創作卡關中，表面上是在付出，實際上卻被討好推著走，讓內在更難安定。,只要沒有討好，我就不會被需要。,真實動機不必用討好換取位置。,如果不靠討好，你還想守護什麼？,"[""動機"", ""討好"", ""創作""]","[""創作"", ""表達""]",TruthOS seed dataset,motive 動機 MOT_001 討好 創作卡關中的討好盲點 在創作卡關中，表面上是在付出，實際上卻被討好推著走，讓內在更難安定。 只要沒有討好，我就不會被需要。 真實動機不必用討好換取位置。 動機 討好 創作 創作 表達,2026-06-04T10:25:52.059328+00:00,2026-06-04T10:25:52.059328+00:00,[],dialogue,,
tp_mot_009,motive,MOT_001,靈性實踐中的討好盲點,在靈性實踐中，表面上是在付出，實際上卻被討好推著走，使互動落入重複循環。,只要沒有討好，我就不會被需要。,真實動機不必用討好換取位置。,如果不靠討好，你還想守護什麼？,"[""動機"", ""討好"", ""靈性""]","[""靈性"", ""自我觀察""]",TruthOS seed dataset,motive 動機 MOT_001 討好 靈性實踐中的討好盲點 在靈性實踐中，表面上是在付出，實際上卻被討好推著走，使互動落入重複循環。 只要沒有討好，我就不會被需要。 真實動機不必用討好換取位置。 動機 討好 靈性 靈性 自我觀察,2026-06-04T10:25:52.059328+00:00,2026-06-04T10:25:52.059328+00:00,[],dialogue,,
tp_mot_010,motive,MOT_001,重大失落中的討好盲點,在重大失落中，表面上是在付出，實際上卻被討好推著走，讓看見真相的空間縮小。,只要沒有討好，我就不會被需要。,真實動機不必用討好換取位置。,如果不靠討好，你還想守護什麼？,"[""動機"", ""討好"", ""失落""]","[""失落"", ""轉化""]",TruthOS seed dataset,motive 動機 MOT_001 討好 重大失落中的討好盲點 在重大失落中，表面上是在付出，實際上卻被討好推著走，讓看見真相的空間縮小。 只要沒有討好，我就不會被需要。 真實動機不必用討好換取位置。 動機 討好 失落 失落 轉化,2026-06-04T10:25:52.059328+00:00,2026-06-04T10:25:52.059328+00:00,[],dialogue,,
tp_mot_011,motive,MOT_001,教養現場中的討好盲點,在教養現場中，表面上是在付出，實際上卻被討好推著走，讓支持變成壓力。,只要沒有討好，我就不會被需要。,真實動機不必用討好換取位置。,如果不靠討好，你還想守護什麼？,"[""動機"", ""討好"", ""教養""]","[""親子"", ""教養""]",TruthOS seed dataset,motive 動機 MOT_001 討好 教養現場中的討好盲點 在教養現場中，表面上是在付出，實際上卻被討好推著走，讓支持變成壓力。 只要沒有討好，我就不會被需要。 真實動機不必用討好換取位置。 動機 討好 教養 親子 教養,2026-06-04T10:25:52.059328+00:00,2026-06-04T10:25:52.059328+00:00,[],dialogue,,
tp_mot_012,motive,MOT_001,團隊回饋中的討好盲點,在團隊回饋中，表面上是在付出，實際上卻被討好推著走，讓改變停在表面。,只要沒有討好，我就不會被需要。,真實動機不必用討好換取位置。,如果不靠討好，你還想守護什麼？,"[""動機"", ""討好"", ""回饋""]","[""團隊"", ""回饋""]",TruthOS seed dataset,motive 動機 MOT_001 討好 團隊回饋中的討好盲點 在團隊回饋中，表面上是在付出，實際上卻被討好推著走，讓改變停在表面。 只要沒有討好，我就不會被需要。 真實動機不必用討好換取位置。 動機 討好 回饋 團隊 回饋,2026-06-04T10:25:52.059328+00:00,2026-06-04T10:25:52.059328+00:00,[],dialogue,,
tp_mot_013,motive,MOT_002,伴侶衝突中的交易盲點,在伴侶衝突中，表面上是在付出，實際上卻被交易推著走，讓資源交換變得扭曲。,只要沒有交易，我就不會被需要。,真實動機不必用交易換取位置。,如果不靠交易，你還想守護什麼？,"[""動機"", ""交易"", ""伴侶""]","[""伴侶"", ""界線""]",TruthOS seed dataset,motive 動機 MOT_002 交易 伴侶衝突中的交易盲點 在伴侶衝突中，表面上是在付出，實際上卻被交易推著走，讓資源交換變得扭曲。 只要沒有交易，我就不會被需要。 真實動機不必用交易換取位置。 動機 交易 伴侶 伴侶 界線,2026-06-04T10:25:52.059328+00:00,2026-06-04T10:25:52.059328+00:00,[],dialogue,,
tp_mot_014,motive,MOT_002,職場協作中的交易盲點,在職場協作中，表面上是在付出，實際上卻被交易推著走，讓對話逐漸失衡。,只要沒有交易，我就不會被需要。,真實動機不必用交易換取位置。,如果不靠交易，你還想守護什麼？,"[""動機"", ""交易"", ""職場""]","[""工作"", ""團隊""]",TruthOS seed dataset,motive 動機 MOT_002 交易 職場協作中的交易盲點 在職場協作中，表面上是在付出，實際上卻被交易推著走，讓對話逐漸失衡。 只要沒有交易，我就不會被需要。 真實動機不必用交易換取位置。 動機 交易 職場 工作 團隊,2026-06-04T10:25:52.059328+00:00,2026-06-04T10:25:52.059328+00:00,[],dialogue,,
tp_mot_015,motive,MOT_002,領導決策中的交易盲點,在領導決策中，表面上是在付出，實際上卻被交易推著走，讓界線變得模糊。,只要沒有交易，我就不會被需要。,真實動機不必用交易換取位置。,如果不靠交易，你還想守護什麼？,"[""動機"", ""交易"", ""領導""]","[""領導"", ""決策""]",TruthOS seed dataset,motive 動機 MOT_002 交易 領導決策中的交易盲點 在領導決策中，表面上是在付出，實際上卻被交易推著走，讓界線變得模糊。 只要沒有交易，我就不會被需要。 真實動機不必用交易換取位置。 動機 交易 領導 領導 決策,2026-06-04T10:25:52.059328+00:00,2026-06-04T10:25:52.059328+00:00,[],dialogue,,
tp_mot_016,motive,MOT_002,朋友互動中的交易盲點,在朋友互動中，表面上是在付出，實際上卻被交易推著走，讓責任位置變得混亂。,只要沒有交易，我就不會被需要。,真實動機不必用交易換取位置。,如果不靠交易，你還想守護什麼？,"[""動機"", ""交易"", ""友誼""]","[""友誼"", ""界線""]",TruthOS seed dataset,motive 動機 MOT_002 交易 朋友互動中的交易盲點 在朋友互動中，表面上是在付出，實際上卻被交易推著走，讓責任位置變得混亂。 只要沒有交易，我就不會被需要。 真實動機不必用交易換取位置。 動機 交易 友誼 友誼 界線,2026-06-04T10:25:52.059328+00:00,2026-06-04T10:25:52.059328+00:00,[],dialogue,,
tp_mot_017,motive,MOT_002,金錢選擇中的交易盲點,在金錢選擇中，表面上是在付出，實際上卻被交易推著走，使真正的需求被遮住。,只要沒有交易，我就不會被需要。,真實動機不必用交易換取位置。,如果不靠交易，你還想守護什麼？,"[""動機"", ""交易"", ""金錢""]","[""金錢"", ""價值""]",TruthOS seed dataset,motive 動機 MOT_002 交易 金錢選擇中的交易盲點 在金錢選擇中，表面上是在付出，實際上卻被交易推著走，使真正的需求被遮住。 只要沒有交易，我就不會被需要。 真實動機不必用交易換取位置。 動機 交易 金錢 金錢 價值,2026-06-04T10:25:52.059328+00:00,2026-06-04T10:25:52.059328+00:00,[],dialogue,,
tp_mot_018,motive,MOT_002,健康壓力中的交易盲點,在健康壓力中，表面上是在付出，實際上卻被交易推著走，讓反饋失去作用。,只要沒有交易，我就不會被需要。,真實動機不必用交易換取位置。,如果不靠交易，你還想守護什麼？,"[""動機"", ""交易"", ""健康""]","[""健康"", ""壓力""]",TruthOS seed dataset,motive 動機 MOT_002 交易 健康壓力中的交易盲點 在健康壓力中，表面上是在付出，實際上卻被交易推著走，讓反饋失去作用。 只要沒有交易，我就不會被需要。 真實動機不必用交易換取位置。 動機 交易 健康 健康 壓力,2026-06-04T10:25:52.059328+00:00,2026-06-04T10:25:52.059328+00:00,[],dialogue,,
tp_mot_019,motive,MOT_002,創作卡關中的交易盲點,在創作卡關中，表面上是在付出，實際上卻被交易推著走，讓信任開始鬆動。,只要沒有交易，我就不會被需要。,真實動機不必用交易換取位置。,如果不靠交易，你還想守護什麼？,"[""動機"", ""交易"", ""創作""]","[""創作"", ""表達""]",TruthOS seed dataset,motive 動機 MOT_002 交易 創作卡關中的交易盲點 在創作卡關中，表面上是在付出，實際上卻被交易推著走，讓信任開始鬆動。 只要沒有交易，我就不會被需要。 真實動機不必用交易換取位置。 動機 交易 創作 創作 表達,2026-06-04T10:25:52.059328+00:00,2026-06-04T10:25:52.059328+00:00,[],dialogue,,
tp_mot_020,motive,MOT_002,靈性實踐中的交易盲點,在靈性實踐中，表面上是在付出，實際上卻被交易推著走，讓決定越來越僵硬。,只要沒有交易，我就不會被需要。,真實動機不必用交易換取位置。,如果不靠交易，你還想守護什麼？,"[""動機"", ""交易"", ""靈性""]","[""靈性"", ""自我觀察""]",TruthOS seed dataset,motive 動機 MOT_002 交易 靈性實踐中的交易盲點 在靈性實踐中，表面上是在付出，實際上卻被交易推著走，讓決定越來越僵硬。 只要沒有交易，我就不會被需要。 真實動機不必用交易換取位置。 動機 交易 靈性 靈性 自我觀察,2026-06-04T10:25:52.059328+00:00,2026-06-04T10:25:52.059328+00:00,[],dialogue,,
tp_mot_021,motive,MOT_002,重大失落中的交易盲點,在重大失落中，表面上是在付出，實際上卻被交易推著走，讓內在更難安定。,只要沒有交易，我就不會被需要。,真實動機不必用交易換取位置。,如果不靠交易，你還想守護什麼？,"[""動機"", ""交易"", ""失落""]","[""失落"", ""轉化""]",TruthOS seed dataset,motive 動機 MOT_002 交易 重大失落中的交易盲點 在重大失落中，表面上是在付出，實際上卻被交易推著走，讓內在更難安定。 只要沒有交易，我就不會被需要。 真實動機不必用交易換取位置。 動機 交易 失落 失落 轉化,2026-06-04T10:25:52.059328+00:00,2026-06-04T10:25:52.059328+00:00,[],dialogue,,
tp_mot_022,motive,MOT_002,教養現場中的交易盲點,在教養現場中，表面上是在付出，實際上卻被交易推著走，使互動落入重複循環。,只要沒有交易，我就不會被需要。,真實動機不必用交易換取位置。,如果不靠交易，你還想守護什麼？,"[""動機"", ""交易"", ""教養""]","[""親子"", ""教養""]",TruthOS seed dataset,motive 動機 MOT_002 交易 教養現場中的交易盲點 在教養現場中，表面上是在付出，實際上卻被交易推著走，使互動落入重複循環。 只要沒有交易，我就不會被需要。 真實動機不必用交易換取位置。 動機 交易 教養 親子 教養,2026-06-04T10:25:52.059328+00:00,2026-06-04T10:25:52.059328+00:00,[],dialogue,,
tp_mot_023,motive,MOT_002,團隊回饋中的交易盲點,在團隊回饋中，表面上是在付出，實際上卻被交易推著走，讓看見真相的空間縮小。,只要沒有交易，我就不會被需要。,真實動機不必用交易換取位置。,如果不靠交易，你還想守護什麼？,"[""動機"", ""交易"", ""回饋""]","[""團隊"", ""回饋""]",TruthOS seed dataset,motive 動機 MOT_002 交易 團隊回饋中的交易盲點 在團隊回饋中，表面上是在付出，實際上卻被交易推著走，讓看見真相的空間縮小。 只要沒有交易，我就不會被需要。 真實動機不必用交易換取位置。 動機 交易 回饋 團隊 回饋,2026-06-04T10:25:52.059328+00:00,2026-06-04T10:25:52.059328+00:00,[],dialogue,,
tp_mot_024,motive,MOT_003,職場協作中的補償盲點,在職場協作中，表面上是在付出，實際上卻被補償推著走，讓支持變成壓力。,只要沒有補償，我就不會被需要。,真實動機不必用補償換取位置。,如果不靠補償，你還想守護什麼？,"[""動機"", ""補償"", ""職場""]","[""工作"", ""團隊""]",TruthOS seed dataset,motive 動機 MOT_003 補償 職場協作中的補償盲點 在職場協作中，表面上是在付出，實際上卻被補償推著走，讓支持變成壓力。 只要沒有補償，我就不會被需要。 真實動機不必用補償換取位置。 動機 補償 職場 工作 團隊,2026-06-04T10:25:52.059328+00:00,2026-06-04T10:25:52.059328+00:00,[],dialogue,,
tp_mot_025,motive,MOT_003,領導決策中的補償盲點,在領導決策中，表面上是在付出，實際上卻被補償推著走，讓改變停在表面。,只要沒有補償，我就不會被需要。,真實動機不必用補償換取位置。,如果不靠補償，你還想守護什麼？,"[""動機"", ""補償"", ""領導""]","[""領導"", ""決策""]",TruthOS seed dataset,motive 動機 MOT_003 補償 領導決策中的補償盲點 在領導決策中，表面上是在付出，實際上卻被補償推著走，讓改變停在表面。 只要沒有補償，我就不會被需要。 真實動機不必用補償換取位置。 動機 補償 領導 領導 決策,2026-06-04T10:25:52.059328+00:00,2026-06-04T10:25:52.059328+00:00,[],dialogue,,
tp_mot_026,motive,MOT_003,朋友互動中的補償盲點,在朋友互動中，表面上是在付出，實際上卻被補償推著走，讓資源交換變得扭曲。,只要沒有補償，我就不會被需要。,真實動機不必用補償換取位置。,如果不靠補償，你還想守護什麼？,"[""動機"", ""補償"", ""友誼""]","[""友誼"", ""界線""]",TruthOS seed dataset,motive 動機 MOT_003 補償 朋友互動中的補償盲點 在朋友互動中，表面上是在付出，實際上卻被補償推著走，讓資源交換變得扭曲。 只要沒有補償，我就不會被需要。 真實動機不必用補償換取位置。 動機 補償 友誼 友誼 界線,2026-06-04T10:25:52.059328+00:00,2026-06-04T10:25:52.059328+00:00,[],dialogue,,
tp_mot_027,motive,MOT_003,金錢選擇中的補償盲點,在金錢選擇中，表面上是在付出，實際上卻被補償推著走，讓對話逐漸失衡。,只要沒有補償，我就不會被需要。,真實動機不必用補償換取位置。,如果不靠補償，你還想守護什麼？,"[""動機"", ""補償"", ""金錢""]","[""金錢"", ""價值""]",TruthOS seed dataset,motive 動機 MOT_003 補償 金錢選擇中的補償盲點 在金錢選擇中，表面上是在付出，實際上卻被補償推著走，讓對話逐漸失衡。 只要沒有補償，我就不會被需要。 真實動機不必用補償換取位置。 動機 補償 金錢 金錢 價值,2026-06-04T10:25:52.059328+00:00,2026-06-04T10:25:52.059328+00:00,[],dialogue,,
tp_mot_028,motive,MOT_003,健康壓力中的補償盲點,在健康壓力中，表面上是在付出，實際上卻被補償推著走，讓界線變得模糊。,只要沒有補償，我就不會被需要。,真實動機不必用補償換取位置。,如果不靠補償，你還想守護什麼？,"[""動機"", ""補償"", ""健康""]","[""健康"", ""壓力""]",TruthOS seed dataset,motive 動機 MOT_003 補償 健康壓力中的補償盲點 在健康壓力中，表面上是在付出，實際上卻被補償推著走，讓界線變得模糊。 只要沒有補償，我就不會被需要。 真實動機不必用補償換取位置。 動機 補償 健康 健康 壓力,2026-06-04T10:25:52.059328+00:00,2026-06-04T10:25:52.059328+00:00,[],dialogue,,
tp_mot_029,motive,MOT_003,創作卡關中的補償盲點,在創作卡關中，表面上是在付出，實際上卻被補償推著走，讓責任位置變得混亂。,只要沒有補償，我就不會被需要。,真實動機不必用補償換取位置。,如果不靠補償，你還想守護什麼？,"[""動機"", ""補償"", ""創作""]","[""創作"", ""表達""]",TruthOS seed dataset,motive 動機 MOT_003 補償 創作卡關中的補償盲點 在創作卡關中，表面上是在付出，實際上卻被補償推著走，讓責任位置變得混亂。 只要沒有補償，我就不會被需要。 真實動機不必用補償換取位置。 動機 補償 創作 創作 表達,2026-06-04T10:25:52.059328+00:00,2026-06-04T10:25:52.059328+00:00,[],dialogue,,
tp_mot_030,motive,MOT_003,靈性實踐中的補償盲點,在靈性實踐中，表面上是在付出，實際上卻被補償推著走，使真正的需求被遮住。,只要沒有補償，我就不會被需要。,真實動機不必用補償換取位置。,如果不靠補償，你還想守護什麼？,"[""動機"", ""補償"", ""靈性""]","[""靈性"", ""自我觀察""]",TruthOS seed dataset,motive 動機 MOT_003 補償 靈性實踐中的補償盲點 在靈性實踐中，表面上是在付出，實際上卻被補償推著走，使真正的需求被遮住。 只要沒有補償，我就不會被需要。 真實動機不必用補償換取位置。 動機 補償 靈性 靈性 自我觀察,2026-06-04T10:25:52.059328+00:00,2026-06-04T10:25:52.059328+00:00,[],dialogue,,
tp_mot_031,motive,MOT_003,重大失落中的補償盲點,在重大失落中，表面上是在付出，實際上卻被補償推著走，讓反饋失去作用。,只要沒有補償，我就不會被需要。,真實動機不必用補償換取位置。,如果不靠補償，你還想守護什麼？,"[""動機"", ""補償"", ""失落""]","[""失落"", ""轉化""]",TruthOS seed dataset,motive 動機 MOT_003 補償 重大失落中的補償盲點 在重大失落中，表面上是在付出，實際上卻被補償推著走，讓反饋失去作用。 只要沒有補償，我就不會被需要。 真實動機不必用補償換取位置。 動機 補償 失落 失落 轉化,2026-06-04T10:25:52.059328+00:00,2026-06-04T10:25:52.059328+00:00,[],dialogue,,
tp_mot_032,motive,MOT_003,教養現場中的補償盲點,在教養現場中，表面上是在付出，實際上卻被補償推著走，讓信任開始鬆動。,只要沒有補償，我就不會被需要。,真實動機不必用補償換取位置。,如果不靠補償，你還想守護什麼？,"[""動機"", ""補償"", ""教養""]","[""親子"", ""教養""]",TruthOS seed dataset,motive 動機 MOT_003 補償 教養現場中的補償盲點 在教養現場中，表面上是在付出，實際上卻被補償推著走，讓信任開始鬆動。 只要沒有補償，我就不會被需要。 真實動機不必用補償換取位置。 動機 補償 教養 親子 教養,2026-06-04T10:25:52.059328+00:00,2026-06-04T10:25:52.059328+00:00,[],dialogue,,
tp_mot_033,motive,MOT_003,團隊回饋中的補償盲點,在團隊回饋中，表面上是在付出，實際上卻被補償推著走，讓決定越來越僵硬。,只要沒有補償，我就不會被需要。,真實動機不必用補償換取位置。,如果不靠補償，你還想守護什麼？,"[""動機"", ""補償"", ""回饋""]","[""團隊"", ""回饋""]",TruthOS seed dataset,motive 動機 MOT_003 補償 團隊回饋中的補償盲點 在團隊回饋中，表面上是在付出，實際上卻被補償推著走，讓決定越來越僵硬。 只要沒有補償，我就不會被需要。 真實動機不必用補償換取位置。 動機 補償 回饋 團隊 回饋,2026-06-04T10:25:52.059328+00:00,2026-06-04T10:25:52.059328+00:00,[],dialogue,,
tp_mot_034,motive,MOT_003,社群曝光中的補償盲點,在社群曝光中，表面上是在付出，實際上卻被補償推著走，讓內在更難安定。,只要沒有補償，我就不會被需要。,真實動機不必用補償換取位置。,如果不靠補償，你還想守護什麼？,"[""動機"", ""補償"", ""社群""]","[""社群"", ""自我價值""]",TruthOS seed dataset,motive 動機 MOT_003 補償 社群曝光中的補償盲點 在社群曝光中，表面上是在付出，實際上卻被補償推著走，讓內在更難安定。 只要沒有補償，我就不會被需要。 真實動機不必用補償換取位置。 動機 補償 社群 社群 自我價值,2026-06-04T10:25:52.059328+00:00,2026-06-04T10:25:52.059328+00:00,[],dialogue,,
tp_mot_035,motive,MOT_004,領導決策中的炫耀盲點,在領導決策中，表面上是在付出，實際上卻被炫耀推著走，使互動落入重複循環。,只要沒有炫耀，我就不會被需要。,真實動機不必用炫耀換取位置。,如果不靠炫耀，你還想守護什麼？,"[""動機"", ""炫耀"", ""領導""]","[""領導"", ""決策""]",TruthOS seed dataset,motive 動機 MOT_004 炫耀 領導決策中的炫耀盲點 在領導決策中，表面上是在付出，實際上卻被炫耀推著走，使互動落入重複循環。 只要沒有炫耀，我就不會被需要。 真實動機不必用炫耀換取位置。 動機 炫耀 領導 領導 決策,2026-06-04T10:25:52.059328+00:00,2026-06-04T10:25:52.059328+00:00,[],dialogue,,
tp_mot_036,motive,MOT_004,朋友互動中的炫耀盲點,在朋友互動中，表面上是在付出，實際上卻被炫耀推著走，讓看見真相的空間縮小。,只要沒有炫耀，我就不會被需要。,真實動機不必用炫耀換取位置。,如果不靠炫耀，你還想守護什麼？,"[""動機"", ""炫耀"", ""友誼""]","[""友誼"", ""界線""]",TruthOS seed dataset,motive 動機 MOT_004 炫耀 朋友互動中的炫耀盲點 在朋友互動中，表面上是在付出，實際上卻被炫耀推著走，讓看見真相的空間縮小。 只要沒有炫耀，我就不會被需要。 真實動機不必用炫耀換取位置。 動機 炫耀 友誼 友誼 界線,2026-06-04T10:25:52.059328+00:00,2026-06-04T10:25:52.059328+00:00,[],dialogue,,
tp_mot_037,motive,MOT_004,金錢選擇中的炫耀盲點,在金錢選擇中，表面上是在付出，實際上卻被炫耀推著走，讓支持變成壓力。,只要沒有炫耀，我就不會被需要。,真實動機不必用炫耀換取位置。,如果不靠炫耀，你還想守護什麼？,"[""動機"", ""炫耀"", ""金錢""]","[""金錢"", ""價值""]",TruthOS seed dataset,motive 動機 MOT_004 炫耀 金錢選擇中的炫耀盲點 在金錢選擇中，表面上是在付出，實際上卻被炫耀推著走，讓支持變成壓力。 只要沒有炫耀，我就不會被需要。 真實動機不必用炫耀換取位置。 動機 炫耀 金錢 金錢 價值,2026-06-04T10:25:52.059328+00:00,2026-06-04T10:25:52.059328+00:00,[],dialogue,,
tp_mot_038,motive,MOT_004,健康壓力中的炫耀盲點,在健康壓力中，表面上是在付出，實際上卻被炫耀推著走，讓改變停在表面。,只要沒有炫耀，我就不會被需要。,真實動機不必用炫耀換取位置。,如果不靠炫耀，你還想守護什麼？,"[""動機"", ""炫耀"", ""健康""]","[""健康"", ""壓力""]",TruthOS seed dataset,motive 動機 MOT_004 炫耀 健康壓力中的炫耀盲點 在健康壓力中，表面上是在付出，實際上卻被炫耀推著走，讓改變停在表面。 只要沒有炫耀，我就不會被需要。 真實動機不必用炫耀換取位置。 動機 炫耀 健康 健康 壓力,2026-06-04T10:25:52.059328+00:00,2026-06-04T10:25:52.059328+00:00,[],dialogue,,
tp_mot_039,motive,MOT_004,創作卡關中的炫耀盲點,在創作卡關中，表面上是在付出，實際上卻被炫耀推著走，讓資源交換變得扭曲。,只要沒有炫耀，我就不會被需要。,真實動機不必用炫耀換取位置。,如果不靠炫耀，你還想守護什麼？,"[""動機"", ""炫耀"", ""創作""]","[""創作"", ""表達""]",TruthOS seed dataset,motive 動機 MOT_004 炫耀 創作卡關中的炫耀盲點 在創作卡關中，表面上是在付出，實際上卻被炫耀推著走，讓資源交換變得扭曲。 只要沒有炫耀，我就不會被需要。 真實動機不必用炫耀換取位置。 動機 炫耀 創作 創作 表達,2026-06-04T10:25:52.059328+00:00,2026-06-04T10:25:52.059328+00:00,[],dialogue,,
tp_mot_040,motive,MOT_004,靈性實踐中的炫耀盲點,在靈性實踐中，表面上是在付出，實際上卻被炫耀推著走，讓對話逐漸失衡。,只要沒有炫耀，我就不會被需要。,真實動機不必用炫耀換取位置。,如果不靠炫耀，你還想守護什麼？,"[""動機"", ""炫耀"", ""靈性""]","[""靈性"", ""自我觀察""]",TruthOS seed dataset,motive 動機 MOT_004 炫耀 靈性實踐中的炫耀盲點 在靈性實踐中，表面上是在付出，實際上卻被炫耀推著走，讓對話逐漸失衡。 只要沒有炫耀，我就不會被需要。 真實動機不必用炫耀換取位置。 動機 炫耀 靈性 靈性 自我觀察,2026-06-04T10:25:52.059328+00:00,2026-06-04T10:25:52.059328+00:00,[],dialogue,,
tp_mot_041,motive,MOT_004,重大失落中的炫耀盲點,在重大失落中，表面上是在付出，實際上卻被炫耀推著走，讓界線變得模糊。,只要沒有炫耀，我就不會被需要。,真實動機不必用炫耀換取位置。,如果不靠炫耀，你還想守護什麼？,"[""動機"", ""炫耀"", ""失落""]","[""失落"", ""轉化""]",TruthOS seed dataset,motive 動機 MOT_004 炫耀 重大失落中的炫耀盲點 在重大失落中，表面上是在付出，實際上卻被炫耀推著走，讓界線變得模糊。 只要沒有炫耀，我就不會被需要。 真實動機不必用炫耀換取位置。 動機 炫耀 失落 失落 轉化,2026-06-04T10:25:52.059328+00:00,2026-06-04T10:25:52.059328+00:00,[],dialogue,,
tp_mot_042,motive,MOT_004,教養現場中的炫耀盲點,在教養現場中，表面上是在付出，實際上卻被炫耀推著走，讓責任位置變得混亂。,只要沒有炫耀，我就不會被需要。,真實動機不必用炫耀換取位置。,如果不靠炫耀，你還想守護什麼？,"[""動機"", ""炫耀"", ""教養""]","[""親子"", ""教養""]",TruthOS seed dataset,motive 動機 MOT_004 炫耀 教養現場中的炫耀盲點 在教養現場中，表面上是在付出，實際上卻被炫耀推著走，讓責任位置變得混亂。 只要沒有炫耀，我就不會被需要。 真實動機不必用炫耀換取位置。 動機 炫耀 教養 親子 教養,2026-06-04T10:25:52.059328+00:00,2026-06-04T10:25:52.059328+00:00,[],dialogue,,
tp_mot_043,motive,MOT_004,團隊回饋中的炫耀盲點,在團隊回饋中，表面上是在付出，實際上卻被炫耀推著走，使真正的需求被遮住。,只要沒有炫耀，我就不會被需要。,真實動機不必用炫耀換取位置。,如果不靠炫耀，你還想守護什麼？,"[""動機"", ""炫耀"", ""回饋""]","[""團隊"", ""回饋""]",TruthOS seed dataset,motive 動機 MOT_004 炫耀 團隊回饋中的炫耀盲點 在團隊回饋中，表面上是在付出，實際上卻被炫耀推著走，使真正的需求被遮住。 只要沒有炫耀，我就不會被需要。 真實動機不必用炫耀換取位置。 動機 炫耀 回饋 團隊 回饋,2026-06-04T10:25:52.059328+00:00,2026-06-04T10:25:52.059328+00:00,[],dialogue,,
tp_mot_044,motive,MOT_004,社群曝光中的炫耀盲點,在社群曝光中，表面上是在付出，實際上卻被炫耀推著走，讓反饋失去作用。,只要沒有炫耀，我就不會被需要。,真實動機不必用炫耀換取位置。,如果不靠炫耀，你還想守護什麼？,"[""動機"", ""炫耀"", ""社群""]","[""社群"", ""自我價值""]",TruthOS seed dataset,motive 動機 MOT_004 炫耀 社群曝光中的炫耀盲點 在社群曝光中，表面上是在付出，實際上卻被炫耀推著走，讓反饋失去作用。 只要沒有炫耀，我就不會被需要。 真實動機不必用炫耀換取位置。 動機 炫耀 社群 社群 自我價值,2026-06-04T10:25:52.059328+00:00,2026-06-04T10:25:52.059328+00:00,[],dialogue,,
tp_mot_045,motive,MOT_004,家庭對話中的炫耀盲點,在家庭對話中，表面上是在付出，實際上卻被炫耀推著走，讓信任開始鬆動。,只要沒有炫耀，我就不會被需要。,真實動機不必用炫耀換取位置。,如果不靠炫耀，你還想守護什麼？,"[""動機"", ""炫耀"", ""家庭""]","[""家庭"", ""親子""]",TruthOS seed dataset,motive 動機 MOT_004 炫耀 家庭對話中的炫耀盲點 在家庭對話中，表面上是在付出，實際上卻被炫耀推著走，讓信任開始鬆動。 只要沒有炫耀，我就不會被需要。 真實動機不必用炫耀換取位置。 動機 炫耀 家庭 家庭 親子,2026-06-04T10:25:52.059328+00:00,2026-06-04T10:25:52.059328+00:00,[],dialogue,,
tp_mot_046,motive,MOT_005,朋友互動中的恐懼盲點,在朋友互動中，表面上是在付出，實際上卻被恐懼推著走，讓決定越來越僵硬。,只要沒有恐懼，我就不會被需要。,真實動機不必用恐懼換取位置。,如果不靠恐懼，你還想守護什麼？,"[""動機"", ""恐懼"", ""友誼""]","[""友誼"", ""界線""]",TruthOS seed dataset,motive 動機 MOT_005 恐懼 朋友互動中的恐懼盲點 在朋友互動中，表面上是在付出，實際上卻被恐懼推著走，讓決定越來越僵硬。 只要沒有恐懼，我就不會被需要。 真實動機不必用恐懼換取位置。 動機 恐懼 友誼 友誼 界線,2026-06-04T10:25:52.059328+00:00,2026-06-04T10:25:52.059328+00:00,[],dialogue,,
tp_mot_047,motive,MOT_005,金錢選擇中的恐懼盲點,在金錢選擇中，表面上是在付出，實際上卻被恐懼推著走，讓內在更難安定。,只要沒有恐懼，我就不會被需要。,真實動機不必用恐懼換取位置。,如果不靠恐懼，你還想守護什麼？,"[""動機"", ""恐懼"", ""金錢""]","[""金錢"", ""價值""]",TruthOS seed dataset,motive 動機 MOT_005 恐懼 金錢選擇中的恐懼盲點 在金錢選擇中，表面上是在付出，實際上卻被恐懼推著走，讓內在更難安定。 只要沒有恐懼，我就不會被需要。 真實動機不必用恐懼換取位置。 動機 恐懼 金錢 金錢 價值,2026-06-04T10:25:52.059328+00:00,2026-06-04T10:25:52.059328+00:00,[],dialogue,,
tp_mot_048,motive,MOT_005,健康壓力中的恐懼盲點,在健康壓力中，表面上是在付出，實際上卻被恐懼推著走，使互動落入重複循環。,只要沒有恐懼，我就不會被需要。,真實動機不必用恐懼換取位置。,如果不靠恐懼，你還想守護什麼？,"[""動機"", ""恐懼"", ""健康""]","[""健康"", ""壓力""]",TruthOS seed dataset,motive 動機 MOT_005 恐懼 健康壓力中的恐懼盲點 在健康壓力中，表面上是在付出，實際上卻被恐懼推著走，使互動落入重複循環。 只要沒有恐懼，我就不會被需要。 真實動機不必用恐懼換取位置。 動機 恐懼 健康 健康 壓力,2026-06-04T10:25:52.059328+00:00,2026-06-04T10:25:52.059328+00:00,[],dialogue,,
tp_mot_049,motive,MOT_005,創作卡關中的恐懼盲點,在創作卡關中，表面上是在付出，實際上卻被恐懼推著走，讓看見真相的空間縮小。,只要沒有恐懼，我就不會被需要。,真實動機不必用恐懼換取位置。,如果不靠恐懼，你還想守護什麼？,"[""動機"", ""恐懼"", ""創作""]","[""創作"", ""表達""]",TruthOS seed dataset,motive 動機 MOT_005 恐懼 創作卡關中的恐懼盲點 在創作卡關中，表面上是在付出，實際上卻被恐懼推著走，讓看見真相的空間縮小。 只要沒有恐懼，我就不會被需要。 真實動機不必用恐懼換取位置。 動機 恐懼 創作 創作 表達,2026-06-04T10:25:52.059328+00:00,2026-06-04T10:25:52.059328+00:00,[],dialogue,,
tp_mot_050,motive,MOT_005,靈性實踐中的恐懼盲點,在靈性實踐中，表面上是在付出，實際上卻被恐懼推著走，讓支持變成壓力。,只要沒有恐懼，我就不會被需要。,真實動機不必用恐懼換取位置。,如果不靠恐懼，你還想守護什麼？,"[""動機"", ""恐懼"", ""靈性""]","[""靈性"", ""自我觀察""]",TruthOS seed dataset,motive 動機 MOT_005 恐懼 靈性實踐中的恐懼盲點 在靈性實踐中，表面上是在付出，實際上卻被恐懼推著走，讓支持變成壓力。 只要沒有恐懼，我就不會被需要。 真實動機不必用恐懼換取位置。 動機 恐懼 靈性 靈性 自我觀察,2026-06-04T10:25:52.059328+00:00,2026-06-04T10:25:52.059328+00:00,[],dialogue,,
tp_mot_051,motive,MOT_005,重大失落中的恐懼盲點,在重大失落中，表面上是在付出，實際上卻被恐懼推著走，讓改變停在表面。,只要沒有恐懼，我就不會被需要。,真實動機不必用恐懼換取位置。,如果不靠恐懼，你還想守護什麼？,"[""動機"", ""恐懼"", ""失落""]","[""失落"", ""轉化""]",TruthOS seed dataset,motive 動機 MOT_005 恐懼 重大失落中的恐懼盲點 在重大失落中，表面上是在付出，實際上卻被恐懼推著走，讓改變停在表面。 只要沒有恐懼，我就不會被需要。 真實動機不必用恐懼換取位置。 動機 恐懼 失落 失落 轉化,2026-06-04T10:25:52.059328+00:00,2026-06-04T10:25:52.059328+00:00,[],dialogue,,
tp_mot_052,motive,MOT_005,教養現場中的恐懼盲點,在教養現場中，表面上是在付出，實際上卻被恐懼推著走，讓資源交換變得扭曲。,只要沒有恐懼，我就不會被需要。,真實動機不必用恐懼換取位置。,如果不靠恐懼，你還想守護什麼？,"[""動機"", ""恐懼"", ""教養""]","[""親子"", ""教養""]",TruthOS seed dataset,motive 動機 MOT_005 恐懼 教養現場中的恐懼盲點 在教養現場中，表面上是在付出，實際上卻被恐懼推著走，讓資源交換變得扭曲。 只要沒有恐懼，我就不會被需要。 真實動機不必用恐懼換取位置。 動機 恐懼 教養 親子 教養,2026-06-04T10:25:52.059328+00:00,2026-06-04T10:25:52.059328+00:00,[],dialogue,,
tp_mot_053,motive,MOT_005,團隊回饋中的恐懼盲點,在團隊回饋中，表面上是在付出，實際上卻被恐懼推著走，讓對話逐漸失衡。,只要沒有恐懼，我就不會被需要。,真實動機不必用恐懼換取位置。,如果不靠恐懼，你還想守護什麼？,"[""動機"", ""恐懼"", ""回饋""]","[""團隊"", ""回饋""]",TruthOS seed dataset,motive 動機 MOT_005 恐懼 團隊回饋中的恐懼盲點 在團隊回饋中，表面上是在付出，實際上卻被恐懼推著走，讓對話逐漸失衡。 只要沒有恐懼，我就不會被需要。 真實動機不必用恐懼換取位置。 動機 恐懼 回饋 團隊 回饋,2026-06-04T10:25:52.059328+00:00,2026-06-04T10:25:52.059328+00:00,[],dialogue,,
tp_mot_054,motive,MOT_005,社群曝光中的恐懼盲點,在社群曝光中，表面上是在付出，實際上卻被恐懼推著走，讓界線變得模糊。,只要沒有恐懼，我就不會被需要。,真實動機不必用恐懼換取位置。,如果不靠恐懼，你還想守護什麼？,"[""動機"", ""恐懼"", ""社群""]","[""社群"", ""自我價值""]",TruthOS seed dataset,motive 動機 MOT_005 恐懼 社群曝光中的恐懼盲點 在社群曝光中，表面上是在付出，實際上卻被恐懼推著走，讓界線變得模糊。 只要沒有恐懼，我就不會被需要。 真實動機不必用恐懼換取位置。 動機 恐懼 社群 社群 自我價值,2026-06-04T10:25:52.059328+00:00,2026-06-04T10:25:52.059328+00:00,[],dialogue,,
tp_mot_055,motive,MOT_005,家庭對話中的恐懼盲點,在家庭對話中，表面上是在付出，實際上卻被恐懼推著走，讓責任位置變得混亂。,只要沒有恐懼，我就不會被需要。,真實動機不必用恐懼換取位置。,如果不靠恐懼，你還想守護什麼？,"[""動機"", ""恐懼"", ""家庭""]","[""家庭"", ""親子""]",TruthOS seed dataset,motive 動機 MOT_005 恐懼 家庭對話中的恐懼盲點 在家庭對話中，表面上是在付出，實際上卻被恐懼推著走，讓責任位置變得混亂。 只要沒有恐懼，我就不會被需要。 真實動機不必用恐懼換取位置。 動機 恐懼 家庭 家庭 親子,2026-06-04T10:25:52.059328+00:00,2026-06-04T10:25:52.059328+00:00,[],dialogue,,
tp_mot_056,motive,MOT_005,伴侶衝突中的恐懼盲點,在伴侶衝突中，表面上是在付出，實際上卻被恐懼推著走，使真正的需求被遮住。,只要沒有恐懼，我就不會被需要。,真實動機不必用恐懼換取位置。,如果不靠恐懼，你還想守護什麼？,"[""動機"", ""恐懼"", ""伴侶""]","[""伴侶"", ""界線""]",TruthOS seed dataset,motive 動機 MOT_005 恐懼 伴侶衝突中的恐懼盲點 在伴侶衝突中，表面上是在付出，實際上卻被恐懼推著走，使真正的需求被遮住。 只要沒有恐懼，我就不會被需要。 真實動機不必用恐懼換取位置。 動機 恐懼 伴侶 伴侶 界線,2026-06-04T10:25:52.059328+00:00,2026-06-04T10:25:52.059328+00:00,[],dialogue,,
tp_mot_057,motive,MOT_006,金錢選擇中的控制盲點,在金錢選擇中，表面上是在付出，實際上卻被控制推著走，讓反饋失去作用。,只要沒有控制，我就不會被需要。,真實動機不必用控制換取位置。,如果不靠控制，你還想守護什麼？,"[""動機"", ""控制"", ""金錢""]","[""金錢"", ""價值""]",TruthOS seed dataset,motive 動機 MOT_006 控制 金錢選擇中的控制盲點 在金錢選擇中，表面上是在付出，實際上卻被控制推著走，讓反饋失去作用。 只要沒有控制，我就不會被需要。 真實動機不必用控制換取位置。 動機 控制 金錢 金錢 價值,2026-06-04T10:25:52.059328+00:00,2026-06-04T10:25:52.059328+00:00,[],dialogue,,
tp_mot_058,motive,MOT_006,健康壓力中的控制盲點,在健康壓力中，表面上是在付出，實際上卻被控制推著走，讓信任開始鬆動。,只要沒有控制，我就不會被需要。,真實動機不必用控制換取位置。,如果不靠控制，你還想守護什麼？,"[""動機"", ""控制"", ""健康""]","[""健康"", ""壓力""]",TruthOS seed dataset,motive 動機 MOT_006 控制 健康壓力中的控制盲點 在健康壓力中，表面上是在付出，實際上卻被控制推著走，讓信任開始鬆動。 只要沒有控制，我就不會被需要。 真實動機不必用控制換取位置。 動機 控制 健康 健康 壓力,2026-06-04T10:25:52.059328+00:00,2026-06-04T10:25:52.059328+00:00,[],dialogue,,
tp_mot_059,motive,MOT_006,創作卡關中的控制盲點,在創作卡關中，表面上是在付出，實際上卻被控制推著走，讓決定越來越僵硬。,只要沒有控制，我就不會被需要。,真實動機不必用控制換取位置。,如果不靠控制，你還想守護什麼？,"[""動機"", ""控制"", ""創作""]","[""創作"", ""表達""]",TruthOS seed dataset,motive 動機 MOT_006 控制 創作卡關中的控制盲點 在創作卡關中，表面上是在付出，實際上卻被控制推著走，讓決定越來越僵硬。 只要沒有控制，我就不會被需要。 真實動機不必用控制換取位置。 動機 控制 創作 創作 表達,2026-06-04T10:25:52.059328+00:00,2026-06-04T10:25:52.059328+00:00,[],dialogue,,
tp_mot_060,motive,MOT_006,靈性實踐中的控制盲點,在靈性實踐中，表面上是在付出，實際上卻被控制推著走，讓內在更難安定。,只要沒有控制，我就不會被需要。,真實動機不必用控制換取位置。,如果不靠控制，你還想守護什麼？,"[""動機"", ""控制"", ""靈性""]","[""靈性"", ""自我觀察""]",TruthOS seed dataset,motive 動機 MOT_006 控制 靈性實踐中的控制盲點 在靈性實踐中，表面上是在付出，實際上卻被控制推著走，讓內在更難安定。 只要沒有控制，我就不會被需要。 真實動機不必用控制換取位置。 動機 控制 靈性 靈性 自我觀察,2026-06-04T10:25:52.059328+00:00,2026-06-04T10:25:52.059328+00:00,[],dialogue,,
tp_mot_061,motive,MOT_006,重大失落中的控制盲點,在重大失落中，表面上是在付出，實際上卻被控制推著走，使互動落入重複循環。,只要沒有控制，我就不會被需要。,真實動機不必用控制換取位置。,如果不靠控制，你還想守護什麼？,"[""動機"", ""控制"", ""失落""]","[""失落"", ""轉化""]",TruthOS seed dataset,motive 動機 MOT_006 控制 重大失落中的控制盲點 在重大失落中，表面上是在付出，實際上卻被控制推著走，使互動落入重複循環。 只要沒有控制，我就不會被需要。 真實動機不必用控制換取位置。 動機 控制 失落 失落 轉化,2026-06-04T10:25:52.059328+00:00,2026-06-04T10:25:52.059328+00:00,[],dialogue,,
tp_mot_062,motive,MOT_006,教養現場中的控制盲點,在教養現場中，表面上是在付出，實際上卻被控制推著走，讓看見真相的空間縮小。,只要沒有控制，我就不會被需要。,真實動機不必用控制換取位置。,如果不靠控制，你還想守護什麼？,"[""動機"", ""控制"", ""教養""]","[""親子"", ""教養""]",TruthOS seed dataset,motive 動機 MOT_006 控制 教養現場中的控制盲點 在教養現場中，表面上是在付出，實際上卻被控制推著走，讓看見真相的空間縮小。 只要沒有控制，我就不會被需要。 真實動機不必用控制換取位置。 動機 控制 教養 親子 教養,2026-06-04T10:25:52.059328+00:00,2026-06-04T10:25:52.059328+00:00,[],dialogue,,
tp_mot_063,motive,MOT_006,團隊回饋中的控制盲點,在團隊回饋中，表面上是在付出，實際上卻被控制推著走，讓支持變成壓力。,只要沒有控制，我就不會被需要。,真實動機不必用控制換取位置。,如果不靠控制，你還想守護什麼？,"[""動機"", ""控制"", ""回饋""]","[""團隊"", ""回饋""]",TruthOS seed dataset,motive 動機 MOT_006 控制 團隊回饋中的控制盲點 在團隊回饋中，表面上是在付出，實際上卻被控制推著走，讓支持變成壓力。 只要沒有控制，我就不會被需要。 真實動機不必用控制換取位置。 動機 控制 回饋 團隊 回饋,2026-06-04T10:25:52.059328+00:00,2026-06-04T10:25:52.059328+00:00,[],dialogue,,
tp_mot_064,motive,MOT_006,社群曝光中的控制盲點,在社群曝光中，表面上是在付出，實際上卻被控制推著走，讓改變停在表面。,只要沒有控制，我就不會被需要。,真實動機不必用控制換取位置。,如果不靠控制，你還想守護什麼？,"[""動機"", ""控制"", ""社群""]","[""社群"", ""自我價值""]",TruthOS seed dataset,motive 動機 MOT_006 控制 社群曝光中的控制盲點 在社群曝光中，表面上是在付出，實際上卻被控制推著走，讓改變停在表面。 只要沒有控制，我就不會被需要。 真實動機不必用控制換取位置。 動機 控制 社群 社群 自我價值,2026-06-04T10:25:52.059328+00:00,2026-06-04T10:25:52.059328+00:00,[],dialogue,,
tp_mot_065,motive,MOT_006,家庭對話中的控制盲點,在家庭對話中，表面上是在付出，實際上卻被控制推著走，讓資源交換變得扭曲。,只要沒有控制，我就不會被需要。,真實動機不必用控制換取位置。,如果不靠控制，你還想守護什麼？,"[""動機"", ""控制"", ""家庭""]","[""家庭"", ""親子""]",TruthOS seed dataset,motive 動機 MOT_006 控制 家庭對話中的控制盲點 在家庭對話中，表面上是在付出，實際上卻被控制推著走，讓資源交換變得扭曲。 只要沒有控制，我就不會被需要。 真實動機不必用控制換取位置。 動機 控制 家庭 家庭 親子,2026-06-04T10:25:52.059328+00:00,2026-06-04T10:25:52.059328+00:00,[],dialogue,,
tp_mot_066,motive,MOT_006,伴侶衝突中的控制盲點,在伴侶衝突中，表面上是在付出，實際上卻被控制推著走，讓對話逐漸失衡。,只要沒有控制，我就不會被需要。,真實動機不必用控制換取位置。,如果不靠控制，你還想守護什麼？,"[""動機"", ""控制"", ""伴侶""]","[""伴侶"", ""界線""]",TruthOS seed dataset,motive 動機 MOT_006 控制 伴侶衝突中的控制盲點 在伴侶衝突中，表面上是在付出，實際上卻被控制推著走，讓對話逐漸失衡。 只要沒有控制，我就不會被需要。 真實動機不必用控制換取位置。 動機 控制 伴侶 伴侶 界線,2026-06-04T10:25:52.059328+00:00,2026-06-04T10:25:52.059328+00:00,[],dialogue,,
tp_mot_067,motive,MOT_006,職場協作中的控制盲點,在職場協作中，表面上是在付出，實際上卻被控制推著走，讓界線變得模糊。,只要沒有控制，我就不會被需要。,真實動機不必用控制換取位置。,如果不靠控制，你還想守護什麼？,"[""動機"", ""控制"", ""職場""]","[""工作"", ""團隊""]",TruthOS seed dataset,motive 動機 MOT_006 控制 職場協作中的控制盲點 在職場協作中，表面上是在付出，實際上卻被控制推著走，讓界線變得模糊。 只要沒有控制，我就不會被需要。 真實動機不必用控制換取位置。 動機 控制 職場 工作 團隊,2026-06-04T10:25:52.059328+00:00,2026-06-04T10:25:52.059328+00:00,[],dialogue,,
tp_mot_068,motive,MOT_007,健康壓力中的匱乏盲點,在健康壓力中，表面上是在付出，實際上卻被匱乏推著走，讓責任位置變得混亂。,只要沒有匱乏，我就不會被需要。,真實動機不必用匱乏換取位置。,如果不靠匱乏，你還想守護什麼？,"[""動機"", ""匱乏"", ""健康""]","[""健康"", ""壓力""]",TruthOS seed dataset,motive 動機 MOT_007 匱乏 健康壓力中的匱乏盲點 在健康壓力中，表面上是在付出，實際上卻被匱乏推著走，讓責任位置變得混亂。 只要沒有匱乏，我就不會被需要。 真實動機不必用匱乏換取位置。 動機 匱乏 健康 健康 壓力,2026-06-04T10:25:52.059328+00:00,2026-06-04T10:25:52.059328+00:00,[],dialogue,,
tp_mot_069,motive,MOT_007,創作卡關中的匱乏盲點,在創作卡關中，表面上是在付出，實際上卻被匱乏推著走，使真正的需求被遮住。,只要沒有匱乏，我就不會被需要。,真實動機不必用匱乏換取位置。,如果不靠匱乏，你還想守護什麼？,"[""動機"", ""匱乏"", ""創作""]","[""創作"", ""表達""]",TruthOS seed dataset,motive 動機 MOT_007 匱乏 創作卡關中的匱乏盲點 在創作卡關中，表面上是在付出，實際上卻被匱乏推著走，使真正的需求被遮住。 只要沒有匱乏，我就不會被需要。 真實動機不必用匱乏換取位置。 動機 匱乏 創作 創作 表達,2026-06-04T10:25:52.059328+00:00,2026-06-04T10:25:52.059328+00:00,[],dialogue,,
tp_mot_070,motive,MOT_007,靈性實踐中的匱乏盲點,在靈性實踐中，表面上是在付出，實際上卻被匱乏推著走，讓反饋失去作用。,只要沒有匱乏，我就不會被需要。,真實動機不必用匱乏換取位置。,如果不靠匱乏，你還想守護什麼？,"[""動機"", ""匱乏"", ""靈性""]","[""靈性"", ""自我觀察""]",TruthOS seed dataset,motive 動機 MOT_007 匱乏 靈性實踐中的匱乏盲點 在靈性實踐中，表面上是在付出，實際上卻被匱乏推著走，讓反饋失去作用。 只要沒有匱乏，我就不會被需要。 真實動機不必用匱乏換取位置。 動機 匱乏 靈性 靈性 自我觀察,2026-06-04T10:25:52.059328+00:00,2026-06-04T10:25:52.059328+00:00,[],dialogue,,
tp_mot_071,motive,MOT_007,重大失落中的匱乏盲點,在重大失落中，表面上是在付出，實際上卻被匱乏推著走，讓信任開始鬆動。,只要沒有匱乏，我就不會被需要。,真實動機不必用匱乏換取位置。,如果不靠匱乏，你還想守護什麼？,"[""動機"", ""匱乏"", ""失落""]","[""失落"", ""轉化""]",TruthOS seed dataset,motive 動機 MOT_007 匱乏 重大失落中的匱乏盲點 在重大失落中，表面上是在付出，實際上卻被匱乏推著走，讓信任開始鬆動。 只要沒有匱乏，我就不會被需要。 真實動機不必用匱乏換取位置。 動機 匱乏 失落 失落 轉化,2026-06-04T10:25:52.059328+00:00,2026-06-04T10:25:52.059328+00:00,[],dialogue,,
tp_mot_072,motive,MOT_007,教養現場中的匱乏盲點,在教養現場中，表面上是在付出，實際上卻被匱乏推著走，讓決定越來越僵硬。,只要沒有匱乏，我就不會被需要。,真實動機不必用匱乏換取位置。,如果不靠匱乏，你還想守護什麼？,"[""動機"", ""匱乏"", ""教養""]","[""親子"", ""教養""]",TruthOS seed dataset,motive 動機 MOT_007 匱乏 教養現場中的匱乏盲點 在教養現場中，表面上是在付出，實際上卻被匱乏推著走，讓決定越來越僵硬。 只要沒有匱乏，我就不會被需要。 真實動機不必用匱乏換取位置。 動機 匱乏 教養 親子 教養,2026-06-04T10:25:52.059328+00:00,2026-06-04T10:25:52.059328+00:00,[],dialogue,,
tp_mot_073,motive,MOT_007,團隊回饋中的匱乏盲點,在團隊回饋中，表面上是在付出，實際上卻被匱乏推著走，讓內在更難安定。,只要沒有匱乏，我就不會被需要。,真實動機不必用匱乏換取位置。,如果不靠匱乏，你還想守護什麼？,"[""動機"", ""匱乏"", ""回饋""]","[""團隊"", ""回饋""]",TruthOS seed dataset,motive 動機 MOT_007 匱乏 團隊回饋中的匱乏盲點 在團隊回饋中，表面上是在付出，實際上卻被匱乏推著走，讓內在更難安定。 只要沒有匱乏，我就不會被需要。 真實動機不必用匱乏換取位置。 動機 匱乏 回饋 團隊 回饋,2026-06-04T10:25:52.059328+00:00,2026-06-04T10:25:52.059328+00:00,[],dialogue,,
tp_mot_074,motive,MOT_007,社群曝光中的匱乏盲點,在社群曝光中，表面上是在付出，實際上卻被匱乏推著走，使互動落入重複循環。,只要沒有匱乏，我就不會被需要。,真實動機不必用匱乏換取位置。,如果不靠匱乏，你還想守護什麼？,"[""動機"", ""匱乏"", ""社群""]","[""社群"", ""自我價值""]",TruthOS seed dataset,motive 動機 MOT_007 匱乏 社群曝光中的匱乏盲點 在社群曝光中，表面上是在付出，實際上卻被匱乏推著走，使互動落入重複循環。 只要沒有匱乏，我就不會被需要。 真實動機不必用匱乏換取位置。 動機 匱乏 社群 社群 自我價值,2026-06-04T10:25:52.059328+00:00,2026-06-04T10:25:52.059328+00:00,[],dialogue,,
tp_mot_075,motive,MOT_007,家庭對話中的匱乏盲點,在家庭對話中，表面上是在付出，實際上卻被匱乏推著走，讓看見真相的空間縮小。,只要沒有匱乏，我就不會被需要。,真實動機不必用匱乏換取位置。,如果不靠匱乏，你還想守護什麼？,"[""動機"", ""匱乏"", ""家庭""]","[""家庭"", ""親子""]",TruthOS seed dataset,motive 動機 MOT_007 匱乏 家庭對話中的匱乏盲點 在家庭對話中，表面上是在付出，實際上卻被匱乏推著走，讓看見真相的空間縮小。 只要沒有匱乏，我就不會被需要。 真實動機不必用匱乏換取位置。 動機 匱乏 家庭 家庭 親子,2026-06-04T10:25:52.059328+00:00,2026-06-04T10:25:52.059328+00:00,[],dialogue,,
tp_mot_076,motive,MOT_007,伴侶衝突中的匱乏盲點,在伴侶衝突中，表面上是在付出，實際上卻被匱乏推著走，讓支持變成壓力。,只要沒有匱乏，我就不會被需要。,真實動機不必用匱乏換取位置。,如果不靠匱乏，你還想守護什麼？,"[""動機"", ""匱乏"", ""伴侶""]","[""伴侶"", ""界線""]",TruthOS seed dataset,motive 動機 MOT_007 匱乏 伴侶衝突中的匱乏盲點 在伴侶衝突中，表面上是在付出，實際上卻被匱乏推著走，讓支持變成壓力。 只要沒有匱乏，我就不會被需要。 真實動機不必用匱乏換取位置。 動機 匱乏 伴侶 伴侶 界線,2026-06-04T10:25:52.059328+00:00,2026-06-04T10:25:52.059328+00:00,[],dialogue,,
tp_mot_077,motive,MOT_007,職場協作中的匱乏盲點,在職場協作中，表面上是在付出，實際上卻被匱乏推著走，讓改變停在表面。,只要沒有匱乏，我就不會被需要。,真實動機不必用匱乏換取位置。,如果不靠匱乏，你還想守護什麼？,"[""動機"", ""匱乏"", ""職場""]","[""工作"", ""團隊""]",TruthOS seed dataset,motive 動機 MOT_007 匱乏 職場協作中的匱乏盲點 在職場協作中，表面上是在付出，實際上卻被匱乏推著走，讓改變停在表面。 只要沒有匱乏，我就不會被需要。 真實動機不必用匱乏換取位置。 動機 匱乏 職場 工作 團隊,2026-06-04T10:25:52.059328+00:00,2026-06-04T10:25:52.059328+00:00,[],dialogue,,
tp_mot_078,motive,MOT_007,領導決策中的匱乏盲點,在領導決策中，表面上是在付出，實際上卻被匱乏推著走，讓資源交換變得扭曲。,只要沒有匱乏，我就不會被需要。,真實動機不必用匱乏換取位置。,如果不靠匱乏，你還想守護什麼？,"[""動機"", ""匱乏"", ""領導""]","[""領導"", ""決策""]",TruthOS seed dataset,motive 動機 MOT_007 匱乏 領導決策中的匱乏盲點 在領導決策中，表面上是在付出，實際上卻被匱乏推著走，讓資源交換變得扭曲。 只要沒有匱乏，我就不會被需要。 真實動機不必用匱乏換取位置。 動機 匱乏 領導 領導 決策,2026-06-04T10:25:52.059328+00:00,2026-06-04T10:25:52.059328+00:00,[],dialogue,,
tp_mot_079,motive,MOT_008,創作卡關中的罪惡感盲點,在創作卡關中，表面上是在付出，實際上卻被罪惡感推著走，讓對話逐漸失衡。,只要沒有罪惡感，我就不會被需要。,真實動機不必用罪惡感換取位置。,如果不靠罪惡感，你還想守護什麼？,"[""動機"", ""罪惡感"", ""創作""]","[""創作"", ""表達""]",TruthOS seed dataset,motive 動機 MOT_008 罪惡感 創作卡關中的罪惡感盲點 在創作卡關中，表面上是在付出，實際上卻被罪惡感推著走，讓對話逐漸失衡。 只要沒有罪惡感，我就不會被需要。 真實動機不必用罪惡感換取位置。 動機 罪惡感 創作 創作 表達,2026-06-04T10:25:52.059328+00:00,2026-06-04T10:25:52.059328+00:00,[],dialogue,,
tp_mot_080,motive,MOT_008,靈性實踐中的罪惡感盲點,在靈性實踐中，表面上是在付出，實際上卻被罪惡感推著走，讓界線變得模糊。,只要沒有罪惡感，我就不會被需要。,真實動機不必用罪惡感換取位置。,如果不靠罪惡感，你還想守護什麼？,"[""動機"", ""罪惡感"", ""靈性""]","[""靈性"", ""自我觀察""]",TruthOS seed dataset,motive 動機 MOT_008 罪惡感 靈性實踐中的罪惡感盲點 在靈性實踐中，表面上是在付出，實際上卻被罪惡感推著走，讓界線變得模糊。 只要沒有罪惡感，我就不會被需要。 真實動機不必用罪惡感換取位置。 動機 罪惡感 靈性 靈性 自我觀察,2026-06-04T10:25:52.059328+00:00,2026-06-04T10:25:52.059328+00:00,[],dialogue,,
tp_mot_081,motive,MOT_008,重大失落中的罪惡感盲點,在重大失落中，表面上是在付出，實際上卻被罪惡感推著走，讓責任位置變得混亂。,只要沒有罪惡感，我就不會被需要。,真實動機不必用罪惡感換取位置。,如果不靠罪惡感，你還想守護什麼？,"[""動機"", ""罪惡感"", ""失落""]","[""失落"", ""轉化""]",TruthOS seed dataset,motive 動機 MOT_008 罪惡感 重大失落中的罪惡感盲點 在重大失落中，表面上是在付出，實際上卻被罪惡感推著走，讓責任位置變得混亂。 只要沒有罪惡感，我就不會被需要。 真實動機不必用罪惡感換取位置。 動機 罪惡感 失落 失落 轉化,2026-06-04T10:25:52.059328+00:00,2026-06-04T10:25:52.059328+00:00,[],dialogue,,
tp_mot_082,motive,MOT_008,教養現場中的罪惡感盲點,在教養現場中，表面上是在付出，實際上卻被罪惡感推著走，使真正的需求被遮住。,只要沒有罪惡感，我就不會被需要。,真實動機不必用罪惡感換取位置。,如果不靠罪惡感，你還想守護什麼？,"[""動機"", ""罪惡感"", ""教養""]","[""親子"", ""教養""]",TruthOS seed dataset,motive 動機 MOT_008 罪惡感 教養現場中的罪惡感盲點 在教養現場中，表面上是在付出，實際上卻被罪惡感推著走，使真正的需求被遮住。 只要沒有罪惡感，我就不會被需要。 真實動機不必用罪惡感換取位置。 動機 罪惡感 教養 親子 教養,2026-06-04T10:25:52.059328+00:00,2026-06-04T10:25:52.059328+00:00,[],dialogue,,
tp_mot_083,motive,MOT_008,團隊回饋中的罪惡感盲點,在團隊回饋中，表面上是在付出，實際上卻被罪惡感推著走，讓反饋失去作用。,只要沒有罪惡感，我就不會被需要。,真實動機不必用罪惡感換取位置。,如果不靠罪惡感，你還想守護什麼？,"[""動機"", ""罪惡感"", ""回饋""]","[""團隊"", ""回饋""]",TruthOS seed dataset,motive 動機 MOT_008 罪惡感 團隊回饋中的罪惡感盲點 在團隊回饋中，表面上是在付出，實際上卻被罪惡感推著走，讓反饋失去作用。 只要沒有罪惡感，我就不會被需要。 真實動機不必用罪惡感換取位置。 動機 罪惡感 回饋 團隊 回饋,2026-06-04T10:25:52.059328+00:00,2026-06-04T10:25:52.059328+00:00,[],dialogue,,
tp_mot_084,motive,MOT_008,社群曝光中的罪惡感盲點,在社群曝光中，表面上是在付出，實際上卻被罪惡感推著走，讓信任開始鬆動。,只要沒有罪惡感，我就不會被需要。,真實動機不必用罪惡感換取位置。,如果不靠罪惡感，你還想守護什麼？,"[""動機"", ""罪惡感"", ""社群""]","[""社群"", ""自我價值""]",TruthOS seed dataset,motive 動機 MOT_008 罪惡感 社群曝光中的罪惡感盲點 在社群曝光中，表面上是在付出，實際上卻被罪惡感推著走，讓信任開始鬆動。 只要沒有罪惡感，我就不會被需要。 真實動機不必用罪惡感換取位置。 動機 罪惡感 社群 社群 自我價值,2026-06-04T10:25:52.059328+00:00,2026-06-04T10:25:52.059328+00:00,[],dialogue,,
tp_mot_085,motive,MOT_008,家庭對話中的罪惡感盲點,在家庭對話中，表面上是在付出，實際上卻被罪惡感推著走，讓決定越來越僵硬。,只要沒有罪惡感，我就不會被需要。,真實動機不必用罪惡感換取位置。,如果不靠罪惡感，你還想守護什麼？,"[""動機"", ""罪惡感"", ""家庭""]","[""家庭"", ""親子""]",TruthOS seed dataset,motive 動機 MOT_008 罪惡感 家庭對話中的罪惡感盲點 在家庭對話中，表面上是在付出，實際上卻被罪惡感推著走，讓決定越來越僵硬。 只要沒有罪惡感，我就不會被需要。 真實動機不必用罪惡感換取位置。 動機 罪惡感 家庭 家庭 親子,2026-06-04T10:25:52.059328+00:00,2026-06-04T10:25:52.059328+00:00,[],dialogue,,
tp_mot_086,motive,MOT_008,伴侶衝突中的罪惡感盲點,在伴侶衝突中，表面上是在付出，實際上卻被罪惡感推著走，讓內在更難安定。,只要沒有罪惡感，我就不會被需要。,真實動機不必用罪惡感換取位置。,如果不靠罪惡感，你還想守護什麼？,"[""動機"", ""罪惡感"", ""伴侶""]","[""伴侶"", ""界線""]",TruthOS seed dataset,motive 動機 MOT_008 罪惡感 伴侶衝突中的罪惡感盲點 在伴侶衝突中，表面上是在付出，實際上卻被罪惡感推著走，讓內在更難安定。 只要沒有罪惡感，我就不會被需要。 真實動機不必用罪惡感換取位置。 動機 罪惡感 伴侶 伴侶 界線,2026-06-04T10:25:52.059328+00:00,2026-06-04T10:25:52.059328+00:00,[],dialogue,,
tp_mot_087,motive,MOT_008,職場協作中的罪惡感盲點,在職場協作中，表面上是在付出，實際上卻被罪惡感推著走，使互動落入重複循環。,只要沒有罪惡感，我就不會被需要。,真實動機不必用罪惡感換取位置。,如果不靠罪惡感，你還想守護什麼？,"[""動機"", ""罪惡感"", ""職場""]","[""工作"", ""團隊""]",TruthOS seed dataset,motive 動機 MOT_008 罪惡感 職場協作中的罪惡感盲點 在職場協作中，表面上是在付出，實際上卻被罪惡感推著走，使互動落入重複循環。 只要沒有罪惡感，我就不會被需要。 真實動機不必用罪惡感換取位置。 動機 罪惡感 職場 工作 團隊,2026-06-04T10:25:52.059328+00:00,2026-06-04T10:25:52.059328+00:00,[],dialogue,,
tp_mot_088,motive,MOT_008,領導決策中的罪惡感盲點,在領導決策中，表面上是在付出，實際上卻被罪惡感推著走，讓看見真相的空間縮小。,只要沒有罪惡感，我就不會被需要。,真實動機不必用罪惡感換取位置。,如果不靠罪惡感，你還想守護什麼？,"[""動機"", ""罪惡感"", ""領導""]","[""領導"", ""決策""]",TruthOS seed dataset,motive 動機 MOT_008 罪惡感 領導決策中的罪惡感盲點 在領導決策中，表面上是在付出，實際上卻被罪惡感推著走，讓看見真相的空間縮小。 只要沒有罪惡感，我就不會被需要。 真實動機不必用罪惡感換取位置。 動機 罪惡感 領導 領導 決策,2026-06-04T10:25:52.059328+00:00,2026-06-04T10:25:52.059328+00:00,[],dialogue,,
tp_mot_089,motive,MOT_008,朋友互動中的罪惡感盲點,在朋友互動中，表面上是在付出，實際上卻被罪惡感推著走，讓支持變成壓力。,只要沒有罪惡感，我就不會被需要。,真實動機不必用罪惡感換取位置。,如果不靠罪惡感，你還想守護什麼？,"[""動機"", ""罪惡感"", ""友誼""]","[""友誼"", ""界線""]",TruthOS seed dataset,motive 動機 MOT_008 罪惡感 朋友互動中的罪惡感盲點 在朋友互動中，表面上是在付出，實際上卻被罪惡感推著走，讓支持變成壓力。 只要沒有罪惡感，我就不會被需要。 真實動機不必用罪惡感換取位置。 動機 罪惡感 友誼 友誼 界線,2026-06-04T10:25:52.059328+00:00,2026-06-04T10:25:52.059328+00:00,[],dialogue,,
tp_mot_090,motive,MOT_009,靈性實踐中的認可盲點,在靈性實踐中，表面上是在付出，實際上卻被認可推著走，讓改變停在表面。,只要沒有認可，我就不會被需要。,真實動機不必用認可換取位置。,如果不靠認可，你還想守護什麼？,"[""動機"", ""認可"", ""靈性""]","[""靈性"", ""自我觀察""]",TruthOS seed dataset,motive 動機 MOT_009 認可 靈性實踐中的認可盲點 在靈性實踐中，表面上是在付出，實際上卻被認可推著走，讓改變停在表面。 只要沒有認可，我就不會被需要。 真實動機不必用認可換取位置。 動機 認可 靈性 靈性 自我觀察,2026-06-04T10:25:52.059328+00:00,2026-06-04T10:25:52.059328+00:00,[],dialogue,,
tp_mot_091,motive,MOT_009,重大失落中的認可盲點,在重大失落中，表面上是在付出，實際上卻被認可推著走，讓資源交換變得扭曲。,只要沒有認可，我就不會被需要。,真實動機不必用認可換取位置。,如果不靠認可，你還想守護什麼？,"[""動機"", ""認可"", ""失落""]","[""失落"", ""轉化""]",TruthOS seed dataset,motive 動機 MOT_009 認可 重大失落中的認可盲點 在重大失落中，表面上是在付出，實際上卻被認可推著走，讓資源交換變得扭曲。 只要沒有認可，我就不會被需要。 真實動機不必用認可換取位置。 動機 認可 失落 失落 轉化,2026-06-04T10:25:52.059328+00:00,2026-06-04T10:25:52.059328+00:00,[],dialogue,,
tp_mot_092,motive,MOT_009,教養現場中的認可盲點,在教養現場中，表面上是在付出，實際上卻被認可推著走，讓對話逐漸失衡。,只要沒有認可，我就不會被需要。,真實動機不必用認可換取位置。,如果不靠認可，你還想守護什麼？,"[""動機"", ""認可"", ""教養""]","[""親子"", ""教養""]",TruthOS seed dataset,motive 動機 MOT_009 認可 教養現場中的認可盲點 在教養現場中，表面上是在付出，實際上卻被認可推著走，讓對話逐漸失衡。 只要沒有認可，我就不會被需要。 真實動機不必用認可換取位置。 動機 認可 教養 親子 教養,2026-06-04T10:25:52.059328+00:00,2026-06-04T10:25:52.059328+00:00,[],dialogue,,
tp_mot_093,motive,MOT_009,團隊回饋中的認可盲點,在團隊回饋中，表面上是在付出，實際上卻被認可推著走，讓界線變得模糊。,只要沒有認可，我就不會被需要。,真實動機不必用認可換取位置。,如果不靠認可，你還想守護什麼？,"[""動機"", ""認可"", ""回饋""]","[""團隊"", ""回饋""]",TruthOS seed dataset,motive 動機 MOT_009 認可 團隊回饋中的認可盲點 在團隊回饋中，表面上是在付出，實際上卻被認可推著走，讓界線變得模糊。 只要沒有認可，我就不會被需要。 真實動機不必用認可換取位置。 動機 認可 回饋 團隊 回饋,2026-06-04T10:25:52.059328+00:00,2026-06-04T10:25:52.059328+00:00,[],dialogue,,
tp_mot_094,motive,MOT_009,社群曝光中的認可盲點,在社群曝光中，表面上是在付出，實際上卻被認可推著走，讓責任位置變得混亂。,只要沒有認可，我就不會被需要。,真實動機不必用認可換取位置。,如果不靠認可，你還想守護什麼？,"[""動機"", ""認可"", ""社群""]","[""社群"", ""自我價值""]",TruthOS seed dataset,motive 動機 MOT_009 認可 社群曝光中的認可盲點 在社群曝光中，表面上是在付出，實際上卻被認可推著走，讓責任位置變得混亂。 只要沒有認可，我就不會被需要。 真實動機不必用認可換取位置。 動機 認可 社群 社群 自我價值,2026-06-04T10:25:52.059328+00:00,2026-06-04T10:25:52.059328+00:00,[],dialogue,,
tp_mot_095,motive,MOT_009,家庭對話中的認可盲點,在家庭對話中，表面上是在付出，實際上卻被認可推著走，使真正的需求被遮住。,只要沒有認可，我就不會被需要。,真實動機不必用認可換取位置。,如果不靠認可，你還想守護什麼？,"[""動機"", ""認可"", ""家庭""]","[""家庭"", ""親子""]",TruthOS seed dataset,motive 動機 MOT_009 認可 家庭對話中的認可盲點 在家庭對話中，表面上是在付出，實際上卻被認可推著走，使真正的需求被遮住。 只要沒有認可，我就不會被需要。 真實動機不必用認可換取位置。 動機 認可 家庭 家庭 親子,2026-06-04T10:25:52.059328+00:00,2026-06-04T10:25:52.059328+00:00,[],dialogue,,
tp_mot_096,motive,MOT_009,伴侶衝突中的認可盲點,在伴侶衝突中，表面上是在付出，實際上卻被認可推著走，讓反饋失去作用。,只要沒有認可，我就不會被需要。,真實動機不必用認可換取位置。,如果不靠認可，你還想守護什麼？,"[""動機"", ""認可"", ""伴侶""]","[""伴侶"", ""界線""]",TruthOS seed dataset,motive 動機 MOT_009 認可 伴侶衝突中的認可盲點 在伴侶衝突中，表面上是在付出，實際上卻被認可推著走，讓反饋失去作用。 只要沒有認可，我就不會被需要。 真實動機不必用認可換取位置。 動機 認可 伴侶 伴侶 界線,2026-06-04T10:25:52.059328+00:00,2026-06-04T10:25:52.059328+00:00,[],dialogue,,
tp_mot_097,motive,MOT_009,職場協作中的認可盲點,在職場協作中，表面上是在付出，實際上卻被認可推著走，讓信任開始鬆動。,只要沒有認可，我就不會被需要。,真實動機不必用認可換取位置。,如果不靠認可，你還想守護什麼？,"[""動機"", ""認可"", ""職場""]","[""工作"", ""團隊""]",TruthOS seed dataset,motive 動機 MOT_009 認可 職場協作中的認可盲點 在職場協作中，表面上是在付出，實際上卻被認可推著走，讓信任開始鬆動。 只要沒有認可，我就不會被需要。 真實動機不必用認可換取位置。 動機 認可 職場 工作 團隊,2026-06-04T10:25:52.059328+00:00,2026-06-04T10:25:52.059328+00:00,[],dialogue,,
tp_mot_098,motive,MOT_009,領導決策中的認可盲點,在領導決策中，表面上是在付出，實際上卻被認可推著走，讓決定越來越僵硬。,只要沒有認可，我就不會被需要。,真實動機不必用認可換取位置。,如果不靠認可，你還想守護什麼？,"[""動機"", ""認可"", ""領導""]","[""領導"", ""決策""]",TruthOS seed dataset,motive 動機 MOT_009 認可 領導決策中的認可盲點 在領導決策中，表面上是在付出，實際上卻被認可推著走，讓決定越來越僵硬。 只要沒有認可，我就不會被需要。 真實動機不必用認可換取位置。 動機 認可 領導 領導 決策,2026-06-04T10:25:52.059328+00:00,2026-06-04T10:25:52.059328+00:00,[],dialogue,,
tp_mot_099,motive,MOT_009,朋友互動中的認可盲點,在朋友互動中，表面上是在付出，實際上卻被認可推著走，讓內在更難安定。,只要沒有認可，我就不會被需要。,真實動機不必用認可換取位置。,如果不靠認可，你還想守護什麼？,"[""動機"", ""認可"", ""友誼""]","[""友誼"", ""界線""]",TruthOS seed dataset,motive 動機 MOT_009 認可 朋友互動中的認可盲點 在朋友互動中，表面上是在付出，實際上卻被認可推著走，讓內在更難安定。 只要沒有認可，我就不會被需要。 真實動機不必用認可換取位置。 動機 認可 友誼 友誼 界線,2026-06-04T10:25:52.059328+00:00,2026-06-04T10:25:52.059328+00:00,[],dialogue,,
tp_mot_100,motive,MOT_009,金錢選擇中的認可盲點,在金錢選擇中，表面上是在付出，實際上卻被認可推著走，使互動落入重複循環。,只要沒有認可，我就不會被需要。,真實動機不必用認可換取位置。,如果不靠認可，你還想守護什麼？,"[""動機"", ""認可"", ""金錢""]","[""金錢"", ""價值""]",TruthOS seed dataset,motive 動機 MOT_009 認可 金錢選擇中的認可盲點 在金錢選擇中，表面上是在付出，實際上卻被認可推著走，使互動落入重複循環。 只要沒有認可，我就不會被需要。 真實動機不必用認可換取位置。 動機 認可 金錢 金錢 價值,2026-06-04T10:25:52.059328+00:00,2026-06-04T10:25:52.059328+00:00,[],dialogue,,
tp_cog_001,cognition,COG_001,家庭對話中的投射盲點,在家庭對話中，先用投射解讀局面，忽略了可被驗證的事實，讓對話逐漸失衡。,我的第一個解讀若帶著投射，那就一定是真相。,投射只是其中一種解讀，不是全部事實。,拿掉投射後，還有哪些事實仍然成立？,"[""認知"", ""投射"", ""家庭""]","[""家庭"", ""親子""]",TruthOS seed dataset,cognition 認知 COG_001 投射 家庭對話中的投射盲點 在家庭對話中，先用投射解讀局面，忽略了可被驗證的事實，讓對話逐漸失衡。 我的第一個解讀若帶著投射，那就一定是真相。 投射只是其中一種解讀，不是全部事實。 認知 投射 家庭 家庭 親子,2026-06-04T10:25:52.059328+00:00,2026-06-04T10:25:52.059328+00:00,[],dialogue,,
tp_cog_002,cognition,COG_001,伴侶衝突中的投射盲點,在伴侶衝突中，先用投射解讀局面，忽略了可被驗證的事實，讓界線變得模糊。,我的第一個解讀若帶著投射，那就一定是真相。,投射只是其中一種解讀，不是全部事實。,拿掉投射後，還有哪些事實仍然成立？,"[""認知"", ""投射"", ""伴侶""]","[""伴侶"", ""界線""]",TruthOS seed dataset,cognition 認知 COG_001 投射 伴侶衝突中的投射盲點 在伴侶衝突中，先用投射解讀局面，忽略了可被驗證的事實，讓界線變得模糊。 我的第一個解讀若帶著投射，那就一定是真相。 投射只是其中一種解讀，不是全部事實。 認知 投射 伴侶 伴侶 界線,2026-06-04T10:25:52.059328+00:00,2026-06-04T10:25:52.059328+00:00,[],dialogue,,
tp_cog_003,cognition,COG_001,職場協作中的投射盲點,在職場協作中，先用投射解讀局面，忽略了可被驗證的事實，讓責任位置變得混亂。,我的第一個解讀若帶著投射，那就一定是真相。,投射只是其中一種解讀，不是全部事實。,拿掉投射後，還有哪些事實仍然成立？,"[""認知"", ""投射"", ""職場""]","[""工作"", ""團隊""]",TruthOS seed dataset,cognition 認知 COG_001 投射 職場協作中的投射盲點 在職場協作中，先用投射解讀局面，忽略了可被驗證的事實，讓責任位置變得混亂。 我的第一個解讀若帶著投射，那就一定是真相。 投射只是其中一種解讀，不是全部事實。 認知 投射 職場 工作 團隊,2026-06-04T10:25:52.059328+00:00,2026-06-04T10:25:52.059328+00:00,[],dialogue,,
tp_cog_004,cognition,COG_001,領導決策中的投射盲點,在領導決策中，先用投射解讀局面，忽略了可被驗證的事實，使真正的需求被遮住。,我的第一個解讀若帶著投射，那就一定是真相。,投射只是其中一種解讀，不是全部事實。,拿掉投射後，還有哪些事實仍然成立？,"[""認知"", ""投射"", ""領導""]","[""領導"", ""決策""]",TruthOS seed dataset,cognition 認知 COG_001 投射 領導決策中的投射盲點 在領導決策中，先用投射解讀局面，忽略了可被驗證的事實，使真正的需求被遮住。 我的第一個解讀若帶著投射，那就一定是真相。 投射只是其中一種解讀，不是全部事實。 認知 投射 領導 領導 決策,2026-06-04T10:25:52.059328+00:00,2026-06-04T10:25:52.059328+00:00,[],dialogue,,
tp_cog_005,cognition,COG_001,朋友互動中的投射盲點,在朋友互動中，先用投射解讀局面，忽略了可被驗證的事實，讓反饋失去作用。,我的第一個解讀若帶著投射，那就一定是真相。,投射只是其中一種解讀，不是全部事實。,拿掉投射後，還有哪些事實仍然成立？,"[""認知"", ""投射"", ""友誼""]","[""友誼"", ""界線""]",TruthOS seed dataset,cognition 認知 COG_001 投射 朋友互動中的投射盲點 在朋友互動中，先用投射解讀局面，忽略了可被驗證的事實，讓反饋失去作用。 我的第一個解讀若帶著投射，那就一定是真相。 投射只是其中一種解讀，不是全部事實。 認知 投射 友誼 友誼 界線,2026-06-04T10:25:52.059328+00:00,2026-06-04T10:25:52.059328+00:00,[],dialogue,,
tp_cog_006,cognition,COG_001,金錢選擇中的投射盲點,在金錢選擇中，先用投射解讀局面，忽略了可被驗證的事實，讓信任開始鬆動。,我的第一個解讀若帶著投射，那就一定是真相。,投射只是其中一種解讀，不是全部事實。,拿掉投射後，還有哪些事實仍然成立？,"[""認知"", ""投射"", ""金錢""]","[""金錢"", ""價值""]",TruthOS seed dataset,cognition 認知 COG_001 投射 金錢選擇中的投射盲點 在金錢選擇中，先用投射解讀局面，忽略了可被驗證的事實，讓信任開始鬆動。 我的第一個解讀若帶著投射，那就一定是真相。 投射只是其中一種解讀，不是全部事實。 認知 投射 金錢 金錢 價值,2026-06-04T10:25:52.059328+00:00,2026-06-04T10:25:52.059328+00:00,[],dialogue,,
tp_cog_007,cognition,COG_001,健康壓力中的投射盲點,在健康壓力中，先用投射解讀局面，忽略了可被驗證的事實，讓決定越來越僵硬。,我的第一個解讀若帶著投射，那就一定是真相。,投射只是其中一種解讀，不是全部事實。,拿掉投射後，還有哪些事實仍然成立？,"[""認知"", ""投射"", ""健康""]","[""健康"", ""壓力""]",TruthOS seed dataset,cognition 認知 COG_001 投射 健康壓力中的投射盲點 在健康壓力中，先用投射解讀局面，忽略了可被驗證的事實，讓決定越來越僵硬。 我的第一個解讀若帶著投射，那就一定是真相。 投射只是其中一種解讀，不是全部事實。 認知 投射 健康 健康 壓力,2026-06-04T10:25:52.059328+00:00,2026-06-04T10:25:52.059328+00:00,[],dialogue,,
tp_cog_008,cognition,COG_001,創作卡關中的投射盲點,在創作卡關中，先用投射解讀局面，忽略了可被驗證的事實，讓內在更難安定。,我的第一個解讀若帶著投射，那就一定是真相。,投射只是其中一種解讀，不是全部事實。,拿掉投射後，還有哪些事實仍然成立？,"[""認知"", ""投射"", ""創作""]","[""創作"", ""表達""]",TruthOS seed dataset,cognition 認知 COG_001 投射 創作卡關中的投射盲點 在創作卡關中，先用投射解讀局面，忽略了可被驗證的事實，讓內在更難安定。 我的第一個解讀若帶著投射，那就一定是真相。 投射只是其中一種解讀，不是全部事實。 認知 投射 創作 創作 表達,2026-06-04T10:25:52.059328+00:00,2026-06-04T10:25:52.059328+00:00,[],dialogue,,
tp_cog_009,cognition,COG_001,靈性實踐中的投射盲點,在靈性實踐中，先用投射解讀局面，忽略了可被驗證的事實，使互動落入重複循環。,我的第一個解讀若帶著投射，那就一定是真相。,投射只是其中一種解讀，不是全部事實。,拿掉投射後，還有哪些事實仍然成立？,"[""認知"", ""投射"", ""靈性""]","[""靈性"", ""自我觀察""]",TruthOS seed dataset,cognition 認知 COG_001 投射 靈性實踐中的投射盲點 在靈性實踐中，先用投射解讀局面，忽略了可被驗證的事實，使互動落入重複循環。 我的第一個解讀若帶著投射，那就一定是真相。 投射只是其中一種解讀，不是全部事實。 認知 投射 靈性 靈性 自我觀察,2026-06-04T10:25:52.059328+00:00,2026-06-04T10:25:52.059328+00:00,[],dialogue,,
tp_cog_010,cognition,COG_001,重大失落中的投射盲點,在重大失落中，先用投射解讀局面，忽略了可被驗證的事實，讓看見真相的空間縮小。,我的第一個解讀若帶著投射，那就一定是真相。,投射只是其中一種解讀，不是全部事實。,拿掉投射後，還有哪些事實仍然成立？,"[""認知"", ""投射"", ""失落""]","[""失落"", ""轉化""]",TruthOS seed dataset,cognition 認知 COG_001 投射 重大失落中的投射盲點 在重大失落中，先用投射解讀局面，忽略了可被驗證的事實，讓看見真相的空間縮小。 我的第一個解讀若帶著投射，那就一定是真相。 投射只是其中一種解讀，不是全部事實。 認知 投射 失落 失落 轉化,2026-06-04T10:25:52.059328+00:00,2026-06-04T10:25:52.059328+00:00,[],dialogue,,
tp_cog_011,cognition,COG_001,教養現場中的投射盲點,在教養現場中，先用投射解讀局面，忽略了可被驗證的事實，讓支持變成壓力。,我的第一個解讀若帶著投射，那就一定是真相。,投射只是其中一種解讀，不是全部事實。,拿掉投射後，還有哪些事實仍然成立？,"[""認知"", ""投射"", ""教養""]","[""親子"", ""教養""]",TruthOS seed dataset,cognition 認知 COG_001 投射 教養現場中的投射盲點 在教養現場中，先用投射解讀局面，忽略了可被驗證的事實，讓支持變成壓力。 我的第一個解讀若帶著投射，那就一定是真相。 投射只是其中一種解讀，不是全部事實。 認知 投射 教養 親子 教養,2026-06-04T10:25:52.059328+00:00,2026-06-04T10:25:52.059328+00:00,[],dialogue,,
tp_cog_012,cognition,COG_001,團隊回饋中的投射盲點,在團隊回饋中，先用投射解讀局面，忽略了可被驗證的事實，讓改變停在表面。,我的第一個解讀若帶著投射，那就一定是真相。,投射只是其中一種解讀，不是全部事實。,拿掉投射後，還有哪些事實仍然成立？,"[""認知"", ""投射"", ""回饋""]","[""團隊"", ""回饋""]",TruthOS seed dataset,cognition 認知 COG_001 投射 團隊回饋中的投射盲點 在團隊回饋中，先用投射解讀局面，忽略了可被驗證的事實，讓改變停在表面。 我的第一個解讀若帶著投射，那就一定是真相。 投射只是其中一種解讀，不是全部事實。 認知 投射 回饋 團隊 回饋,2026-06-04T10:25:52.059328+00:00,2026-06-04T10:25:52.059328+00:00,[],dialogue,,
tp_cog_013,cognition,COG_002,伴侶衝突中的過度推論盲點,在伴侶衝突中，先用過度推論解讀局面，忽略了可被驗證的事實，讓資源交換變得扭曲。,我的第一個解讀若帶著過度推論，那就一定是真相。,過度推論只是其中一種解讀，不是全部事實。,拿掉過度推論後，還有哪些事實仍然成立？,"[""認知"", ""過度推論"", ""伴侶""]","[""伴侶"", ""界線""]",TruthOS seed dataset,cognition 認知 COG_002 過度推論 伴侶衝突中的過度推論盲點 在伴侶衝突中，先用過度推論解讀局面，忽略了可被驗證的事實，讓資源交換變得扭曲。 我的第一個解讀若帶著過度推論，那就一定是真相。 過度推論只是其中一種解讀，不是全部事實。 認知 過度推論 伴侶 伴侶 界線,2026-06-04T10:25:52.059328+00:00,2026-06-04T10:25:52.059328+00:00,[],dialogue,,
tp_cog_014,cognition,COG_002,職場協作中的過度推論盲點,在職場協作中，先用過度推論解讀局面，忽略了可被驗證的事實，讓對話逐漸失衡。,我的第一個解讀若帶著過度推論，那就一定是真相。,過度推論只是其中一種解讀，不是全部事實。,拿掉過度推論後，還有哪些事實仍然成立？,"[""認知"", ""過度推論"", ""職場""]","[""工作"", ""團隊""]",TruthOS seed dataset,cognition 認知 COG_002 過度推論 職場協作中的過度推論盲點 在職場協作中，先用過度推論解讀局面，忽略了可被驗證的事實，讓對話逐漸失衡。 我的第一個解讀若帶著過度推論，那就一定是真相。 過度推論只是其中一種解讀，不是全部事實。 認知 過度推論 職場 工作 團隊,2026-06-04T10:25:52.059328+00:00,2026-06-04T10:25:52.059328+00:00,[],dialogue,,
tp_cog_015,cognition,COG_002,領導決策中的過度推論盲點,在領導決策中，先用過度推論解讀局面，忽略了可被驗證的事實，讓界線變得模糊。,我的第一個解讀若帶著過度推論，那就一定是真相。,過度推論只是其中一種解讀，不是全部事實。,拿掉過度推論後，還有哪些事實仍然成立？,"[""認知"", ""過度推論"", ""領導""]","[""領導"", ""決策""]",TruthOS seed dataset,cognition 認知 COG_002 過度推論 領導決策中的過度推論盲點 在領導決策中，先用過度推論解讀局面，忽略了可被驗證的事實，讓界線變得模糊。 我的第一個解讀若帶著過度推論，那就一定是真相。 過度推論只是其中一種解讀，不是全部事實。 認知 過度推論 領導 領導 決策,2026-06-04T10:25:52.059328+00:00,2026-06-04T10:25:52.059328+00:00,[],dialogue,,
tp_cog_016,cognition,COG_002,朋友互動中的過度推論盲點,在朋友互動中，先用過度推論解讀局面，忽略了可被驗證的事實，讓責任位置變得混亂。,我的第一個解讀若帶著過度推論，那就一定是真相。,過度推論只是其中一種解讀，不是全部事實。,拿掉過度推論後，還有哪些事實仍然成立？,"[""認知"", ""過度推論"", ""友誼""]","[""友誼"", ""界線""]",TruthOS seed dataset,cognition 認知 COG_002 過度推論 朋友互動中的過度推論盲點 在朋友互動中，先用過度推論解讀局面，忽略了可被驗證的事實，讓責任位置變得混亂。 我的第一個解讀若帶著過度推論，那就一定是真相。 過度推論只是其中一種解讀，不是全部事實。 認知 過度推論 友誼 友誼 界線,2026-06-04T10:25:52.059328+00:00,2026-06-04T10:25:52.059328+00:00,[],dialogue,,
tp_cog_017,cognition,COG_002,金錢選擇中的過度推論盲點,在金錢選擇中，先用過度推論解讀局面，忽略了可被驗證的事實，使真正的需求被遮住。,我的第一個解讀若帶著過度推論，那就一定是真相。,過度推論只是其中一種解讀，不是全部事實。,拿掉過度推論後，還有哪些事實仍然成立？,"[""認知"", ""過度推論"", ""金錢""]","[""金錢"", ""價值""]",TruthOS seed dataset,cognition 認知 COG_002 過度推論 金錢選擇中的過度推論盲點 在金錢選擇中，先用過度推論解讀局面，忽略了可被驗證的事實，使真正的需求被遮住。 我的第一個解讀若帶著過度推論，那就一定是真相。 過度推論只是其中一種解讀，不是全部事實。 認知 過度推論 金錢 金錢 價值,2026-06-04T10:25:52.059328+00:00,2026-06-04T10:25:52.059328+00:00,[],dialogue,,
tp_cog_018,cognition,COG_002,健康壓力中的過度推論盲點,在健康壓力中，先用過度推論解讀局面，忽略了可被驗證的事實，讓反饋失去作用。,我的第一個解讀若帶著過度推論，那就一定是真相。,過度推論只是其中一種解讀，不是全部事實。,拿掉過度推論後，還有哪些事實仍然成立？,"[""認知"", ""過度推論"", ""健康""]","[""健康"", ""壓力""]",TruthOS seed dataset,cognition 認知 COG_002 過度推論 健康壓力中的過度推論盲點 在健康壓力中，先用過度推論解讀局面，忽略了可被驗證的事實，讓反饋失去作用。 我的第一個解讀若帶著過度推論，那就一定是真相。 過度推論只是其中一種解讀，不是全部事實。 認知 過度推論 健康 健康 壓力,2026-06-04T10:25:52.059328+00:00,2026-06-04T10:25:52.059328+00:00,[],dialogue,,
tp_cog_019,cognition,COG_002,創作卡關中的過度推論盲點,在創作卡關中，先用過度推論解讀局面，忽略了可被驗證的事實，讓信任開始鬆動。,我的第一個解讀若帶著過度推論，那就一定是真相。,過度推論只是其中一種解讀，不是全部事實。,拿掉過度推論後，還有哪些事實仍然成立？,"[""認知"", ""過度推論"", ""創作""]","[""創作"", ""表達""]",TruthOS seed dataset,cognition 認知 COG_002 過度推論 創作卡關中的過度推論盲點 在創作卡關中，先用過度推論解讀局面，忽略了可被驗證的事實，讓信任開始鬆動。 我的第一個解讀若帶著過度推論，那就一定是真相。 過度推論只是其中一種解讀，不是全部事實。 認知 過度推論 創作 創作 表達,2026-06-04T10:25:52.059328+00:00,2026-06-04T10:25:52.059328+00:00,[],dialogue,,
tp_cog_020,cognition,COG_002,靈性實踐中的過度推論盲點,在靈性實踐中，先用過度推論解讀局面，忽略了可被驗證的事實，讓決定越來越僵硬。,我的第一個解讀若帶著過度推論，那就一定是真相。,過度推論只是其中一種解讀，不是全部事實。,拿掉過度推論後，還有哪些事實仍然成立？,"[""認知"", ""過度推論"", ""靈性""]","[""靈性"", ""自我觀察""]",TruthOS seed dataset,cognition 認知 COG_002 過度推論 靈性實踐中的過度推論盲點 在靈性實踐中，先用過度推論解讀局面，忽略了可被驗證的事實，讓決定越來越僵硬。 我的第一個解讀若帶著過度推論，那就一定是真相。 過度推論只是其中一種解讀，不是全部事實。 認知 過度推論 靈性 靈性 自我觀察,2026-06-04T10:25:52.059328+00:00,2026-06-04T10:25:52.059328+00:00,[],dialogue,,
tp_cog_021,cognition,COG_002,重大失落中的過度推論盲點,在重大失落中，先用過度推論解讀局面，忽略了可被驗證的事實，讓內在更難安定。,我的第一個解讀若帶著過度推論，那就一定是真相。,過度推論只是其中一種解讀，不是全部事實。,拿掉過度推論後，還有哪些事實仍然成立？,"[""認知"", ""過度推論"", ""失落""]","[""失落"", ""轉化""]",TruthOS seed dataset,cognition 認知 COG_002 過度推論 重大失落中的過度推論盲點 在重大失落中，先用過度推論解讀局面，忽略了可被驗證的事實，讓內在更難安定。 我的第一個解讀若帶著過度推論，那就一定是真相。 過度推論只是其中一種解讀，不是全部事實。 認知 過度推論 失落 失落 轉化,2026-06-04T10:25:52.059328+00:00,2026-06-04T10:25:52.059328+00:00,[],dialogue,,
tp_cog_022,cognition,COG_002,教養現場中的過度推論盲點,在教養現場中，先用過度推論解讀局面，忽略了可被驗證的事實，使互動落入重複循環。,我的第一個解讀若帶著過度推論，那就一定是真相。,過度推論只是其中一種解讀，不是全部事實。,拿掉過度推論後，還有哪些事實仍然成立？,"[""認知"", ""過度推論"", ""教養""]","[""親子"", ""教養""]",TruthOS seed dataset,cognition 認知 COG_002 過度推論 教養現場中的過度推論盲點 在教養現場中，先用過度推論解讀局面，忽略了可被驗證的事實，使互動落入重複循環。 我的第一個解讀若帶著過度推論，那就一定是真相。 過度推論只是其中一種解讀，不是全部事實。 認知 過度推論 教養 親子 教養,2026-06-04T10:25:52.059328+00:00,2026-06-04T10:25:52.059328+00:00,[],dialogue,,
tp_cog_023,cognition,COG_002,團隊回饋中的過度推論盲點,在團隊回饋中，先用過度推論解讀局面，忽略了可被驗證的事實，讓看見真相的空間縮小。,我的第一個解讀若帶著過度推論，那就一定是真相。,過度推論只是其中一種解讀，不是全部事實。,拿掉過度推論後，還有哪些事實仍然成立？,"[""認知"", ""過度推論"", ""回饋""]","[""團隊"", ""回饋""]",TruthOS seed dataset,cognition 認知 COG_002 過度推論 團隊回饋中的過度推論盲點 在團隊回饋中，先用過度推論解讀局面，忽略了可被驗證的事實，讓看見真相的空間縮小。 我的第一個解讀若帶著過度推論，那就一定是真相。 過度推論只是其中一種解讀，不是全部事實。 認知 過度推論 回饋 團隊 回饋,2026-06-04T10:25:52.059328+00:00,2026-06-04T10:25:52.059328+00:00,[],dialogue,,
tp_cog_024,cognition,COG_003,職場協作中的二分法盲點,在職場協作中，先用二分法解讀局面，忽略了可被驗證的事實，讓支持變成壓力。,我的第一個解讀若帶著二分法，那就一定是真相。,二分法只是其中一種解讀，不是全部事實。,拿掉二分法後，還有哪些事實仍然成立？,"[""認知"", ""二分法"", ""職場""]","[""工作"", ""團隊""]",TruthOS seed dataset,cognition 認知 COG_003 二分法 職場協作中的二分法盲點 在職場協作中，先用二分法解讀局面，忽略了可被驗證的事實，讓支持變成壓力。 我的第一個解讀若帶著二分法，那就一定是真相。 二分法只是其中一種解讀，不是全部事實。 認知 二分法 職場 工作 團隊,2026-06-04T10:25:52.059328+00:00,2026-06-04T10:25:52.059328+00:00,[],dialogue,,
tp_cog_025,cognition,COG_003,領導決策中的二分法盲點,在領導決策中，先用二分法解讀局面，忽略了可被驗證的事實，讓改變停在表面。,我的第一個解讀若帶著二分法，那就一定是真相。,二分法只是其中一種解讀，不是全部事實。,拿掉二分法後，還有哪些事實仍然成立？,"[""認知"", ""二分法"", ""領導""]","[""領導"", ""決策""]",TruthOS seed dataset,cognition 認知 COG_003 二分法 領導決策中的二分法盲點 在領導決策中，先用二分法解讀局面，忽略了可被驗證的事實，讓改變停在表面。 我的第一個解讀若帶著二分法，那就一定是真相。 二分法只是其中一種解讀，不是全部事實。 認知 二分法 領導 領導 決策,2026-06-04T10:25:52.059328+00:00,2026-06-04T10:25:52.059328+00:00,[],dialogue,,
tp_cog_026,cognition,COG_003,朋友互動中的二分法盲點,在朋友互動中，先用二分法解讀局面，忽略了可被驗證的事實，讓資源交換變得扭曲。,我的第一個解讀若帶著二分法，那就一定是真相。,二分法只是其中一種解讀，不是全部事實。,拿掉二分法後，還有哪些事實仍然成立？,"[""認知"", ""二分法"", ""友誼""]","[""友誼"", ""界線""]",TruthOS seed dataset,cognition 認知 COG_003 二分法 朋友互動中的二分法盲點 在朋友互動中，先用二分法解讀局面，忽略了可被驗證的事實，讓資源交換變得扭曲。 我的第一個解讀若帶著二分法，那就一定是真相。 二分法只是其中一種解讀，不是全部事實。 認知 二分法 友誼 友誼 界線,2026-06-04T10:25:52.059328+00:00,2026-06-04T10:25:52.059328+00:00,[],dialogue,,
tp_cog_027,cognition,COG_003,金錢選擇中的二分法盲點,在金錢選擇中，先用二分法解讀局面，忽略了可被驗證的事實，讓對話逐漸失衡。,我的第一個解讀若帶著二分法，那就一定是真相。,二分法只是其中一種解讀，不是全部事實。,拿掉二分法後，還有哪些事實仍然成立？,"[""認知"", ""二分法"", ""金錢""]","[""金錢"", ""價值""]",TruthOS seed dataset,cognition 認知 COG_003 二分法 金錢選擇中的二分法盲點 在金錢選擇中，先用二分法解讀局面，忽略了可被驗證的事實，讓對話逐漸失衡。 我的第一個解讀若帶著二分法，那就一定是真相。 二分法只是其中一種解讀，不是全部事實。 認知 二分法 金錢 金錢 價值,2026-06-04T10:25:52.059328+00:00,2026-06-04T10:25:52.059328+00:00,[],dialogue,,
tp_cog_028,cognition,COG_003,健康壓力中的二分法盲點,在健康壓力中，先用二分法解讀局面，忽略了可被驗證的事實，讓界線變得模糊。,我的第一個解讀若帶著二分法，那就一定是真相。,二分法只是其中一種解讀，不是全部事實。,拿掉二分法後，還有哪些事實仍然成立？,"[""認知"", ""二分法"", ""健康""]","[""健康"", ""壓力""]",TruthOS seed dataset,cognition 認知 COG_003 二分法 健康壓力中的二分法盲點 在健康壓力中，先用二分法解讀局面，忽略了可被驗證的事實，讓界線變得模糊。 我的第一個解讀若帶著二分法，那就一定是真相。 二分法只是其中一種解讀，不是全部事實。 認知 二分法 健康 健康 壓力,2026-06-04T10:25:52.059328+00:00,2026-06-04T10:25:52.059328+00:00,[],dialogue,,
tp_cog_029,cognition,COG_003,創作卡關中的二分法盲點,在創作卡關中，先用二分法解讀局面，忽略了可被驗證的事實，讓責任位置變得混亂。,我的第一個解讀若帶著二分法，那就一定是真相。,二分法只是其中一種解讀，不是全部事實。,拿掉二分法後，還有哪些事實仍然成立？,"[""認知"", ""二分法"", ""創作""]","[""創作"", ""表達""]",TruthOS seed dataset,cognition 認知 COG_003 二分法 創作卡關中的二分法盲點 在創作卡關中，先用二分法解讀局面，忽略了可被驗證的事實，讓責任位置變得混亂。 我的第一個解讀若帶著二分法，那就一定是真相。 二分法只是其中一種解讀，不是全部事實。 認知 二分法 創作 創作 表達,2026-06-04T10:25:52.059328+00:00,2026-06-04T10:25:52.059328+00:00,[],dialogue,,
tp_cog_030,cognition,COG_003,靈性實踐中的二分法盲點,在靈性實踐中，先用二分法解讀局面，忽略了可被驗證的事實，使真正的需求被遮住。,我的第一個解讀若帶著二分法，那就一定是真相。,二分法只是其中一種解讀，不是全部事實。,拿掉二分法後，還有哪些事實仍然成立？,"[""認知"", ""二分法"", ""靈性""]","[""靈性"", ""自我觀察""]",TruthOS seed dataset,cognition 認知 COG_003 二分法 靈性實踐中的二分法盲點 在靈性實踐中，先用二分法解讀局面，忽略了可被驗證的事實，使真正的需求被遮住。 我的第一個解讀若帶著二分法，那就一定是真相。 二分法只是其中一種解讀，不是全部事實。 認知 二分法 靈性 靈性 自我觀察,2026-06-04T10:25:52.059328+00:00,2026-06-04T10:25:52.059328+00:00,[],dialogue,,
tp_cog_031,cognition,COG_003,重大失落中的二分法盲點,在重大失落中，先用二分法解讀局面，忽略了可被驗證的事實，讓反饋失去作用。,我的第一個解讀若帶著二分法，那就一定是真相。,二分法只是其中一種解讀，不是全部事實。,拿掉二分法後，還有哪些事實仍然成立？,"[""認知"", ""二分法"", ""失落""]","[""失落"", ""轉化""]",TruthOS seed dataset,cognition 認知 COG_003 二分法 重大失落中的二分法盲點 在重大失落中，先用二分法解讀局面，忽略了可被驗證的事實，讓反饋失去作用。 我的第一個解讀若帶著二分法，那就一定是真相。 二分法只是其中一種解讀，不是全部事實。 認知 二分法 失落 失落 轉化,2026-06-04T10:25:52.059328+00:00,2026-06-04T10:25:52.059328+00:00,[],dialogue,,
tp_cog_032,cognition,COG_003,教養現場中的二分法盲點,在教養現場中，先用二分法解讀局面，忽略了可被驗證的事實，讓信任開始鬆動。,我的第一個解讀若帶著二分法，那就一定是真相。,二分法只是其中一種解讀，不是全部事實。,拿掉二分法後，還有哪些事實仍然成立？,"[""認知"", ""二分法"", ""教養""]","[""親子"", ""教養""]",TruthOS seed dataset,cognition 認知 COG_003 二分法 教養現場中的二分法盲點 在教養現場中，先用二分法解讀局面，忽略了可被驗證的事實，讓信任開始鬆動。 我的第一個解讀若帶著二分法，那就一定是真相。 二分法只是其中一種解讀，不是全部事實。 認知 二分法 教養 親子 教養,2026-06-04T10:25:52.059328+00:00,2026-06-04T10:25:52.059328+00:00,[],dialogue,,
tp_cog_033,cognition,COG_003,團隊回饋中的二分法盲點,在團隊回饋中，先用二分法解讀局面，忽略了可被驗證的事實，讓決定越來越僵硬。,我的第一個解讀若帶著二分法，那就一定是真相。,二分法只是其中一種解讀，不是全部事實。,拿掉二分法後，還有哪些事實仍然成立？,"[""認知"", ""二分法"", ""回饋""]","[""團隊"", ""回饋""]",TruthOS seed dataset,cognition 認知 COG_003 二分法 團隊回饋中的二分法盲點 在團隊回饋中，先用二分法解讀局面，忽略了可被驗證的事實，讓決定越來越僵硬。 我的第一個解讀若帶著二分法，那就一定是真相。 二分法只是其中一種解讀，不是全部事實。 認知 二分法 回饋 團隊 回饋,2026-06-04T10:25:52.059328+00:00,2026-06-04T10:25:52.059328+00:00,[],dialogue,,
tp_cog_034,cognition,COG_003,社群曝光中的二分法盲點,在社群曝光中，先用二分法解讀局面，忽略了可被驗證的事實，讓內在更難安定。,我的第一個解讀若帶著二分法，那就一定是真相。,二分法只是其中一種解讀，不是全部事實。,拿掉二分法後，還有哪些事實仍然成立？,"[""認知"", ""二分法"", ""社群""]","[""社群"", ""自我價值""]",TruthOS seed dataset,cognition 認知 COG_003 二分法 社群曝光中的二分法盲點 在社群曝光中，先用二分法解讀局面，忽略了可被驗證的事實，讓內在更難安定。 我的第一個解讀若帶著二分法，那就一定是真相。 二分法只是其中一種解讀，不是全部事實。 認知 二分法 社群 社群 自我價值,2026-06-04T10:25:52.059328+00:00,2026-06-04T10:25:52.059328+00:00,[],dialogue,,
tp_cog_035,cognition,COG_004,領導決策中的腦補盲點,在領導決策中，先用腦補解讀局面，忽略了可被驗證的事實，使互動落入重複循環。,我的第一個解讀若帶著腦補，那就一定是真相。,腦補只是其中一種解讀，不是全部事實。,拿掉腦補後，還有哪些事實仍然成立？,"[""認知"", ""腦補"", ""領導""]","[""領導"", ""決策""]",TruthOS seed dataset,cognition 認知 COG_004 腦補 領導決策中的腦補盲點 在領導決策中，先用腦補解讀局面，忽略了可被驗證的事實，使互動落入重複循環。 我的第一個解讀若帶著腦補，那就一定是真相。 腦補只是其中一種解讀，不是全部事實。 認知 腦補 領導 領導 決策,2026-06-04T10:25:52.059328+00:00,2026-06-04T10:25:52.059328+00:00,[],dialogue,,
tp_cog_036,cognition,COG_004,朋友互動中的腦補盲點,在朋友互動中，先用腦補解讀局面，忽略了可被驗證的事實，讓看見真相的空間縮小。,我的第一個解讀若帶著腦補，那就一定是真相。,腦補只是其中一種解讀，不是全部事實。,拿掉腦補後，還有哪些事實仍然成立？,"[""認知"", ""腦補"", ""友誼""]","[""友誼"", ""界線""]",TruthOS seed dataset,cognition 認知 COG_004 腦補 朋友互動中的腦補盲點 在朋友互動中，先用腦補解讀局面，忽略了可被驗證的事實，讓看見真相的空間縮小。 我的第一個解讀若帶著腦補，那就一定是真相。 腦補只是其中一種解讀，不是全部事實。 認知 腦補 友誼 友誼 界線,2026-06-04T10:25:52.059328+00:00,2026-06-04T10:25:52.059328+00:00,[],dialogue,,
tp_cog_037,cognition,COG_004,金錢選擇中的腦補盲點,在金錢選擇中，先用腦補解讀局面，忽略了可被驗證的事實，讓支持變成壓力。,我的第一個解讀若帶著腦補，那就一定是真相。,腦補只是其中一種解讀，不是全部事實。,拿掉腦補後，還有哪些事實仍然成立？,"[""認知"", ""腦補"", ""金錢""]","[""金錢"", ""價值""]",TruthOS seed dataset,cognition 認知 COG_004 腦補 金錢選擇中的腦補盲點 在金錢選擇中，先用腦補解讀局面，忽略了可被驗證的事實，讓支持變成壓力。 我的第一個解讀若帶著腦補，那就一定是真相。 腦補只是其中一種解讀，不是全部事實。 認知 腦補 金錢 金錢 價值,2026-06-04T10:25:52.059328+00:00,2026-06-04T10:25:52.059328+00:00,[],dialogue,,
tp_cog_038,cognition,COG_004,健康壓力中的腦補盲點,在健康壓力中，先用腦補解讀局面，忽略了可被驗證的事實，讓改變停在表面。,我的第一個解讀若帶著腦補，那就一定是真相。,腦補只是其中一種解讀，不是全部事實。,拿掉腦補後，還有哪些事實仍然成立？,"[""認知"", ""腦補"", ""健康""]","[""健康"", ""壓力""]",TruthOS seed dataset,cognition 認知 COG_004 腦補 健康壓力中的腦補盲點 在健康壓力中，先用腦補解讀局面，忽略了可被驗證的事實，讓改變停在表面。 我的第一個解讀若帶著腦補，那就一定是真相。 腦補只是其中一種解讀，不是全部事實。 認知 腦補 健康 健康 壓力,2026-06-04T10:25:52.059328+00:00,2026-06-04T10:25:52.059328+00:00,[],dialogue,,
tp_cog_039,cognition,COG_004,創作卡關中的腦補盲點,在創作卡關中，先用腦補解讀局面，忽略了可被驗證的事實，讓資源交換變得扭曲。,我的第一個解讀若帶著腦補，那就一定是真相。,腦補只是其中一種解讀，不是全部事實。,拿掉腦補後，還有哪些事實仍然成立？,"[""認知"", ""腦補"", ""創作""]","[""創作"", ""表達""]",TruthOS seed dataset,cognition 認知 COG_004 腦補 創作卡關中的腦補盲點 在創作卡關中，先用腦補解讀局面，忽略了可被驗證的事實，讓資源交換變得扭曲。 我的第一個解讀若帶著腦補，那就一定是真相。 腦補只是其中一種解讀，不是全部事實。 認知 腦補 創作 創作 表達,2026-06-04T10:25:52.059328+00:00,2026-06-04T10:25:52.059328+00:00,[],dialogue,,
tp_cog_040,cognition,COG_004,靈性實踐中的腦補盲點,在靈性實踐中，先用腦補解讀局面，忽略了可被驗證的事實，讓對話逐漸失衡。,我的第一個解讀若帶著腦補，那就一定是真相。,腦補只是其中一種解讀，不是全部事實。,拿掉腦補後，還有哪些事實仍然成立？,"[""認知"", ""腦補"", ""靈性""]","[""靈性"", ""自我觀察""]",TruthOS seed dataset,cognition 認知 COG_004 腦補 靈性實踐中的腦補盲點 在靈性實踐中，先用腦補解讀局面，忽略了可被驗證的事實，讓對話逐漸失衡。 我的第一個解讀若帶著腦補，那就一定是真相。 腦補只是其中一種解讀，不是全部事實。 認知 腦補 靈性 靈性 自我觀察,2026-06-04T10:25:52.059328+00:00,2026-06-04T10:25:52.059328+00:00,[],dialogue,,
tp_cog_041,cognition,COG_004,重大失落中的腦補盲點,在重大失落中，先用腦補解讀局面，忽略了可被驗證的事實，讓界線變得模糊。,我的第一個解讀若帶著腦補，那就一定是真相。,腦補只是其中一種解讀，不是全部事實。,拿掉腦補後，還有哪些事實仍然成立？,"[""認知"", ""腦補"", ""失落""]","[""失落"", ""轉化""]",TruthOS seed dataset,cognition 認知 COG_004 腦補 重大失落中的腦補盲點 在重大失落中，先用腦補解讀局面，忽略了可被驗證的事實，讓界線變得模糊。 我的第一個解讀若帶著腦補，那就一定是真相。 腦補只是其中一種解讀，不是全部事實。 認知 腦補 失落 失落 轉化,2026-06-04T10:25:52.059328+00:00,2026-06-04T10:25:52.059328+00:00,[],dialogue,,
tp_cog_042,cognition,COG_004,教養現場中的腦補盲點,在教養現場中，先用腦補解讀局面，忽略了可被驗證的事實，讓責任位置變得混亂。,我的第一個解讀若帶著腦補，那就一定是真相。,腦補只是其中一種解讀，不是全部事實。,拿掉腦補後，還有哪些事實仍然成立？,"[""認知"", ""腦補"", ""教養""]","[""親子"", ""教養""]",TruthOS seed dataset,cognition 認知 COG_004 腦補 教養現場中的腦補盲點 在教養現場中，先用腦補解讀局面，忽略了可被驗證的事實，讓責任位置變得混亂。 我的第一個解讀若帶著腦補，那就一定是真相。 腦補只是其中一種解讀，不是全部事實。 認知 腦補 教養 親子 教養,2026-06-04T10:25:52.059328+00:00,2026-06-04T10:25:52.059328+00:00,[],dialogue,,
tp_cog_043,cognition,COG_004,團隊回饋中的腦補盲點,在團隊回饋中，先用腦補解讀局面，忽略了可被驗證的事實，使真正的需求被遮住。,我的第一個解讀若帶著腦補，那就一定是真相。,腦補只是其中一種解讀，不是全部事實。,拿掉腦補後，還有哪些事實仍然成立？,"[""認知"", ""腦補"", ""回饋""]","[""團隊"", ""回饋""]",TruthOS seed dataset,cognition 認知 COG_004 腦補 團隊回饋中的腦補盲點 在團隊回饋中，先用腦補解讀局面，忽略了可被驗證的事實，使真正的需求被遮住。 我的第一個解讀若帶著腦補，那就一定是真相。 腦補只是其中一種解讀，不是全部事實。 認知 腦補 回饋 團隊 回饋,2026-06-04T10:25:52.059328+00:00,2026-06-04T10:25:52.059328+00:00,[],dialogue,,
tp_cog_044,cognition,COG_004,社群曝光中的腦補盲點,在社群曝光中，先用腦補解讀局面，忽略了可被驗證的事實，讓反饋失去作用。,我的第一個解讀若帶著腦補，那就一定是真相。,腦補只是其中一種解讀，不是全部事實。,拿掉腦補後，還有哪些事實仍然成立？,"[""認知"", ""腦補"", ""社群""]","[""社群"", ""自我價值""]",TruthOS seed dataset,cognition 認知 COG_004 腦補 社群曝光中的腦補盲點 在社群曝光中，先用腦補解讀局面，忽略了可被驗證的事實，讓反饋失去作用。 我的第一個解讀若帶著腦補，那就一定是真相。 腦補只是其中一種解讀，不是全部事實。 認知 腦補 社群 社群 自我價值,2026-06-04T10:25:52.059328+00:00,2026-06-04T10:25:52.059328+00:00,[],dialogue,,
tp_cog_045,cognition,COG_004,家庭對話中的腦補盲點,在家庭對話中，先用腦補解讀局面，忽略了可被驗證的事實，讓信任開始鬆動。,我的第一個解讀若帶著腦補，那就一定是真相。,腦補只是其中一種解讀，不是全部事實。,拿掉腦補後，還有哪些事實仍然成立？,"[""認知"", ""腦補"", ""家庭""]","[""家庭"", ""親子""]",TruthOS seed dataset,cognition 認知 COG_004 腦補 家庭對話中的腦補盲點 在家庭對話中，先用腦補解讀局面，忽略了可被驗證的事實，讓信任開始鬆動。 我的第一個解讀若帶著腦補，那就一定是真相。 腦補只是其中一種解讀，不是全部事實。 認知 腦補 家庭 家庭 親子,2026-06-04T10:25:52.059328+00:00,2026-06-04T10:25:52.059328+00:00,[],dialogue,,
tp_cog_046,cognition,COG_005,朋友互動中的先入為主盲點,在朋友互動中，先用先入為主解讀局面，忽略了可被驗證的事實，讓決定越來越僵硬。,我的第一個解讀若帶著先入為主，那就一定是真相。,先入為主只是其中一種解讀，不是全部事實。,拿掉先入為主後，還有哪些事實仍然成立？,"[""認知"", ""先入為主"", ""友誼""]","[""友誼"", ""界線""]",TruthOS seed dataset,cognition 認知 COG_005 先入為主 朋友互動中的先入為主盲點 在朋友互動中，先用先入為主解讀局面，忽略了可被驗證的事實，讓決定越來越僵硬。 我的第一個解讀若帶著先入為主，那就一定是真相。 先入為主只是其中一種解讀，不是全部事實。 認知 先入為主 友誼 友誼 界線,2026-06-04T10:25:52.059328+00:00,2026-06-04T10:25:52.059328+00:00,[],dialogue,,
tp_cog_047,cognition,COG_005,金錢選擇中的先入為主盲點,在金錢選擇中，先用先入為主解讀局面，忽略了可被驗證的事實，讓內在更難安定。,我的第一個解讀若帶著先入為主，那就一定是真相。,先入為主只是其中一種解讀，不是全部事實。,拿掉先入為主後，還有哪些事實仍然成立？,"[""認知"", ""先入為主"", ""金錢""]","[""金錢"", ""價值""]",TruthOS seed dataset,cognition 認知 COG_005 先入為主 金錢選擇中的先入為主盲點 在金錢選擇中，先用先入為主解讀局面，忽略了可被驗證的事實，讓內在更難安定。 我的第一個解讀若帶著先入為主，那就一定是真相。 先入為主只是其中一種解讀，不是全部事實。 認知 先入為主 金錢 金錢 價值,2026-06-04T10:25:52.059328+00:00,2026-06-04T10:25:52.059328+00:00,[],dialogue,,
tp_cog_048,cognition,COG_005,健康壓力中的先入為主盲點,在健康壓力中，先用先入為主解讀局面，忽略了可被驗證的事實，使互動落入重複循環。,我的第一個解讀若帶著先入為主，那就一定是真相。,先入為主只是其中一種解讀，不是全部事實。,拿掉先入為主後，還有哪些事實仍然成立？,"[""認知"", ""先入為主"", ""健康""]","[""健康"", ""壓力""]",TruthOS seed dataset,cognition 認知 COG_005 先入為主 健康壓力中的先入為主盲點 在健康壓力中，先用先入為主解讀局面，忽略了可被驗證的事實，使互動落入重複循環。 我的第一個解讀若帶著先入為主，那就一定是真相。 先入為主只是其中一種解讀，不是全部事實。 認知 先入為主 健康 健康 壓力,2026-06-04T10:25:52.059328+00:00,2026-06-04T10:25:52.059328+00:00,[],dialogue,,
tp_cog_049,cognition,COG_005,創作卡關中的先入為主盲點,在創作卡關中，先用先入為主解讀局面，忽略了可被驗證的事實，讓看見真相的空間縮小。,我的第一個解讀若帶著先入為主，那就一定是真相。,先入為主只是其中一種解讀，不是全部事實。,拿掉先入為主後，還有哪些事實仍然成立？,"[""認知"", ""先入為主"", ""創作""]","[""創作"", ""表達""]",TruthOS seed dataset,cognition 認知 COG_005 先入為主 創作卡關中的先入為主盲點 在創作卡關中，先用先入為主解讀局面，忽略了可被驗證的事實，讓看見真相的空間縮小。 我的第一個解讀若帶著先入為主，那就一定是真相。 先入為主只是其中一種解讀，不是全部事實。 認知 先入為主 創作 創作 表達,2026-06-04T10:25:52.059328+00:00,2026-06-04T10:25:52.059328+00:00,[],dialogue,,
tp_cog_050,cognition,COG_005,靈性實踐中的先入為主盲點,在靈性實踐中，先用先入為主解讀局面，忽略了可被驗證的事實，讓支持變成壓力。,我的第一個解讀若帶著先入為主，那就一定是真相。,先入為主只是其中一種解讀，不是全部事實。,拿掉先入為主後，還有哪些事實仍然成立？,"[""認知"", ""先入為主"", ""靈性""]","[""靈性"", ""自我觀察""]",TruthOS seed dataset,cognition 認知 COG_005 先入為主 靈性實踐中的先入為主盲點 在靈性實踐中，先用先入為主解讀局面，忽略了可被驗證的事實，讓支持變成壓力。 我的第一個解讀若帶著先入為主，那就一定是真相。 先入為主只是其中一種解讀，不是全部事實。 認知 先入為主 靈性 靈性 自我觀察,2026-06-04T10:25:52.059328+00:00,2026-06-04T10:25:52.059328+00:00,[],dialogue,,
tp_cog_051,cognition,COG_005,重大失落中的先入為主盲點,在重大失落中，先用先入為主解讀局面，忽略了可被驗證的事實，讓改變停在表面。,我的第一個解讀若帶著先入為主，那就一定是真相。,先入為主只是其中一種解讀，不是全部事實。,拿掉先入為主後，還有哪些事實仍然成立？,"[""認知"", ""先入為主"", ""失落""]","[""失落"", ""轉化""]",TruthOS seed dataset,cognition 認知 COG_005 先入為主 重大失落中的先入為主盲點 在重大失落中，先用先入為主解讀局面，忽略了可被驗證的事實，讓改變停在表面。 我的第一個解讀若帶著先入為主，那就一定是真相。 先入為主只是其中一種解讀，不是全部事實。 認知 先入為主 失落 失落 轉化,2026-06-04T10:25:52.059328+00:00,2026-06-04T10:25:52.059328+00:00,[],dialogue,,
tp_cog_052,cognition,COG_005,教養現場中的先入為主盲點,在教養現場中，先用先入為主解讀局面，忽略了可被驗證的事實，讓資源交換變得扭曲。,我的第一個解讀若帶著先入為主，那就一定是真相。,先入為主只是其中一種解讀，不是全部事實。,拿掉先入為主後，還有哪些事實仍然成立？,"[""認知"", ""先入為主"", ""教養""]","[""親子"", ""教養""]",TruthOS seed dataset,cognition 認知 COG_005 先入為主 教養現場中的先入為主盲點 在教養現場中，先用先入為主解讀局面，忽略了可被驗證的事實，讓資源交換變得扭曲。 我的第一個解讀若帶著先入為主，那就一定是真相。 先入為主只是其中一種解讀，不是全部事實。 認知 先入為主 教養 親子 教養,2026-06-04T10:25:52.059328+00:00,2026-06-04T10:25:52.059328+00:00,[],dialogue,,
tp_cog_053,cognition,COG_005,團隊回饋中的先入為主盲點,在團隊回饋中，先用先入為主解讀局面，忽略了可被驗證的事實，讓對話逐漸失衡。,我的第一個解讀若帶著先入為主，那就一定是真相。,先入為主只是其中一種解讀，不是全部事實。,拿掉先入為主後，還有哪些事實仍然成立？,"[""認知"", ""先入為主"", ""回饋""]","[""團隊"", ""回饋""]",TruthOS seed dataset,cognition 認知 COG_005 先入為主 團隊回饋中的先入為主盲點 在團隊回饋中，先用先入為主解讀局面，忽略了可被驗證的事實，讓對話逐漸失衡。 我的第一個解讀若帶著先入為主，那就一定是真相。 先入為主只是其中一種解讀，不是全部事實。 認知 先入為主 回饋 團隊 回饋,2026-06-04T10:25:52.059328+00:00,2026-06-04T10:25:52.059328+00:00,[],dialogue,,
tp_cog_054,cognition,COG_005,社群曝光中的先入為主盲點,在社群曝光中，先用先入為主解讀局面，忽略了可被驗證的事實，讓界線變得模糊。,我的第一個解讀若帶著先入為主，那就一定是真相。,先入為主只是其中一種解讀，不是全部事實。,拿掉先入為主後，還有哪些事實仍然成立？,"[""認知"", ""先入為主"", ""社群""]","[""社群"", ""自我價值""]",TruthOS seed dataset,cognition 認知 COG_005 先入為主 社群曝光中的先入為主盲點 在社群曝光中，先用先入為主解讀局面，忽略了可被驗證的事實，讓界線變得模糊。 我的第一個解讀若帶著先入為主，那就一定是真相。 先入為主只是其中一種解讀，不是全部事實。 認知 先入為主 社群 社群 自我價值,2026-06-04T10:25:52.059328+00:00,2026-06-04T10:25:52.059328+00:00,[],dialogue,,
tp_cog_055,cognition,COG_005,家庭對話中的先入為主盲點,在家庭對話中，先用先入為主解讀局面，忽略了可被驗證的事實，讓責任位置變得混亂。,我的第一個解讀若帶著先入為主，那就一定是真相。,先入為主只是其中一種解讀，不是全部事實。,拿掉先入為主後，還有哪些事實仍然成立？,"[""認知"", ""先入為主"", ""家庭""]","[""家庭"", ""親子""]",TruthOS seed dataset,cognition 認知 COG_005 先入為主 家庭對話中的先入為主盲點 在家庭對話中，先用先入為主解讀局面，忽略了可被驗證的事實，讓責任位置變得混亂。 我的第一個解讀若帶著先入為主，那就一定是真相。 先入為主只是其中一種解讀，不是全部事實。 認知 先入為主 家庭 家庭 親子,2026-06-04T10:25:52.059328+00:00,2026-06-04T10:25:52.059328+00:00,[],dialogue,,
tp_cog_056,cognition,COG_005,伴侶衝突中的先入為主盲點,在伴侶衝突中，先用先入為主解讀局面，忽略了可被驗證的事實，使真正的需求被遮住。,我的第一個解讀若帶著先入為主，那就一定是真相。,先入為主只是其中一種解讀，不是全部事實。,拿掉先入為主後，還有哪些事實仍然成立？,"[""認知"", ""先入為主"", ""伴侶""]","[""伴侶"", ""界線""]",TruthOS seed dataset,cognition 認知 COG_005 先入為主 伴侶衝突中的先入為主盲點 在伴侶衝突中，先用先入為主解讀局面，忽略了可被驗證的事實，使真正的需求被遮住。 我的第一個解讀若帶著先入為主，那就一定是真相。 先入為主只是其中一種解讀，不是全部事實。 認知 先入為主 伴侶 伴侶 界線,2026-06-04T10:25:52.059328+00:00,2026-06-04T10:25:52.059328+00:00,[],dialogue,,
tp_cog_057,cognition,COG_006,金錢選擇中的標籤化盲點,在金錢選擇中，先用標籤化解讀局面，忽略了可被驗證的事實，讓反饋失去作用。,我的第一個解讀若帶著標籤化，那就一定是真相。,標籤化只是其中一種解讀，不是全部事實。,拿掉標籤化後，還有哪些事實仍然成立？,"[""認知"", ""標籤化"", ""金錢""]","[""金錢"", ""價值""]",TruthOS seed dataset,cognition 認知 COG_006 標籤化 金錢選擇中的標籤化盲點 在金錢選擇中，先用標籤化解讀局面，忽略了可被驗證的事實，讓反饋失去作用。 我的第一個解讀若帶著標籤化，那就一定是真相。 標籤化只是其中一種解讀，不是全部事實。 認知 標籤化 金錢 金錢 價值,2026-06-04T10:25:52.059328+00:00,2026-06-04T10:25:52.059328+00:00,[],dialogue,,
tp_cog_058,cognition,COG_006,健康壓力中的標籤化盲點,在健康壓力中，先用標籤化解讀局面，忽略了可被驗證的事實，讓信任開始鬆動。,我的第一個解讀若帶著標籤化，那就一定是真相。,標籤化只是其中一種解讀，不是全部事實。,拿掉標籤化後，還有哪些事實仍然成立？,"[""認知"", ""標籤化"", ""健康""]","[""健康"", ""壓力""]",TruthOS seed dataset,cognition 認知 COG_006 標籤化 健康壓力中的標籤化盲點 在健康壓力中，先用標籤化解讀局面，忽略了可被驗證的事實，讓信任開始鬆動。 我的第一個解讀若帶著標籤化，那就一定是真相。 標籤化只是其中一種解讀，不是全部事實。 認知 標籤化 健康 健康 壓力,2026-06-04T10:25:52.059328+00:00,2026-06-04T10:25:52.059328+00:00,[],dialogue,,
tp_cog_059,cognition,COG_006,創作卡關中的標籤化盲點,在創作卡關中，先用標籤化解讀局面，忽略了可被驗證的事實，讓決定越來越僵硬。,我的第一個解讀若帶著標籤化，那就一定是真相。,標籤化只是其中一種解讀，不是全部事實。,拿掉標籤化後，還有哪些事實仍然成立？,"[""認知"", ""標籤化"", ""創作""]","[""創作"", ""表達""]",TruthOS seed dataset,cognition 認知 COG_006 標籤化 創作卡關中的標籤化盲點 在創作卡關中，先用標籤化解讀局面，忽略了可被驗證的事實，讓決定越來越僵硬。 我的第一個解讀若帶著標籤化，那就一定是真相。 標籤化只是其中一種解讀，不是全部事實。 認知 標籤化 創作 創作 表達,2026-06-04T10:25:52.059328+00:00,2026-06-04T10:25:52.059328+00:00,[],dialogue,,
tp_cog_060,cognition,COG_006,靈性實踐中的標籤化盲點,在靈性實踐中，先用標籤化解讀局面，忽略了可被驗證的事實，讓內在更難安定。,我的第一個解讀若帶著標籤化，那就一定是真相。,標籤化只是其中一種解讀，不是全部事實。,拿掉標籤化後，還有哪些事實仍然成立？,"[""認知"", ""標籤化"", ""靈性""]","[""靈性"", ""自我觀察""]",TruthOS seed dataset,cognition 認知 COG_006 標籤化 靈性實踐中的標籤化盲點 在靈性實踐中，先用標籤化解讀局面，忽略了可被驗證的事實，讓內在更難安定。 我的第一個解讀若帶著標籤化，那就一定是真相。 標籤化只是其中一種解讀，不是全部事實。 認知 標籤化 靈性 靈性 自我觀察,2026-06-04T10:25:52.059328+00:00,2026-06-04T10:25:52.059328+00:00,[],dialogue,,
tp_cog_061,cognition,COG_006,重大失落中的標籤化盲點,在重大失落中，先用標籤化解讀局面，忽略了可被驗證的事實，使互動落入重複循環。,我的第一個解讀若帶著標籤化，那就一定是真相。,標籤化只是其中一種解讀，不是全部事實。,拿掉標籤化後，還有哪些事實仍然成立？,"[""認知"", ""標籤化"", ""失落""]","[""失落"", ""轉化""]",TruthOS seed dataset,cognition 認知 COG_006 標籤化 重大失落中的標籤化盲點 在重大失落中，先用標籤化解讀局面，忽略了可被驗證的事實，使互動落入重複循環。 我的第一個解讀若帶著標籤化，那就一定是真相。 標籤化只是其中一種解讀，不是全部事實。 認知 標籤化 失落 失落 轉化,2026-06-04T10:25:52.059328+00:00,2026-06-04T10:25:52.059328+00:00,[],dialogue,,
tp_cog_062,cognition,COG_006,教養現場中的標籤化盲點,在教養現場中，先用標籤化解讀局面，忽略了可被驗證的事實，讓看見真相的空間縮小。,我的第一個解讀若帶著標籤化，那就一定是真相。,標籤化只是其中一種解讀，不是全部事實。,拿掉標籤化後，還有哪些事實仍然成立？,"[""認知"", ""標籤化"", ""教養""]","[""親子"", ""教養""]",TruthOS seed dataset,cognition 認知 COG_006 標籤化 教養現場中的標籤化盲點 在教養現場中，先用標籤化解讀局面，忽略了可被驗證的事實，讓看見真相的空間縮小。 我的第一個解讀若帶著標籤化，那就一定是真相。 標籤化只是其中一種解讀，不是全部事實。 認知 標籤化 教養 親子 教養,2026-06-04T10:25:52.059328+00:00,2026-06-04T10:25:52.059328+00:00,[],dialogue,,
tp_cog_063,cognition,COG_006,團隊回饋中的標籤化盲點,在團隊回饋中，先用標籤化解讀局面，忽略了可被驗證的事實，讓支持變成壓力。,我的第一個解讀若帶著標籤化，那就一定是真相。,標籤化只是其中一種解讀，不是全部事實。,拿掉標籤化後，還有哪些事實仍然成立？,"[""認知"", ""標籤化"", ""回饋""]","[""團隊"", ""回饋""]",TruthOS seed dataset,cognition 認知 COG_006 標籤化 團隊回饋中的標籤化盲點 在團隊回饋中，先用標籤化解讀局面，忽略了可被驗證的事實，讓支持變成壓力。 我的第一個解讀若帶著標籤化，那就一定是真相。 標籤化只是其中一種解讀，不是全部事實。 認知 標籤化 回饋 團隊 回饋,2026-06-04T10:25:52.059328+00:00,2026-06-04T10:25:52.059328+00:00,[],dialogue,,
tp_cog_064,cognition,COG_006,社群曝光中的標籤化盲點,在社群曝光中，先用標籤化解讀局面，忽略了可被驗證的事實，讓改變停在表面。,我的第一個解讀若帶著標籤化，那就一定是真相。,標籤化只是其中一種解讀，不是全部事實。,拿掉標籤化後，還有哪些事實仍然成立？,"[""認知"", ""標籤化"", ""社群""]","[""社群"", ""自我價值""]",TruthOS seed dataset,cognition 認知 COG_006 標籤化 社群曝光中的標籤化盲點 在社群曝光中，先用標籤化解讀局面，忽略了可被驗證的事實，讓改變停在表面。 我的第一個解讀若帶著標籤化，那就一定是真相。 標籤化只是其中一種解讀，不是全部事實。 認知 標籤化 社群 社群 自我價值,2026-06-04T10:25:52.059328+00:00,2026-06-04T10:25:52.059328+00:00,[],dialogue,,
tp_cog_065,cognition,COG_006,家庭對話中的標籤化盲點,在家庭對話中，先用標籤化解讀局面，忽略了可被驗證的事實，讓資源交換變得扭曲。,我的第一個解讀若帶著標籤化，那就一定是真相。,標籤化只是其中一種解讀，不是全部事實。,拿掉標籤化後，還有哪些事實仍然成立？,"[""認知"", ""標籤化"", ""家庭""]","[""家庭"", ""親子""]",TruthOS seed dataset,cognition 認知 COG_006 標籤化 家庭對話中的標籤化盲點 在家庭對話中，先用標籤化解讀局面，忽略了可被驗證的事實，讓資源交換變得扭曲。 我的第一個解讀若帶著標籤化，那就一定是真相。 標籤化只是其中一種解讀，不是全部事實。 認知 標籤化 家庭 家庭 親子,2026-06-04T10:25:52.059328+00:00,2026-06-04T10:25:52.059328+00:00,[],dialogue,,
tp_cog_066,cognition,COG_006,伴侶衝突中的標籤化盲點,在伴侶衝突中，先用標籤化解讀局面，忽略了可被驗證的事實，讓對話逐漸失衡。,我的第一個解讀若帶著標籤化，那就一定是真相。,標籤化只是其中一種解讀，不是全部事實。,拿掉標籤化後，還有哪些事實仍然成立？,"[""認知"", ""標籤化"", ""伴侶""]","[""伴侶"", ""界線""]",TruthOS seed dataset,cognition 認知 COG_006 標籤化 伴侶衝突中的標籤化盲點 在伴侶衝突中，先用標籤化解讀局面，忽略了可被驗證的事實，讓對話逐漸失衡。 我的第一個解讀若帶著標籤化，那就一定是真相。 標籤化只是其中一種解讀，不是全部事實。 認知 標籤化 伴侶 伴侶 界線,2026-06-04T10:25:52.059328+00:00,2026-06-04T10:25:52.059328+00:00,[],dialogue,,
tp_cog_067,cognition,COG_006,職場協作中的標籤化盲點,在職場協作中，先用標籤化解讀局面，忽略了可被驗證的事實，讓界線變得模糊。,我的第一個解讀若帶著標籤化，那就一定是真相。,標籤化只是其中一種解讀，不是全部事實。,拿掉標籤化後，還有哪些事實仍然成立？,"[""認知"", ""標籤化"", ""職場""]","[""工作"", ""團隊""]",TruthOS seed dataset,cognition 認知 COG_006 標籤化 職場協作中的標籤化盲點 在職場協作中，先用標籤化解讀局面，忽略了可被驗證的事實，讓界線變得模糊。 我的第一個解讀若帶著標籤化，那就一定是真相。 標籤化只是其中一種解讀，不是全部事實。 認知 標籤化 職場 工作 團隊,2026-06-04T10:25:52.059328+00:00,2026-06-04T10:25:52.059328+00:00,[],dialogue,,
tp_cog_068,cognition,COG_007,健康壓力中的自我否定盲點,在健康壓力中，先用自我否定解讀局面，忽略了可被驗證的事實，讓責任位置變得混亂。,我的第一個解讀若帶著自我否定，那就一定是真相。,自我否定只是其中一種解讀，不是全部事實。,拿掉自我否定後，還有哪些事實仍然成立？,"[""認知"", ""自我否定"", ""健康""]","[""健康"", ""壓力""]",TruthOS seed dataset,cognition 認知 COG_007 自我否定 健康壓力中的自我否定盲點 在健康壓力中，先用自我否定解讀局面，忽略了可被驗證的事實，讓責任位置變得混亂。 我的第一個解讀若帶著自我否定，那就一定是真相。 自我否定只是其中一種解讀，不是全部事實。 認知 自我否定 健康 健康 壓力,2026-06-04T10:25:52.059328+00:00,2026-06-04T10:25:52.059328+00:00,[],dialogue,,
tp_cog_069,cognition,COG_007,創作卡關中的自我否定盲點,在創作卡關中，先用自我否定解讀局面，忽略了可被驗證的事實，使真正的需求被遮住。,我的第一個解讀若帶著自我否定，那就一定是真相。,自我否定只是其中一種解讀，不是全部事實。,拿掉自我否定後，還有哪些事實仍然成立？,"[""認知"", ""自我否定"", ""創作""]","[""創作"", ""表達""]",TruthOS seed dataset,cognition 認知 COG_007 自我否定 創作卡關中的自我否定盲點 在創作卡關中，先用自我否定解讀局面，忽略了可被驗證的事實，使真正的需求被遮住。 我的第一個解讀若帶著自我否定，那就一定是真相。 自我否定只是其中一種解讀，不是全部事實。 認知 自我否定 創作 創作 表達,2026-06-04T10:25:52.059328+00:00,2026-06-04T10:25:52.059328+00:00,[],dialogue,,
tp_cog_070,cognition,COG_007,靈性實踐中的自我否定盲點,在靈性實踐中，先用自我否定解讀局面，忽略了可被驗證的事實，讓反饋失去作用。,我的第一個解讀若帶著自我否定，那就一定是真相。,自我否定只是其中一種解讀，不是全部事實。,拿掉自我否定後，還有哪些事實仍然成立？,"[""認知"", ""自我否定"", ""靈性""]","[""靈性"", ""自我觀察""]",TruthOS seed dataset,cognition 認知 COG_007 自我否定 靈性實踐中的自我否定盲點 在靈性實踐中，先用自我否定解讀局面，忽略了可被驗證的事實，讓反饋失去作用。 我的第一個解讀若帶著自我否定，那就一定是真相。 自我否定只是其中一種解讀，不是全部事實。 認知 自我否定 靈性 靈性 自我觀察,2026-06-04T10:25:52.059328+00:00,2026-06-04T10:25:52.059328+00:00,[],dialogue,,
tp_cog_071,cognition,COG_007,重大失落中的自我否定盲點,在重大失落中，先用自我否定解讀局面，忽略了可被驗證的事實，讓信任開始鬆動。,我的第一個解讀若帶著自我否定，那就一定是真相。,自我否定只是其中一種解讀，不是全部事實。,拿掉自我否定後，還有哪些事實仍然成立？,"[""認知"", ""自我否定"", ""失落""]","[""失落"", ""轉化""]",TruthOS seed dataset,cognition 認知 COG_007 自我否定 重大失落中的自我否定盲點 在重大失落中，先用自我否定解讀局面，忽略了可被驗證的事實，讓信任開始鬆動。 我的第一個解讀若帶著自我否定，那就一定是真相。 自我否定只是其中一種解讀，不是全部事實。 認知 自我否定 失落 失落 轉化,2026-06-04T10:25:52.059328+00:00,2026-06-04T10:25:52.059328+00:00,[],dialogue,,
tp_cog_072,cognition,COG_007,教養現場中的自我否定盲點,在教養現場中，先用自我否定解讀局面，忽略了可被驗證的事實，讓決定越來越僵硬。,我的第一個解讀若帶著自我否定，那就一定是真相。,自我否定只是其中一種解讀，不是全部事實。,拿掉自我否定後，還有哪些事實仍然成立？,"[""認知"", ""自我否定"", ""教養""]","[""親子"", ""教養""]",TruthOS seed dataset,cognition 認知 COG_007 自我否定 教養現場中的自我否定盲點 在教養現場中，先用自我否定解讀局面，忽略了可被驗證的事實，讓決定越來越僵硬。 我的第一個解讀若帶著自我否定，那就一定是真相。 自我否定只是其中一種解讀，不是全部事實。 認知 自我否定 教養 親子 教養,2026-06-04T10:25:52.059328+00:00,2026-06-04T10:25:52.059328+00:00,[],dialogue,,
tp_cog_073,cognition,COG_007,團隊回饋中的自我否定盲點,在團隊回饋中，先用自我否定解讀局面，忽略了可被驗證的事實，讓內在更難安定。,我的第一個解讀若帶著自我否定，那就一定是真相。,自我否定只是其中一種解讀，不是全部事實。,拿掉自我否定後，還有哪些事實仍然成立？,"[""認知"", ""自我否定"", ""回饋""]","[""團隊"", ""回饋""]",TruthOS seed dataset,cognition 認知 COG_007 自我否定 團隊回饋中的自我否定盲點 在團隊回饋中，先用自我否定解讀局面，忽略了可被驗證的事實，讓內在更難安定。 我的第一個解讀若帶著自我否定，那就一定是真相。 自我否定只是其中一種解讀，不是全部事實。 認知 自我否定 回饋 團隊 回饋,2026-06-04T10:25:52.059328+00:00,2026-06-04T10:25:52.059328+00:00,[],dialogue,,
tp_cog_074,cognition,COG_007,社群曝光中的自我否定盲點,在社群曝光中，先用自我否定解讀局面，忽略了可被驗證的事實，使互動落入重複循環。,我的第一個解讀若帶著自我否定，那就一定是真相。,自我否定只是其中一種解讀，不是全部事實。,拿掉自我否定後，還有哪些事實仍然成立？,"[""認知"", ""自我否定"", ""社群""]","[""社群"", ""自我價值""]",TruthOS seed dataset,cognition 認知 COG_007 自我否定 社群曝光中的自我否定盲點 在社群曝光中，先用自我否定解讀局面，忽略了可被驗證的事實，使互動落入重複循環。 我的第一個解讀若帶著自我否定，那就一定是真相。 自我否定只是其中一種解讀，不是全部事實。 認知 自我否定 社群 社群 自我價值,2026-06-04T10:25:52.059328+00:00,2026-06-04T10:25:52.059328+00:00,[],dialogue,,
tp_cog_075,cognition,COG_007,家庭對話中的自我否定盲點,在家庭對話中，先用自我否定解讀局面，忽略了可被驗證的事實，讓看見真相的空間縮小。,我的第一個解讀若帶著自我否定，那就一定是真相。,自我否定只是其中一種解讀，不是全部事實。,拿掉自我否定後，還有哪些事實仍然成立？,"[""認知"", ""自我否定"", ""家庭""]","[""家庭"", ""親子""]",TruthOS seed dataset,cognition 認知 COG_007 自我否定 家庭對話中的自我否定盲點 在家庭對話中，先用自我否定解讀局面，忽略了可被驗證的事實，讓看見真相的空間縮小。 我的第一個解讀若帶著自我否定，那就一定是真相。 自我否定只是其中一種解讀，不是全部事實。 認知 自我否定 家庭 家庭 親子,2026-06-04T10:25:52.059328+00:00,2026-06-04T10:25:52.059328+00:00,[],dialogue,,
tp_cog_076,cognition,COG_007,伴侶衝突中的自我否定盲點,在伴侶衝突中，先用自我否定解讀局面，忽略了可被驗證的事實，讓支持變成壓力。,我的第一個解讀若帶著自我否定，那就一定是真相。,自我否定只是其中一種解讀，不是全部事實。,拿掉自我否定後，還有哪些事實仍然成立？,"[""認知"", ""自我否定"", ""伴侶""]","[""伴侶"", ""界線""]",TruthOS seed dataset,cognition 認知 COG_007 自我否定 伴侶衝突中的自我否定盲點 在伴侶衝突中，先用自我否定解讀局面，忽略了可被驗證的事實，讓支持變成壓力。 我的第一個解讀若帶著自我否定，那就一定是真相。 自我否定只是其中一種解讀，不是全部事實。 認知 自我否定 伴侶 伴侶 界線,2026-06-04T10:25:52.059328+00:00,2026-06-04T10:25:52.059328+00:00,[],dialogue,,
tp_cog_077,cognition,COG_007,職場協作中的自我否定盲點,在職場協作中，先用自我否定解讀局面，忽略了可被驗證的事實，讓改變停在表面。,我的第一個解讀若帶著自我否定，那就一定是真相。,自我否定只是其中一種解讀，不是全部事實。,拿掉自我否定後，還有哪些事實仍然成立？,"[""認知"", ""自我否定"", ""職場""]","[""工作"", ""團隊""]",TruthOS seed dataset,cognition 認知 COG_007 自我否定 職場協作中的自我否定盲點 在職場協作中，先用自我否定解讀局面，忽略了可被驗證的事實，讓改變停在表面。 我的第一個解讀若帶著自我否定，那就一定是真相。 自我否定只是其中一種解讀，不是全部事實。 認知 自我否定 職場 工作 團隊,2026-06-04T10:25:52.059328+00:00,2026-06-04T10:25:52.059328+00:00,[],dialogue,,
tp_cog_078,cognition,COG_007,領導決策中的自我否定盲點,在領導決策中，先用自我否定解讀局面，忽略了可被驗證的事實，讓資源交換變得扭曲。,我的第一個解讀若帶著自我否定，那就一定是真相。,自我否定只是其中一種解讀，不是全部事實。,拿掉自我否定後，還有哪些事實仍然成立？,"[""認知"", ""自我否定"", ""領導""]","[""領導"", ""決策""]",TruthOS seed dataset,cognition 認知 COG_007 自我否定 領導決策中的自我否定盲點 在領導決策中，先用自我否定解讀局面，忽略了可被驗證的事實，讓資源交換變得扭曲。 我的第一個解讀若帶著自我否定，那就一定是真相。 自我否定只是其中一種解讀，不是全部事實。 認知 自我否定 領導 領導 決策,2026-06-04T10:25:52.059328+00:00,2026-06-04T10:25:52.059328+00:00,[],dialogue,,
tp_cog_079,cognition,COG_008,創作卡關中的災難化盲點,在創作卡關中，先用災難化解讀局面，忽略了可被驗證的事實，讓對話逐漸失衡。,我的第一個解讀若帶著災難化，那就一定是真相。,災難化只是其中一種解讀，不是全部事實。,拿掉災難化後，還有哪些事實仍然成立？,"[""認知"", ""災難化"", ""創作""]","[""創作"", ""表達""]",TruthOS seed dataset,cognition 認知 COG_008 災難化 創作卡關中的災難化盲點 在創作卡關中，先用災難化解讀局面，忽略了可被驗證的事實，讓對話逐漸失衡。 我的第一個解讀若帶著災難化，那就一定是真相。 災難化只是其中一種解讀，不是全部事實。 認知 災難化 創作 創作 表達,2026-06-04T10:25:52.059328+00:00,2026-06-04T10:25:52.059328+00:00,[],dialogue,,
tp_cog_080,cognition,COG_008,靈性實踐中的災難化盲點,在靈性實踐中，先用災難化解讀局面，忽略了可被驗證的事實，讓界線變得模糊。,我的第一個解讀若帶著災難化，那就一定是真相。,災難化只是其中一種解讀，不是全部事實。,拿掉災難化後，還有哪些事實仍然成立？,"[""認知"", ""災難化"", ""靈性""]","[""靈性"", ""自我觀察""]",TruthOS seed dataset,cognition 認知 COG_008 災難化 靈性實踐中的災難化盲點 在靈性實踐中，先用災難化解讀局面，忽略了可被驗證的事實，讓界線變得模糊。 我的第一個解讀若帶著災難化，那就一定是真相。 災難化只是其中一種解讀，不是全部事實。 認知 災難化 靈性 靈性 自我觀察,2026-06-04T10:25:52.059328+00:00,2026-06-04T10:25:52.059328+00:00,[],dialogue,,
tp_cog_081,cognition,COG_008,重大失落中的災難化盲點,在重大失落中，先用災難化解讀局面，忽略了可被驗證的事實，讓責任位置變得混亂。,我的第一個解讀若帶著災難化，那就一定是真相。,災難化只是其中一種解讀，不是全部事實。,拿掉災難化後，還有哪些事實仍然成立？,"[""認知"", ""災難化"", ""失落""]","[""失落"", ""轉化""]",TruthOS seed dataset,cognition 認知 COG_008 災難化 重大失落中的災難化盲點 在重大失落中，先用災難化解讀局面，忽略了可被驗證的事實，讓責任位置變得混亂。 我的第一個解讀若帶著災難化，那就一定是真相。 災難化只是其中一種解讀，不是全部事實。 認知 災難化 失落 失落 轉化,2026-06-04T10:25:52.059328+00:00,2026-06-04T10:25:52.059328+00:00,[],dialogue,,
tp_cog_082,cognition,COG_008,教養現場中的災難化盲點,在教養現場中，先用災難化解讀局面，忽略了可被驗證的事實，使真正的需求被遮住。,我的第一個解讀若帶著災難化，那就一定是真相。,災難化只是其中一種解讀，不是全部事實。,拿掉災難化後，還有哪些事實仍然成立？,"[""認知"", ""災難化"", ""教養""]","[""親子"", ""教養""]",TruthOS seed dataset,cognition 認知 COG_008 災難化 教養現場中的災難化盲點 在教養現場中，先用災難化解讀局面，忽略了可被驗證的事實，使真正的需求被遮住。 我的第一個解讀若帶著災難化，那就一定是真相。 災難化只是其中一種解讀，不是全部事實。 認知 災難化 教養 親子 教養,2026-06-04T10:25:52.059328+00:00,2026-06-04T10:25:52.059328+00:00,[],dialogue,,
tp_cog_083,cognition,COG_008,團隊回饋中的災難化盲點,在團隊回饋中，先用災難化解讀局面，忽略了可被驗證的事實，讓反饋失去作用。,我的第一個解讀若帶著災難化，那就一定是真相。,災難化只是其中一種解讀，不是全部事實。,拿掉災難化後，還有哪些事實仍然成立？,"[""認知"", ""災難化"", ""回饋""]","[""團隊"", ""回饋""]",TruthOS seed dataset,cognition 認知 COG_008 災難化 團隊回饋中的災難化盲點 在團隊回饋中，先用災難化解讀局面，忽略了可被驗證的事實，讓反饋失去作用。 我的第一個解讀若帶著災難化，那就一定是真相。 災難化只是其中一種解讀，不是全部事實。 認知 災難化 回饋 團隊 回饋,2026-06-04T10:25:52.059328+00:00,2026-06-04T10:25:52.059328+00:00,[],dialogue,,
tp_cog_084,cognition,COG_008,社群曝光中的災難化盲點,在社群曝光中，先用災難化解讀局面，忽略了可被驗證的事實，讓信任開始鬆動。,我的第一個解讀若帶著災難化，那就一定是真相。,災難化只是其中一種解讀，不是全部事實。,拿掉災難化後，還有哪些事實仍然成立？,"[""認知"", ""災難化"", ""社群""]","[""社群"", ""自我價值""]",TruthOS seed dataset,cognition 認知 COG_008 災難化 社群曝光中的災難化盲點 在社群曝光中，先用災難化解讀局面，忽略了可被驗證的事實，讓信任開始鬆動。 我的第一個解讀若帶著災難化，那就一定是真相。 災難化只是其中一種解讀，不是全部事實。 認知 災難化 社群 社群 自我價值,2026-06-04T10:25:52.059328+00:00,2026-06-04T10:25:52.059328+00:00,[],dialogue,,
tp_cog_085,cognition,COG_008,家庭對話中的災難化盲點,在家庭對話中，先用災難化解讀局面，忽略了可被驗證的事實，讓決定越來越僵硬。,我的第一個解讀若帶著災難化，那就一定是真相。,災難化只是其中一種解讀，不是全部事實。,拿掉災難化後，還有哪些事實仍然成立？,"[""認知"", ""災難化"", ""家庭""]","[""家庭"", ""親子""]",TruthOS seed dataset,cognition 認知 COG_008 災難化 家庭對話中的災難化盲點 在家庭對話中，先用災難化解讀局面，忽略了可被驗證的事實，讓決定越來越僵硬。 我的第一個解讀若帶著災難化，那就一定是真相。 災難化只是其中一種解讀，不是全部事實。 認知 災難化 家庭 家庭 親子,2026-06-04T10:25:52.059328+00:00,2026-06-04T10:25:52.059328+00:00,[],dialogue,,
tp_cog_086,cognition,COG_008,伴侶衝突中的災難化盲點,在伴侶衝突中，先用災難化解讀局面，忽略了可被驗證的事實，讓內在更難安定。,我的第一個解讀若帶著災難化，那就一定是真相。,災難化只是其中一種解讀，不是全部事實。,拿掉災難化後，還有哪些事實仍然成立？,"[""認知"", ""災難化"", ""伴侶""]","[""伴侶"", ""界線""]",TruthOS seed dataset,cognition 認知 COG_008 災難化 伴侶衝突中的災難化盲點 在伴侶衝突中，先用災難化解讀局面，忽略了可被驗證的事實，讓內在更難安定。 我的第一個解讀若帶著災難化，那就一定是真相。 災難化只是其中一種解讀，不是全部事實。 認知 災難化 伴侶 伴侶 界線,2026-06-04T10:25:52.059328+00:00,2026-06-04T10:25:52.059328+00:00,[],dialogue,,
tp_cog_087,cognition,COG_008,職場協作中的災難化盲點,在職場協作中，先用災難化解讀局面，忽略了可被驗證的事實，使互動落入重複循環。,我的第一個解讀若帶著災難化，那就一定是真相。,災難化只是其中一種解讀，不是全部事實。,拿掉災難化後，還有哪些事實仍然成立？,"[""認知"", ""災難化"", ""職場""]","[""工作"", ""團隊""]",TruthOS seed dataset,cognition 認知 COG_008 災難化 職場協作中的災難化盲點 在職場協作中，先用災難化解讀局面，忽略了可被驗證的事實，使互動落入重複循環。 我的第一個解讀若帶著災難化，那就一定是真相。 災難化只是其中一種解讀，不是全部事實。 認知 災難化 職場 工作 團隊,2026-06-04T10:25:52.059328+00:00,2026-06-04T10:25:52.059328+00:00,[],dialogue,,
tp_cog_088,cognition,COG_008,領導決策中的災難化盲點,在領導決策中，先用災難化解讀局面，忽略了可被驗證的事實，讓看見真相的空間縮小。,我的第一個解讀若帶著災難化，那就一定是真相。,災難化只是其中一種解讀，不是全部事實。,拿掉災難化後，還有哪些事實仍然成立？,"[""認知"", ""災難化"", ""領導""]","[""領導"", ""決策""]",TruthOS seed dataset,cognition 認知 COG_008 災難化 領導決策中的災難化盲點 在領導決策中，先用災難化解讀局面，忽略了可被驗證的事實，讓看見真相的空間縮小。 我的第一個解讀若帶著災難化，那就一定是真相。 災難化只是其中一種解讀，不是全部事實。 認知 災難化 領導 領導 決策,2026-06-04T10:25:52.059328+00:00,2026-06-04T10:25:52.059328+00:00,[],dialogue,,
tp_cog_089,cognition,COG_008,朋友互動中的災難化盲點,在朋友互動中，先用災難化解讀局面，忽略了可被驗證的事實，讓支持變成壓力。,我的第一個解讀若帶著災難化，那就一定是真相。,災難化只是其中一種解讀，不是全部事實。,拿掉災難化後，還有哪些事實仍然成立？,"[""認知"", ""災難化"", ""友誼""]","[""友誼"", ""界線""]",TruthOS seed dataset,cognition 認知 COG_008 災難化 朋友互動中的災難化盲點 在朋友互動中，先用災難化解讀局面，忽略了可被驗證的事實，讓支持變成壓力。 我的第一個解讀若帶著災難化，那就一定是真相。 災難化只是其中一種解讀，不是全部事實。 認知 災難化 友誼 友誼 界線,2026-06-04T10:25:52.059328+00:00,2026-06-04T10:25:52.059328+00:00,[],dialogue,,
tp_cog_090,cognition,COG_009,靈性實踐中的選擇性失明盲點,在靈性實踐中，先用選擇性失明解讀局面，忽略了可被驗證的事實，讓改變停在表面。,我的第一個解讀若帶著選擇性失明，那就一定是真相。,選擇性失明只是其中一種解讀，不是全部事實。,拿掉選擇性失明後，還有哪些事實仍然成立？,"[""認知"", ""選擇性失明"", ""靈性""]","[""靈性"", ""自我觀察""]",TruthOS seed dataset,cognition 認知 COG_009 選擇性失明 靈性實踐中的選擇性失明盲點 在靈性實踐中，先用選擇性失明解讀局面，忽略了可被驗證的事實，讓改變停在表面。 我的第一個解讀若帶著選擇性失明，那就一定是真相。 選擇性失明只是其中一種解讀，不是全部事實。 認知 選擇性失明 靈性 靈性 自我觀察,2026-06-04T10:25:52.059328+00:00,2026-06-04T10:25:52.059328+00:00,[],dialogue,,
tp_cog_091,cognition,COG_009,重大失落中的選擇性失明盲點,在重大失落中，先用選擇性失明解讀局面，忽略了可被驗證的事實，讓資源交換變得扭曲。,我的第一個解讀若帶著選擇性失明，那就一定是真相。,選擇性失明只是其中一種解讀，不是全部事實。,拿掉選擇性失明後，還有哪些事實仍然成立？,"[""認知"", ""選擇性失明"", ""失落""]","[""失落"", ""轉化""]",TruthOS seed dataset,cognition 認知 COG_009 選擇性失明 重大失落中的選擇性失明盲點 在重大失落中，先用選擇性失明解讀局面，忽略了可被驗證的事實，讓資源交換變得扭曲。 我的第一個解讀若帶著選擇性失明，那就一定是真相。 選擇性失明只是其中一種解讀，不是全部事實。 認知 選擇性失明 失落 失落 轉化,2026-06-04T10:25:52.059328+00:00,2026-06-04T10:25:52.059328+00:00,[],dialogue,,
tp_cog_092,cognition,COG_009,教養現場中的選擇性失明盲點,在教養現場中，先用選擇性失明解讀局面，忽略了可被驗證的事實，讓對話逐漸失衡。,我的第一個解讀若帶著選擇性失明，那就一定是真相。,選擇性失明只是其中一種解讀，不是全部事實。,拿掉選擇性失明後，還有哪些事實仍然成立？,"[""認知"", ""選擇性失明"", ""教養""]","[""親子"", ""教養""]",TruthOS seed dataset,cognition 認知 COG_009 選擇性失明 教養現場中的選擇性失明盲點 在教養現場中，先用選擇性失明解讀局面，忽略了可被驗證的事實，讓對話逐漸失衡。 我的第一個解讀若帶著選擇性失明，那就一定是真相。 選擇性失明只是其中一種解讀，不是全部事實。 認知 選擇性失明 教養 親子 教養,2026-06-04T10:25:52.059328+00:00,2026-06-04T10:25:52.059328+00:00,[],dialogue,,
tp_cog_093,cognition,COG_009,團隊回饋中的選擇性失明盲點,在團隊回饋中，先用選擇性失明解讀局面，忽略了可被驗證的事實，讓界線變得模糊。,我的第一個解讀若帶著選擇性失明，那就一定是真相。,選擇性失明只是其中一種解讀，不是全部事實。,拿掉選擇性失明後，還有哪些事實仍然成立？,"[""認知"", ""選擇性失明"", ""回饋""]","[""團隊"", ""回饋""]",TruthOS seed dataset,cognition 認知 COG_009 選擇性失明 團隊回饋中的選擇性失明盲點 在團隊回饋中，先用選擇性失明解讀局面，忽略了可被驗證的事實，讓界線變得模糊。 我的第一個解讀若帶著選擇性失明，那就一定是真相。 選擇性失明只是其中一種解讀，不是全部事實。 認知 選擇性失明 回饋 團隊 回饋,2026-06-04T10:25:52.059328+00:00,2026-06-04T10:25:52.059328+00:00,[],dialogue,,
tp_cog_094,cognition,COG_009,社群曝光中的選擇性失明盲點,在社群曝光中，先用選擇性失明解讀局面，忽略了可被驗證的事實，讓責任位置變得混亂。,我的第一個解讀若帶著選擇性失明，那就一定是真相。,選擇性失明只是其中一種解讀，不是全部事實。,拿掉選擇性失明後，還有哪些事實仍然成立？,"[""認知"", ""選擇性失明"", ""社群""]","[""社群"", ""自我價值""]",TruthOS seed dataset,cognition 認知 COG_009 選擇性失明 社群曝光中的選擇性失明盲點 在社群曝光中，先用選擇性失明解讀局面，忽略了可被驗證的事實，讓責任位置變得混亂。 我的第一個解讀若帶著選擇性失明，那就一定是真相。 選擇性失明只是其中一種解讀，不是全部事實。 認知 選擇性失明 社群 社群 自我價值,2026-06-04T10:25:52.059328+00:00,2026-06-04T10:25:52.059328+00:00,[],dialogue,,
tp_cog_095,cognition,COG_009,家庭對話中的選擇性失明盲點,在家庭對話中，先用選擇性失明解讀局面，忽略了可被驗證的事實，使真正的需求被遮住。,我的第一個解讀若帶著選擇性失明，那就一定是真相。,選擇性失明只是其中一種解讀，不是全部事實。,拿掉選擇性失明後，還有哪些事實仍然成立？,"[""認知"", ""選擇性失明"", ""家庭""]","[""家庭"", ""親子""]",TruthOS seed dataset,cognition 認知 COG_009 選擇性失明 家庭對話中的選擇性失明盲點 在家庭對話中，先用選擇性失明解讀局面，忽略了可被驗證的事實，使真正的需求被遮住。 我的第一個解讀若帶著選擇性失明，那就一定是真相。 選擇性失明只是其中一種解讀，不是全部事實。 認知 選擇性失明 家庭 家庭 親子,2026-06-04T10:25:52.059328+00:00,2026-06-04T10:25:52.059328+00:00,[],dialogue,,
tp_cog_096,cognition,COG_009,伴侶衝突中的選擇性失明盲點,在伴侶衝突中，先用選擇性失明解讀局面，忽略了可被驗證的事實，讓反饋失去作用。,我的第一個解讀若帶著選擇性失明，那就一定是真相。,選擇性失明只是其中一種解讀，不是全部事實。,拿掉選擇性失明後，還有哪些事實仍然成立？,"[""認知"", ""選擇性失明"", ""伴侶""]","[""伴侶"", ""界線""]",TruthOS seed dataset,cognition 認知 COG_009 選擇性失明 伴侶衝突中的選擇性失明盲點 在伴侶衝突中，先用選擇性失明解讀局面，忽略了可被驗證的事實，讓反饋失去作用。 我的第一個解讀若帶著選擇性失明，那就一定是真相。 選擇性失明只是其中一種解讀，不是全部事實。 認知 選擇性失明 伴侶 伴侶 界線,2026-06-04T10:25:52.059328+00:00,2026-06-04T10:25:52.059328+00:00,[],dialogue,,
tp_cog_097,cognition,COG_009,職場協作中的選擇性失明盲點,在職場協作中，先用選擇性失明解讀局面，忽略了可被驗證的事實，讓信任開始鬆動。,我的第一個解讀若帶著選擇性失明，那就一定是真相。,選擇性失明只是其中一種解讀，不是全部事實。,拿掉選擇性失明後，還有哪些事實仍然成立？,"[""認知"", ""選擇性失明"", ""職場""]","[""工作"", ""團隊""]",TruthOS seed dataset,cognition 認知 COG_009 選擇性失明 職場協作中的選擇性失明盲點 在職場協作中，先用選擇性失明解讀局面，忽略了可被驗證的事實，讓信任開始鬆動。 我的第一個解讀若帶著選擇性失明，那就一定是真相。 選擇性失明只是其中一種解讀，不是全部事實。 認知 選擇性失明 職場 工作 團隊,2026-06-04T10:25:52.059328+00:00,2026-06-04T10:25:52.059328+00:00,[],dialogue,,
tp_cog_098,cognition,COG_009,領導決策中的選擇性失明盲點,在領導決策中，先用選擇性失明解讀局面，忽略了可被驗證的事實，讓決定越來越僵硬。,我的第一個解讀若帶著選擇性失明，那就一定是真相。,選擇性失明只是其中一種解讀，不是全部事實。,拿掉選擇性失明後，還有哪些事實仍然成立？,"[""認知"", ""選擇性失明"", ""領導""]","[""領導"", ""決策""]",TruthOS seed dataset,cognition 認知 COG_009 選擇性失明 領導決策中的選擇性失明盲點 在領導決策中，先用選擇性失明解讀局面，忽略了可被驗證的事實，讓決定越來越僵硬。 我的第一個解讀若帶著選擇性失明，那就一定是真相。 選擇性失明只是其中一種解讀，不是全部事實。 認知 選擇性失明 領導 領導 決策,2026-06-04T10:25:52.059328+00:00,2026-06-04T10:25:52.059328+00:00,[],dialogue,,
tp_cog_099,cognition,COG_009,朋友互動中的選擇性失明盲點,在朋友互動中，先用選擇性失明解讀局面，忽略了可被驗證的事實，讓內在更難安定。,我的第一個解讀若帶著選擇性失明，那就一定是真相。,選擇性失明只是其中一種解讀，不是全部事實。,拿掉選擇性失明後，還有哪些事實仍然成立？,"[""認知"", ""選擇性失明"", ""友誼""]","[""友誼"", ""界線""]",TruthOS seed dataset,cognition 認知 COG_009 選擇性失明 朋友互動中的選擇性失明盲點 在朋友互動中，先用選擇性失明解讀局面，忽略了可被驗證的事實，讓內在更難安定。 我的第一個解讀若帶著選擇性失明，那就一定是真相。 選擇性失明只是其中一種解讀，不是全部事實。 認知 選擇性失明 友誼 友誼 界線,2026-06-04T10:25:52.059328+00:00,2026-06-04T10:25:52.059328+00:00,[],dialogue,,
tp_cog_100,cognition,COG_009,金錢選擇中的選擇性失明盲點,在金錢選擇中，先用選擇性失明解讀局面，忽略了可被驗證的事實，使互動落入重複循環。,我的第一個解讀若帶著選擇性失明，那就一定是真相。,選擇性失明只是其中一種解讀，不是全部事實。,拿掉選擇性失明後，還有哪些事實仍然成立？,"[""認知"", ""選擇性失明"", ""金錢""]","[""金錢"", ""價值""]",TruthOS seed dataset,cognition 認知 COG_009 選擇性失明 金錢選擇中的選擇性失明盲點 在金錢選擇中，先用選擇性失明解讀局面，忽略了可被驗證的事實，使互動落入重複循環。 我的第一個解讀若帶著選擇性失明，那就一定是真相。 選擇性失明只是其中一種解讀，不是全部事實。 認知 選擇性失明 金錢 金錢 價值,2026-06-04T10:25:52.059328+00:00,2026-06-04T10:25:52.059328+00:00,[],dialogue,,
tp_emo_001,emotion,EMO_001,家庭對話中的壓抑盲點,在家庭對話中，情緒停在壓抑，於是聽不見更深層的需要，讓對話逐漸失衡。,只要我感到壓抑，外界就一定應該改變。,壓抑是訊號，不是完整結論。,壓抑底下那個還沒被承認的需要是什麼？,"[""情緒"", ""壓抑"", ""家庭""]","[""家庭"", ""親子""]",TruthOS seed dataset,emotion 情緒 EMO_001 壓抑 家庭對話中的壓抑盲點 在家庭對話中，情緒停在壓抑，於是聽不見更深層的需要，讓對話逐漸失衡。 只要我感到壓抑，外界就一定應該改變。 壓抑是訊號，不是完整結論。 情緒 壓抑 家庭 家庭 親子,2026-06-04T10:25:52.059328+00:00,2026-06-04T10:25:52.059328+00:00,[],dialogue,,
tp_emo_002,emotion,EMO_001,伴侶衝突中的壓抑盲點,在伴侶衝突中，情緒停在壓抑，於是聽不見更深層的需要，讓界線變得模糊。,只要我感到壓抑，外界就一定應該改變。,壓抑是訊號，不是完整結論。,壓抑底下那個還沒被承認的需要是什麼？,"[""情緒"", ""壓抑"", ""伴侶""]","[""伴侶"", ""界線""]",TruthOS seed dataset,emotion 情緒 EMO_001 壓抑 伴侶衝突中的壓抑盲點 在伴侶衝突中，情緒停在壓抑，於是聽不見更深層的需要，讓界線變得模糊。 只要我感到壓抑，外界就一定應該改變。 壓抑是訊號，不是完整結論。 情緒 壓抑 伴侶 伴侶 界線,2026-06-04T10:25:52.059328+00:00,2026-06-04T10:25:52.059328+00:00,[],dialogue,,
tp_emo_003,emotion,EMO_001,職場協作中的壓抑盲點,在職場協作中，情緒停在壓抑，於是聽不見更深層的需要，讓責任位置變得混亂。,只要我感到壓抑，外界就一定應該改變。,壓抑是訊號，不是完整結論。,壓抑底下那個還沒被承認的需要是什麼？,"[""情緒"", ""壓抑"", ""職場""]","[""工作"", ""團隊""]",TruthOS seed dataset,emotion 情緒 EMO_001 壓抑 職場協作中的壓抑盲點 在職場協作中，情緒停在壓抑，於是聽不見更深層的需要，讓責任位置變得混亂。 只要我感到壓抑，外界就一定應該改變。 壓抑是訊號，不是完整結論。 情緒 壓抑 職場 工作 團隊,2026-06-04T10:25:52.059328+00:00,2026-06-04T10:25:52.059328+00:00,[],dialogue,,
tp_emo_004,emotion,EMO_001,領導決策中的壓抑盲點,在領導決策中，情緒停在壓抑，於是聽不見更深層的需要，使真正的需求被遮住。,只要我感到壓抑，外界就一定應該改變。,壓抑是訊號，不是完整結論。,壓抑底下那個還沒被承認的需要是什麼？,"[""情緒"", ""壓抑"", ""領導""]","[""領導"", ""決策""]",TruthOS seed dataset,emotion 情緒 EMO_001 壓抑 領導決策中的壓抑盲點 在領導決策中，情緒停在壓抑，於是聽不見更深層的需要，使真正的需求被遮住。 只要我感到壓抑，外界就一定應該改變。 壓抑是訊號，不是完整結論。 情緒 壓抑 領導 領導 決策,2026-06-04T10:25:52.059328+00:00,2026-06-04T10:25:52.059328+00:00,[],dialogue,,
tp_emo_005,emotion,EMO_001,朋友互動中的壓抑盲點,在朋友互動中，情緒停在壓抑，於是聽不見更深層的需要，讓反饋失去作用。,只要我感到壓抑，外界就一定應該改變。,壓抑是訊號，不是完整結論。,壓抑底下那個還沒被承認的需要是什麼？,"[""情緒"", ""壓抑"", ""友誼""]","[""友誼"", ""界線""]",TruthOS seed dataset,emotion 情緒 EMO_001 壓抑 朋友互動中的壓抑盲點 在朋友互動中，情緒停在壓抑，於是聽不見更深層的需要，讓反饋失去作用。 只要我感到壓抑，外界就一定應該改變。 壓抑是訊號，不是完整結論。 情緒 壓抑 友誼 友誼 界線,2026-06-04T10:25:52.059328+00:00,2026-06-04T10:25:52.059328+00:00,[],dialogue,,
tp_emo_006,emotion,EMO_001,金錢選擇中的壓抑盲點,在金錢選擇中，情緒停在壓抑，於是聽不見更深層的需要，讓信任開始鬆動。,只要我感到壓抑，外界就一定應該改變。,壓抑是訊號，不是完整結論。,壓抑底下那個還沒被承認的需要是什麼？,"[""情緒"", ""壓抑"", ""金錢""]","[""金錢"", ""價值""]",TruthOS seed dataset,emotion 情緒 EMO_001 壓抑 金錢選擇中的壓抑盲點 在金錢選擇中，情緒停在壓抑，於是聽不見更深層的需要，讓信任開始鬆動。 只要我感到壓抑，外界就一定應該改變。 壓抑是訊號，不是完整結論。 情緒 壓抑 金錢 金錢 價值,2026-06-04T10:25:52.059328+00:00,2026-06-04T10:25:52.059328+00:00,[],dialogue,,
tp_emo_007,emotion,EMO_001,健康壓力中的壓抑盲點,在健康壓力中，情緒停在壓抑，於是聽不見更深層的需要，讓決定越來越僵硬。,只要我感到壓抑，外界就一定應該改變。,壓抑是訊號，不是完整結論。,壓抑底下那個還沒被承認的需要是什麼？,"[""情緒"", ""壓抑"", ""健康""]","[""健康"", ""壓力""]",TruthOS seed dataset,emotion 情緒 EMO_001 壓抑 健康壓力中的壓抑盲點 在健康壓力中，情緒停在壓抑，於是聽不見更深層的需要，讓決定越來越僵硬。 只要我感到壓抑，外界就一定應該改變。 壓抑是訊號，不是完整結論。 情緒 壓抑 健康 健康 壓力,2026-06-04T10:25:52.059328+00:00,2026-06-04T10:25:52.059328+00:00,[],dialogue,,
tp_emo_008,emotion,EMO_001,創作卡關中的壓抑盲點,在創作卡關中，情緒停在壓抑，於是聽不見更深層的需要，讓內在更難安定。,只要我感到壓抑，外界就一定應該改變。,壓抑是訊號，不是完整結論。,壓抑底下那個還沒被承認的需要是什麼？,"[""情緒"", ""壓抑"", ""創作""]","[""創作"", ""表達""]",TruthOS seed dataset,emotion 情緒 EMO_001 壓抑 創作卡關中的壓抑盲點 在創作卡關中，情緒停在壓抑，於是聽不見更深層的需要，讓內在更難安定。 只要我感到壓抑，外界就一定應該改變。 壓抑是訊號，不是完整結論。 情緒 壓抑 創作 創作 表達,2026-06-04T10:25:52.059328+00:00,2026-06-04T10:25:52.059328+00:00,[],dialogue,,
tp_emo_009,emotion,EMO_001,靈性實踐中的壓抑盲點,在靈性實踐中，情緒停在壓抑，於是聽不見更深層的需要，使互動落入重複循環。,只要我感到壓抑，外界就一定應該改變。,壓抑是訊號，不是完整結論。,壓抑底下那個還沒被承認的需要是什麼？,"[""情緒"", ""壓抑"", ""靈性""]","[""靈性"", ""自我觀察""]",TruthOS seed dataset,emotion 情緒 EMO_001 壓抑 靈性實踐中的壓抑盲點 在靈性實踐中，情緒停在壓抑，於是聽不見更深層的需要，使互動落入重複循環。 只要我感到壓抑，外界就一定應該改變。 壓抑是訊號，不是完整結論。 情緒 壓抑 靈性 靈性 自我觀察,2026-06-04T10:25:52.059328+00:00,2026-06-04T10:25:52.059328+00:00,[],dialogue,,
tp_emo_010,emotion,EMO_001,重大失落中的壓抑盲點,在重大失落中，情緒停在壓抑，於是聽不見更深層的需要，讓看見真相的空間縮小。,只要我感到壓抑，外界就一定應該改變。,壓抑是訊號，不是完整結論。,壓抑底下那個還沒被承認的需要是什麼？,"[""情緒"", ""壓抑"", ""失落""]","[""失落"", ""轉化""]",TruthOS seed dataset,emotion 情緒 EMO_001 壓抑 重大失落中的壓抑盲點 在重大失落中，情緒停在壓抑，於是聽不見更深層的需要，讓看見真相的空間縮小。 只要我感到壓抑，外界就一定應該改變。 壓抑是訊號，不是完整結論。 情緒 壓抑 失落 失落 轉化,2026-06-04T10:25:52.059328+00:00,2026-06-04T10:25:52.059328+00:00,[],dialogue,,
tp_emo_011,emotion,EMO_001,教養現場中的壓抑盲點,在教養現場中，情緒停在壓抑，於是聽不見更深層的需要，讓支持變成壓力。,只要我感到壓抑，外界就一定應該改變。,壓抑是訊號，不是完整結論。,壓抑底下那個還沒被承認的需要是什麼？,"[""情緒"", ""壓抑"", ""教養""]","[""親子"", ""教養""]",TruthOS seed dataset,emotion 情緒 EMO_001 壓抑 教養現場中的壓抑盲點 在教養現場中，情緒停在壓抑，於是聽不見更深層的需要，讓支持變成壓力。 只要我感到壓抑，外界就一定應該改變。 壓抑是訊號，不是完整結論。 情緒 壓抑 教養 親子 教養,2026-06-04T10:25:52.059328+00:00,2026-06-04T10:25:52.059328+00:00,[],dialogue,,
tp_emo_012,emotion,EMO_001,團隊回饋中的壓抑盲點,在團隊回饋中，情緒停在壓抑，於是聽不見更深層的需要，讓改變停在表面。,只要我感到壓抑，外界就一定應該改變。,壓抑是訊號，不是完整結論。,壓抑底下那個還沒被承認的需要是什麼？,"[""情緒"", ""壓抑"", ""回饋""]","[""團隊"", ""回饋""]",TruthOS seed dataset,emotion 情緒 EMO_001 壓抑 團隊回饋中的壓抑盲點 在團隊回饋中，情緒停在壓抑，於是聽不見更深層的需要，讓改變停在表面。 只要我感到壓抑，外界就一定應該改變。 壓抑是訊號，不是完整結論。 情緒 壓抑 回饋 團隊 回饋,2026-06-04T10:25:52.059328+00:00,2026-06-04T10:25:52.059328+00:00,[],dialogue,,
tp_emo_013,emotion,EMO_002,伴侶衝突中的爆發盲點,在伴侶衝突中，情緒停在爆發，於是聽不見更深層的需要，讓資源交換變得扭曲。,只要我感到爆發，外界就一定應該改變。,爆發是訊號，不是完整結論。,爆發底下那個還沒被承認的需要是什麼？,"[""情緒"", ""爆發"", ""伴侶""]","[""伴侶"", ""界線""]",TruthOS seed dataset,emotion 情緒 EMO_002 爆發 伴侶衝突中的爆發盲點 在伴侶衝突中，情緒停在爆發，於是聽不見更深層的需要，讓資源交換變得扭曲。 只要我感到爆發，外界就一定應該改變。 爆發是訊號，不是完整結論。 情緒 爆發 伴侶 伴侶 界線,2026-06-04T10:25:52.059328+00:00,2026-06-04T10:25:52.059328+00:00,[],dialogue,,
tp_emo_014,emotion,EMO_002,職場協作中的爆發盲點,在職場協作中，情緒停在爆發，於是聽不見更深層的需要，讓對話逐漸失衡。,只要我感到爆發，外界就一定應該改變。,爆發是訊號，不是完整結論。,爆發底下那個還沒被承認的需要是什麼？,"[""情緒"", ""爆發"", ""職場""]","[""工作"", ""團隊""]",TruthOS seed dataset,emotion 情緒 EMO_002 爆發 職場協作中的爆發盲點 在職場協作中，情緒停在爆發，於是聽不見更深層的需要，讓對話逐漸失衡。 只要我感到爆發，外界就一定應該改變。 爆發是訊號，不是完整結論。 情緒 爆發 職場 工作 團隊,2026-06-04T10:25:52.059328+00:00,2026-06-04T10:25:52.059328+00:00,[],dialogue,,
tp_emo_015,emotion,EMO_002,領導決策中的爆發盲點,在領導決策中，情緒停在爆發，於是聽不見更深層的需要，讓界線變得模糊。,只要我感到爆發，外界就一定應該改變。,爆發是訊號，不是完整結論。,爆發底下那個還沒被承認的需要是什麼？,"[""情緒"", ""爆發"", ""領導""]","[""領導"", ""決策""]",TruthOS seed dataset,emotion 情緒 EMO_002 爆發 領導決策中的爆發盲點 在領導決策中，情緒停在爆發，於是聽不見更深層的需要，讓界線變得模糊。 只要我感到爆發，外界就一定應該改變。 爆發是訊號，不是完整結論。 情緒 爆發 領導 領導 決策,2026-06-04T10:25:52.059328+00:00,2026-06-04T10:25:52.059328+00:00,[],dialogue,,
tp_emo_016,emotion,EMO_002,朋友互動中的爆發盲點,在朋友互動中，情緒停在爆發，於是聽不見更深層的需要，讓責任位置變得混亂。,只要我感到爆發，外界就一定應該改變。,爆發是訊號，不是完整結論。,爆發底下那個還沒被承認的需要是什麼？,"[""情緒"", ""爆發"", ""友誼""]","[""友誼"", ""界線""]",TruthOS seed dataset,emotion 情緒 EMO_002 爆發 朋友互動中的爆發盲點 在朋友互動中，情緒停在爆發，於是聽不見更深層的需要，讓責任位置變得混亂。 只要我感到爆發，外界就一定應該改變。 爆發是訊號，不是完整結論。 情緒 爆發 友誼 友誼 界線,2026-06-04T10:25:52.059328+00:00,2026-06-04T10:25:52.059328+00:00,[],dialogue,,
tp_emo_017,emotion,EMO_002,金錢選擇中的爆發盲點,在金錢選擇中，情緒停在爆發，於是聽不見更深層的需要，使真正的需求被遮住。,只要我感到爆發，外界就一定應該改變。,爆發是訊號，不是完整結論。,爆發底下那個還沒被承認的需要是什麼？,"[""情緒"", ""爆發"", ""金錢""]","[""金錢"", ""價值""]",TruthOS seed dataset,emotion 情緒 EMO_002 爆發 金錢選擇中的爆發盲點 在金錢選擇中，情緒停在爆發，於是聽不見更深層的需要，使真正的需求被遮住。 只要我感到爆發，外界就一定應該改變。 爆發是訊號，不是完整結論。 情緒 爆發 金錢 金錢 價值,2026-06-04T10:25:52.059328+00:00,2026-06-04T10:25:52.059328+00:00,[],dialogue,,
tp_emo_018,emotion,EMO_002,健康壓力中的爆發盲點,在健康壓力中，情緒停在爆發，於是聽不見更深層的需要，讓反饋失去作用。,只要我感到爆發，外界就一定應該改變。,爆發是訊號，不是完整結論。,爆發底下那個還沒被承認的需要是什麼？,"[""情緒"", ""爆發"", ""健康""]","[""健康"", ""壓力""]",TruthOS seed dataset,emotion 情緒 EMO_002 爆發 健康壓力中的爆發盲點 在健康壓力中，情緒停在爆發，於是聽不見更深層的需要，讓反饋失去作用。 只要我感到爆發，外界就一定應該改變。 爆發是訊號，不是完整結論。 情緒 爆發 健康 健康 壓力,2026-06-04T10:25:52.059328+00:00,2026-06-04T10:25:52.059328+00:00,[],dialogue,,
tp_emo_019,emotion,EMO_002,創作卡關中的爆發盲點,在創作卡關中，情緒停在爆發，於是聽不見更深層的需要，讓信任開始鬆動。,只要我感到爆發，外界就一定應該改變。,爆發是訊號，不是完整結論。,爆發底下那個還沒被承認的需要是什麼？,"[""情緒"", ""爆發"", ""創作""]","[""創作"", ""表達""]",TruthOS seed dataset,emotion 情緒 EMO_002 爆發 創作卡關中的爆發盲點 在創作卡關中，情緒停在爆發，於是聽不見更深層的需要，讓信任開始鬆動。 只要我感到爆發，外界就一定應該改變。 爆發是訊號，不是完整結論。 情緒 爆發 創作 創作 表達,2026-06-04T10:25:52.059328+00:00,2026-06-04T10:25:52.059328+00:00,[],dialogue,,
tp_emo_020,emotion,EMO_002,靈性實踐中的爆發盲點,在靈性實踐中，情緒停在爆發，於是聽不見更深層的需要，讓決定越來越僵硬。,只要我感到爆發，外界就一定應該改變。,爆發是訊號，不是完整結論。,爆發底下那個還沒被承認的需要是什麼？,"[""情緒"", ""爆發"", ""靈性""]","[""靈性"", ""自我觀察""]",TruthOS seed dataset,emotion 情緒 EMO_002 爆發 靈性實踐中的爆發盲點 在靈性實踐中，情緒停在爆發，於是聽不見更深層的需要，讓決定越來越僵硬。 只要我感到爆發，外界就一定應該改變。 爆發是訊號，不是完整結論。 情緒 爆發 靈性 靈性 自我觀察,2026-06-04T10:25:52.059328+00:00,2026-06-04T10:25:52.059328+00:00,[],dialogue,,
tp_emo_021,emotion,EMO_002,重大失落中的爆發盲點,在重大失落中，情緒停在爆發，於是聽不見更深層的需要，讓內在更難安定。,只要我感到爆發，外界就一定應該改變。,爆發是訊號，不是完整結論。,爆發底下那個還沒被承認的需要是什麼？,"[""情緒"", ""爆發"", ""失落""]","[""失落"", ""轉化""]",TruthOS seed dataset,emotion 情緒 EMO_002 爆發 重大失落中的爆發盲點 在重大失落中，情緒停在爆發，於是聽不見更深層的需要，讓內在更難安定。 只要我感到爆發，外界就一定應該改變。 爆發是訊號，不是完整結論。 情緒 爆發 失落 失落 轉化,2026-06-04T10:25:52.059328+00:00,2026-06-04T10:25:52.059328+00:00,[],dialogue,,
tp_emo_022,emotion,EMO_002,教養現場中的爆發盲點,在教養現場中，情緒停在爆發，於是聽不見更深層的需要，使互動落入重複循環。,只要我感到爆發，外界就一定應該改變。,爆發是訊號，不是完整結論。,爆發底下那個還沒被承認的需要是什麼？,"[""情緒"", ""爆發"", ""教養""]","[""親子"", ""教養""]",TruthOS seed dataset,emotion 情緒 EMO_002 爆發 教養現場中的爆發盲點 在教養現場中，情緒停在爆發，於是聽不見更深層的需要，使互動落入重複循環。 只要我感到爆發，外界就一定應該改變。 爆發是訊號，不是完整結論。 情緒 爆發 教養 親子 教養,2026-06-04T10:25:52.059328+00:00,2026-06-04T10:25:52.059328+00:00,[],dialogue,,
tp_emo_023,emotion,EMO_002,團隊回饋中的爆發盲點,在團隊回饋中，情緒停在爆發，於是聽不見更深層的需要，讓看見真相的空間縮小。,只要我感到爆發，外界就一定應該改變。,爆發是訊號，不是完整結論。,爆發底下那個還沒被承認的需要是什麼？,"[""情緒"", ""爆發"", ""回饋""]","[""團隊"", ""回饋""]",TruthOS seed dataset,emotion 情緒 EMO_002 爆發 團隊回饋中的爆發盲點 在團隊回饋中，情緒停在爆發，於是聽不見更深層的需要，讓看見真相的空間縮小。 只要我感到爆發，外界就一定應該改變。 爆發是訊號，不是完整結論。 情緒 爆發 回饋 團隊 回饋,2026-06-04T10:25:52.059328+00:00,2026-06-04T10:25:52.059328+00:00,[],dialogue,,
tp_emo_024,emotion,EMO_003,職場協作中的麻木盲點,在職場協作中，情緒停在麻木，於是聽不見更深層的需要，讓支持變成壓力。,只要我感到麻木，外界就一定應該改變。,麻木是訊號，不是完整結論。,麻木底下那個還沒被承認的需要是什麼？,"[""情緒"", ""麻木"", ""職場""]","[""工作"", ""團隊""]",TruthOS seed dataset,emotion 情緒 EMO_003 麻木 職場協作中的麻木盲點 在職場協作中，情緒停在麻木，於是聽不見更深層的需要，讓支持變成壓力。 只要我感到麻木，外界就一定應該改變。 麻木是訊號，不是完整結論。 情緒 麻木 職場 工作 團隊,2026-06-04T10:25:52.059328+00:00,2026-06-04T10:25:52.059328+00:00,[],dialogue,,
tp_emo_025,emotion,EMO_003,領導決策中的麻木盲點,在領導決策中，情緒停在麻木，於是聽不見更深層的需要，讓改變停在表面。,只要我感到麻木，外界就一定應該改變。,麻木是訊號，不是完整結論。,麻木底下那個還沒被承認的需要是什麼？,"[""情緒"", ""麻木"", ""領導""]","[""領導"", ""決策""]",TruthOS seed dataset,emotion 情緒 EMO_003 麻木 領導決策中的麻木盲點 在領導決策中，情緒停在麻木，於是聽不見更深層的需要，讓改變停在表面。 只要我感到麻木，外界就一定應該改變。 麻木是訊號，不是完整結論。 情緒 麻木 領導 領導 決策,2026-06-04T10:25:52.059328+00:00,2026-06-04T10:25:52.059328+00:00,[],dialogue,,
tp_emo_026,emotion,EMO_003,朋友互動中的麻木盲點,在朋友互動中，情緒停在麻木，於是聽不見更深層的需要，讓資源交換變得扭曲。,只要我感到麻木，外界就一定應該改變。,麻木是訊號，不是完整結論。,麻木底下那個還沒被承認的需要是什麼？,"[""情緒"", ""麻木"", ""友誼""]","[""友誼"", ""界線""]",TruthOS seed dataset,emotion 情緒 EMO_003 麻木 朋友互動中的麻木盲點 在朋友互動中，情緒停在麻木，於是聽不見更深層的需要，讓資源交換變得扭曲。 只要我感到麻木，外界就一定應該改變。 麻木是訊號，不是完整結論。 情緒 麻木 友誼 友誼 界線,2026-06-04T10:25:52.059328+00:00,2026-06-04T10:25:52.059328+00:00,[],dialogue,,
tp_emo_027,emotion,EMO_003,金錢選擇中的麻木盲點,在金錢選擇中，情緒停在麻木，於是聽不見更深層的需要，讓對話逐漸失衡。,只要我感到麻木，外界就一定應該改變。,麻木是訊號，不是完整結論。,麻木底下那個還沒被承認的需要是什麼？,"[""情緒"", ""麻木"", ""金錢""]","[""金錢"", ""價值""]",TruthOS seed dataset,emotion 情緒 EMO_003 麻木 金錢選擇中的麻木盲點 在金錢選擇中，情緒停在麻木，於是聽不見更深層的需要，讓對話逐漸失衡。 只要我感到麻木，外界就一定應該改變。 麻木是訊號，不是完整結論。 情緒 麻木 金錢 金錢 價值,2026-06-04T10:25:52.059328+00:00,2026-06-04T10:25:52.059328+00:00,[],dialogue,,
tp_emo_028,emotion,EMO_003,健康壓力中的麻木盲點,在健康壓力中，情緒停在麻木，於是聽不見更深層的需要，讓界線變得模糊。,只要我感到麻木，外界就一定應該改變。,麻木是訊號，不是完整結論。,麻木底下那個還沒被承認的需要是什麼？,"[""情緒"", ""麻木"", ""健康""]","[""健康"", ""壓力""]",TruthOS seed dataset,emotion 情緒 EMO_003 麻木 健康壓力中的麻木盲點 在健康壓力中，情緒停在麻木，於是聽不見更深層的需要，讓界線變得模糊。 只要我感到麻木，外界就一定應該改變。 麻木是訊號，不是完整結論。 情緒 麻木 健康 健康 壓力,2026-06-04T10:25:52.059328+00:00,2026-06-04T10:25:52.059328+00:00,[],dialogue,,
tp_emo_029,emotion,EMO_003,創作卡關中的麻木盲點,在創作卡關中，情緒停在麻木，於是聽不見更深層的需要，讓責任位置變得混亂。,只要我感到麻木，外界就一定應該改變。,麻木是訊號，不是完整結論。,麻木底下那個還沒被承認的需要是什麼？,"[""情緒"", ""麻木"", ""創作""]","[""創作"", ""表達""]",TruthOS seed dataset,emotion 情緒 EMO_003 麻木 創作卡關中的麻木盲點 在創作卡關中，情緒停在麻木，於是聽不見更深層的需要，讓責任位置變得混亂。 只要我感到麻木，外界就一定應該改變。 麻木是訊號，不是完整結論。 情緒 麻木 創作 創作 表達,2026-06-04T10:25:52.059328+00:00,2026-06-04T10:25:52.059328+00:00,[],dialogue,,
tp_emo_030,emotion,EMO_003,靈性實踐中的麻木盲點,在靈性實踐中，情緒停在麻木，於是聽不見更深層的需要，使真正的需求被遮住。,只要我感到麻木，外界就一定應該改變。,麻木是訊號，不是完整結論。,麻木底下那個還沒被承認的需要是什麼？,"[""情緒"", ""麻木"", ""靈性""]","[""靈性"", ""自我觀察""]",TruthOS seed dataset,emotion 情緒 EMO_003 麻木 靈性實踐中的麻木盲點 在靈性實踐中，情緒停在麻木，於是聽不見更深層的需要，使真正的需求被遮住。 只要我感到麻木，外界就一定應該改變。 麻木是訊號，不是完整結論。 情緒 麻木 靈性 靈性 自我觀察,2026-06-04T10:25:52.059328+00:00,2026-06-04T10:25:52.059328+00:00,[],dialogue,,
tp_emo_031,emotion,EMO_003,重大失落中的麻木盲點,在重大失落中，情緒停在麻木，於是聽不見更深層的需要，讓反饋失去作用。,只要我感到麻木，外界就一定應該改變。,麻木是訊號，不是完整結論。,麻木底下那個還沒被承認的需要是什麼？,"[""情緒"", ""麻木"", ""失落""]","[""失落"", ""轉化""]",TruthOS seed dataset,emotion 情緒 EMO_003 麻木 重大失落中的麻木盲點 在重大失落中，情緒停在麻木，於是聽不見更深層的需要，讓反饋失去作用。 只要我感到麻木，外界就一定應該改變。 麻木是訊號，不是完整結論。 情緒 麻木 失落 失落 轉化,2026-06-04T10:25:52.059328+00:00,2026-06-04T10:25:52.059328+00:00,[],dialogue,,
tp_emo_032,emotion,EMO_003,教養現場中的麻木盲點,在教養現場中，情緒停在麻木，於是聽不見更深層的需要，讓信任開始鬆動。,只要我感到麻木，外界就一定應該改變。,麻木是訊號，不是完整結論。,麻木底下那個還沒被承認的需要是什麼？,"[""情緒"", ""麻木"", ""教養""]","[""親子"", ""教養""]",TruthOS seed dataset,emotion 情緒 EMO_003 麻木 教養現場中的麻木盲點 在教養現場中，情緒停在麻木，於是聽不見更深層的需要，讓信任開始鬆動。 只要我感到麻木，外界就一定應該改變。 麻木是訊號，不是完整結論。 情緒 麻木 教養 親子 教養,2026-06-04T10:25:52.059328+00:00,2026-06-04T10:25:52.059328+00:00,[],dialogue,,
tp_emo_033,emotion,EMO_003,團隊回饋中的麻木盲點,在團隊回饋中，情緒停在麻木，於是聽不見更深層的需要，讓決定越來越僵硬。,只要我感到麻木，外界就一定應該改變。,麻木是訊號，不是完整結論。,麻木底下那個還沒被承認的需要是什麼？,"[""情緒"", ""麻木"", ""回饋""]","[""團隊"", ""回饋""]",TruthOS seed dataset,emotion 情緒 EMO_003 麻木 團隊回饋中的麻木盲點 在團隊回饋中，情緒停在麻木，於是聽不見更深層的需要，讓決定越來越僵硬。 只要我感到麻木，外界就一定應該改變。 麻木是訊號，不是完整結論。 情緒 麻木 回饋 團隊 回饋,2026-06-04T10:25:52.059328+00:00,2026-06-04T10:25:52.059328+00:00,[],dialogue,,
tp_emo_034,emotion,EMO_003,社群曝光中的麻木盲點,在社群曝光中，情緒停在麻木，於是聽不見更深層的需要，讓內在更難安定。,只要我感到麻木，外界就一定應該改變。,麻木是訊號，不是完整結論。,麻木底下那個還沒被承認的需要是什麼？,"[""情緒"", ""麻木"", ""社群""]","[""社群"", ""自我價值""]",TruthOS seed dataset,emotion 情緒 EMO_003 麻木 社群曝光中的麻木盲點 在社群曝光中，情緒停在麻木，於是聽不見更深層的需要，讓內在更難安定。 只要我感到麻木，外界就一定應該改變。 麻木是訊號，不是完整結論。 情緒 麻木 社群 社群 自我價值,2026-06-04T10:25:52.059328+00:00,2026-06-04T10:25:52.059328+00:00,[],dialogue,,
tp_emo_035,emotion,EMO_004,領導決策中的羞恥盲點,在領導決策中，情緒停在羞恥，於是聽不見更深層的需要，使互動落入重複循環。,只要我感到羞恥，外界就一定應該改變。,羞恥是訊號，不是完整結論。,羞恥底下那個還沒被承認的需要是什麼？,"[""情緒"", ""羞恥"", ""領導""]","[""領導"", ""決策""]",TruthOS seed dataset,emotion 情緒 EMO_004 羞恥 領導決策中的羞恥盲點 在領導決策中，情緒停在羞恥，於是聽不見更深層的需要，使互動落入重複循環。 只要我感到羞恥，外界就一定應該改變。 羞恥是訊號，不是完整結論。 情緒 羞恥 領導 領導 決策,2026-06-04T10:25:52.059328+00:00,2026-06-04T10:25:52.059328+00:00,[],dialogue,,
tp_emo_036,emotion,EMO_004,朋友互動中的羞恥盲點,在朋友互動中，情緒停在羞恥，於是聽不見更深層的需要，讓看見真相的空間縮小。,只要我感到羞恥，外界就一定應該改變。,羞恥是訊號，不是完整結論。,羞恥底下那個還沒被承認的需要是什麼？,"[""情緒"", ""羞恥"", ""友誼""]","[""友誼"", ""界線""]",TruthOS seed dataset,emotion 情緒 EMO_004 羞恥 朋友互動中的羞恥盲點 在朋友互動中，情緒停在羞恥，於是聽不見更深層的需要，讓看見真相的空間縮小。 只要我感到羞恥，外界就一定應該改變。 羞恥是訊號，不是完整結論。 情緒 羞恥 友誼 友誼 界線,2026-06-04T10:25:52.059328+00:00,2026-06-04T10:25:52.059328+00:00,[],dialogue,,
tp_emo_037,emotion,EMO_004,金錢選擇中的羞恥盲點,在金錢選擇中，情緒停在羞恥，於是聽不見更深層的需要，讓支持變成壓力。,只要我感到羞恥，外界就一定應該改變。,羞恥是訊號，不是完整結論。,羞恥底下那個還沒被承認的需要是什麼？,"[""情緒"", ""羞恥"", ""金錢""]","[""金錢"", ""價值""]",TruthOS seed dataset,emotion 情緒 EMO_004 羞恥 金錢選擇中的羞恥盲點 在金錢選擇中，情緒停在羞恥，於是聽不見更深層的需要，讓支持變成壓力。 只要我感到羞恥，外界就一定應該改變。 羞恥是訊號，不是完整結論。 情緒 羞恥 金錢 金錢 價值,2026-06-04T10:25:52.059328+00:00,2026-06-04T10:25:52.059328+00:00,[],dialogue,,
tp_emo_038,emotion,EMO_004,健康壓力中的羞恥盲點,在健康壓力中，情緒停在羞恥，於是聽不見更深層的需要，讓改變停在表面。,只要我感到羞恥，外界就一定應該改變。,羞恥是訊號，不是完整結論。,羞恥底下那個還沒被承認的需要是什麼？,"[""情緒"", ""羞恥"", ""健康""]","[""健康"", ""壓力""]",TruthOS seed dataset,emotion 情緒 EMO_004 羞恥 健康壓力中的羞恥盲點 在健康壓力中，情緒停在羞恥，於是聽不見更深層的需要，讓改變停在表面。 只要我感到羞恥，外界就一定應該改變。 羞恥是訊號，不是完整結論。 情緒 羞恥 健康 健康 壓力,2026-06-04T10:25:52.059328+00:00,2026-06-04T10:25:52.059328+00:00,[],dialogue,,
tp_emo_039,emotion,EMO_004,創作卡關中的羞恥盲點,在創作卡關中，情緒停在羞恥，於是聽不見更深層的需要，讓資源交換變得扭曲。,只要我感到羞恥，外界就一定應該改變。,羞恥是訊號，不是完整結論。,羞恥底下那個還沒被承認的需要是什麼？,"[""情緒"", ""羞恥"", ""創作""]","[""創作"", ""表達""]",TruthOS seed dataset,emotion 情緒 EMO_004 羞恥 創作卡關中的羞恥盲點 在創作卡關中，情緒停在羞恥，於是聽不見更深層的需要，讓資源交換變得扭曲。 只要我感到羞恥，外界就一定應該改變。 羞恥是訊號，不是完整結論。 情緒 羞恥 創作 創作 表達,2026-06-04T10:25:52.059328+00:00,2026-06-04T10:25:52.059328+00:00,[],dialogue,,
tp_emo_040,emotion,EMO_004,靈性實踐中的羞恥盲點,在靈性實踐中，情緒停在羞恥，於是聽不見更深層的需要，讓對話逐漸失衡。,只要我感到羞恥，外界就一定應該改變。,羞恥是訊號，不是完整結論。,羞恥底下那個還沒被承認的需要是什麼？,"[""情緒"", ""羞恥"", ""靈性""]","[""靈性"", ""自我觀察""]",TruthOS seed dataset,emotion 情緒 EMO_004 羞恥 靈性實踐中的羞恥盲點 在靈性實踐中，情緒停在羞恥，於是聽不見更深層的需要，讓對話逐漸失衡。 只要我感到羞恥，外界就一定應該改變。 羞恥是訊號，不是完整結論。 情緒 羞恥 靈性 靈性 自我觀察,2026-06-04T10:25:52.059328+00:00,2026-06-04T10:25:52.059328+00:00,[],dialogue,,
tp_emo_041,emotion,EMO_004,重大失落中的羞恥盲點,在重大失落中，情緒停在羞恥，於是聽不見更深層的需要，讓界線變得模糊。,只要我感到羞恥，外界就一定應該改變。,羞恥是訊號，不是完整結論。,羞恥底下那個還沒被承認的需要是什麼？,"[""情緒"", ""羞恥"", ""失落""]","[""失落"", ""轉化""]",TruthOS seed dataset,emotion 情緒 EMO_004 羞恥 重大失落中的羞恥盲點 在重大失落中，情緒停在羞恥，於是聽不見更深層的需要，讓界線變得模糊。 只要我感到羞恥，外界就一定應該改變。 羞恥是訊號，不是完整結論。 情緒 羞恥 失落 失落 轉化,2026-06-04T10:25:52.059328+00:00,2026-06-04T10:25:52.059328+00:00,[],dialogue,,
tp_emo_042,emotion,EMO_004,教養現場中的羞恥盲點,在教養現場中，情緒停在羞恥，於是聽不見更深層的需要，讓責任位置變得混亂。,只要我感到羞恥，外界就一定應該改變。,羞恥是訊號，不是完整結論。,羞恥底下那個還沒被承認的需要是什麼？,"[""情緒"", ""羞恥"", ""教養""]","[""親子"", ""教養""]",TruthOS seed dataset,emotion 情緒 EMO_004 羞恥 教養現場中的羞恥盲點 在教養現場中，情緒停在羞恥，於是聽不見更深層的需要，讓責任位置變得混亂。 只要我感到羞恥，外界就一定應該改變。 羞恥是訊號，不是完整結論。 情緒 羞恥 教養 親子 教養,2026-06-04T10:25:52.059328+00:00,2026-06-04T10:25:52.059328+00:00,[],dialogue,,
tp_emo_043,emotion,EMO_004,團隊回饋中的羞恥盲點,在團隊回饋中，情緒停在羞恥，於是聽不見更深層的需要，使真正的需求被遮住。,只要我感到羞恥，外界就一定應該改變。,羞恥是訊號，不是完整結論。,羞恥底下那個還沒被承認的需要是什麼？,"[""情緒"", ""羞恥"", ""回饋""]","[""團隊"", ""回饋""]",TruthOS seed dataset,emotion 情緒 EMO_004 羞恥 團隊回饋中的羞恥盲點 在團隊回饋中，情緒停在羞恥，於是聽不見更深層的需要，使真正的需求被遮住。 只要我感到羞恥，外界就一定應該改變。 羞恥是訊號，不是完整結論。 情緒 羞恥 回饋 團隊 回饋,2026-06-04T10:25:52.059328+00:00,2026-06-04T10:25:52.059328+00:00,[],dialogue,,
tp_emo_044,emotion,EMO_004,社群曝光中的羞恥盲點,在社群曝光中，情緒停在羞恥，於是聽不見更深層的需要，讓反饋失去作用。,只要我感到羞恥，外界就一定應該改變。,羞恥是訊號，不是完整結論。,羞恥底下那個還沒被承認的需要是什麼？,"[""情緒"", ""羞恥"", ""社群""]","[""社群"", ""自我價值""]",TruthOS seed dataset,emotion 情緒 EMO_004 羞恥 社群曝光中的羞恥盲點 在社群曝光中，情緒停在羞恥，於是聽不見更深層的需要，讓反饋失去作用。 只要我感到羞恥，外界就一定應該改變。 羞恥是訊號，不是完整結論。 情緒 羞恥 社群 社群 自我價值,2026-06-04T10:25:52.059328+00:00,2026-06-04T10:25:52.059328+00:00,[],dialogue,,
tp_emo_045,emotion,EMO_004,家庭對話中的羞恥盲點,在家庭對話中，情緒停在羞恥，於是聽不見更深層的需要，讓信任開始鬆動。,只要我感到羞恥，外界就一定應該改變。,羞恥是訊號，不是完整結論。,羞恥底下那個還沒被承認的需要是什麼？,"[""情緒"", ""羞恥"", ""家庭""]","[""家庭"", ""親子""]",TruthOS seed dataset,emotion 情緒 EMO_004 羞恥 家庭對話中的羞恥盲點 在家庭對話中，情緒停在羞恥，於是聽不見更深層的需要，讓信任開始鬆動。 只要我感到羞恥，外界就一定應該改變。 羞恥是訊號，不是完整結論。 情緒 羞恥 家庭 家庭 親子,2026-06-04T10:25:52.059328+00:00,2026-06-04T10:25:52.059328+00:00,[],dialogue,,
tp_emo_046,emotion,EMO_005,朋友互動中的焦慮盲點,在朋友互動中，情緒停在焦慮，於是聽不見更深層的需要，讓決定越來越僵硬。,只要我感到焦慮，外界就一定應該改變。,焦慮是訊號，不是完整結論。,焦慮底下那個還沒被承認的需要是什麼？,"[""情緒"", ""焦慮"", ""友誼""]","[""友誼"", ""界線""]",TruthOS seed dataset,emotion 情緒 EMO_005 焦慮 朋友互動中的焦慮盲點 在朋友互動中，情緒停在焦慮，於是聽不見更深層的需要，讓決定越來越僵硬。 只要我感到焦慮，外界就一定應該改變。 焦慮是訊號，不是完整結論。 情緒 焦慮 友誼 友誼 界線,2026-06-04T10:25:52.059328+00:00,2026-06-04T10:25:52.059328+00:00,[],dialogue,,
tp_emo_047,emotion,EMO_005,金錢選擇中的焦慮盲點,在金錢選擇中，情緒停在焦慮，於是聽不見更深層的需要，讓內在更難安定。,只要我感到焦慮，外界就一定應該改變。,焦慮是訊號，不是完整結論。,焦慮底下那個還沒被承認的需要是什麼？,"[""情緒"", ""焦慮"", ""金錢""]","[""金錢"", ""價值""]",TruthOS seed dataset,emotion 情緒 EMO_005 焦慮 金錢選擇中的焦慮盲點 在金錢選擇中，情緒停在焦慮，於是聽不見更深層的需要，讓內在更難安定。 只要我感到焦慮，外界就一定應該改變。 焦慮是訊號，不是完整結論。 情緒 焦慮 金錢 金錢 價值,2026-06-04T10:25:52.059328+00:00,2026-06-04T10:25:52.059328+00:00,[],dialogue,,
tp_emo_048,emotion,EMO_005,健康壓力中的焦慮盲點,在健康壓力中，情緒停在焦慮，於是聽不見更深層的需要，使互動落入重複循環。,只要我感到焦慮，外界就一定應該改變。,焦慮是訊號，不是完整結論。,焦慮底下那個還沒被承認的需要是什麼？,"[""情緒"", ""焦慮"", ""健康""]","[""健康"", ""壓力""]",TruthOS seed dataset,emotion 情緒 EMO_005 焦慮 健康壓力中的焦慮盲點 在健康壓力中，情緒停在焦慮，於是聽不見更深層的需要，使互動落入重複循環。 只要我感到焦慮，外界就一定應該改變。 焦慮是訊號，不是完整結論。 情緒 焦慮 健康 健康 壓力,2026-06-04T10:25:52.059328+00:00,2026-06-04T10:25:52.059328+00:00,[],dialogue,,
tp_emo_049,emotion,EMO_005,創作卡關中的焦慮盲點,在創作卡關中，情緒停在焦慮，於是聽不見更深層的需要，讓看見真相的空間縮小。,只要我感到焦慮，外界就一定應該改變。,焦慮是訊號，不是完整結論。,焦慮底下那個還沒被承認的需要是什麼？,"[""情緒"", ""焦慮"", ""創作""]","[""創作"", ""表達""]",TruthOS seed dataset,emotion 情緒 EMO_005 焦慮 創作卡關中的焦慮盲點 在創作卡關中，情緒停在焦慮，於是聽不見更深層的需要，讓看見真相的空間縮小。 只要我感到焦慮，外界就一定應該改變。 焦慮是訊號，不是完整結論。 情緒 焦慮 創作 創作 表達,2026-06-04T10:25:52.059328+00:00,2026-06-04T10:25:52.059328+00:00,[],dialogue,,
tp_emo_050,emotion,EMO_005,靈性實踐中的焦慮盲點,在靈性實踐中，情緒停在焦慮，於是聽不見更深層的需要，讓支持變成壓力。,只要我感到焦慮，外界就一定應該改變。,焦慮是訊號，不是完整結論。,焦慮底下那個還沒被承認的需要是什麼？,"[""情緒"", ""焦慮"", ""靈性""]","[""靈性"", ""自我觀察""]",TruthOS seed dataset,emotion 情緒 EMO_005 焦慮 靈性實踐中的焦慮盲點 在靈性實踐中，情緒停在焦慮，於是聽不見更深層的需要，讓支持變成壓力。 只要我感到焦慮，外界就一定應該改變。 焦慮是訊號，不是完整結論。 情緒 焦慮 靈性 靈性 自我觀察,2026-06-04T10:25:52.059328+00:00,2026-06-04T10:25:52.059328+00:00,[],dialogue,,
tp_emo_051,emotion,EMO_005,重大失落中的焦慮盲點,在重大失落中，情緒停在焦慮，於是聽不見更深層的需要，讓改變停在表面。,只要我感到焦慮，外界就一定應該改變。,焦慮是訊號，不是完整結論。,焦慮底下那個還沒被承認的需要是什麼？,"[""情緒"", ""焦慮"", ""失落""]","[""失落"", ""轉化""]",TruthOS seed dataset,emotion 情緒 EMO_005 焦慮 重大失落中的焦慮盲點 在重大失落中，情緒停在焦慮，於是聽不見更深層的需要，讓改變停在表面。 只要我感到焦慮，外界就一定應該改變。 焦慮是訊號，不是完整結論。 情緒 焦慮 失落 失落 轉化,2026-06-04T10:25:52.059328+00:00,2026-06-04T10:25:52.059328+00:00,[],dialogue,,
tp_emo_052,emotion,EMO_005,教養現場中的焦慮盲點,在教養現場中，情緒停在焦慮，於是聽不見更深層的需要，讓資源交換變得扭曲。,只要我感到焦慮，外界就一定應該改變。,焦慮是訊號，不是完整結論。,焦慮底下那個還沒被承認的需要是什麼？,"[""情緒"", ""焦慮"", ""教養""]","[""親子"", ""教養""]",TruthOS seed dataset,emotion 情緒 EMO_005 焦慮 教養現場中的焦慮盲點 在教養現場中，情緒停在焦慮，於是聽不見更深層的需要，讓資源交換變得扭曲。 只要我感到焦慮，外界就一定應該改變。 焦慮是訊號，不是完整結論。 情緒 焦慮 教養 親子 教養,2026-06-04T10:25:52.059328+00:00,2026-06-04T10:25:52.059328+00:00,[],dialogue,,
tp_emo_053,emotion,EMO_005,團隊回饋中的焦慮盲點,在團隊回饋中，情緒停在焦慮，於是聽不見更深層的需要，讓對話逐漸失衡。,只要我感到焦慮，外界就一定應該改變。,焦慮是訊號，不是完整結論。,焦慮底下那個還沒被承認的需要是什麼？,"[""情緒"", ""焦慮"", ""回饋""]","[""團隊"", ""回饋""]",TruthOS seed dataset,emotion 情緒 EMO_005 焦慮 團隊回饋中的焦慮盲點 在團隊回饋中，情緒停在焦慮，於是聽不見更深層的需要，讓對話逐漸失衡。 只要我感到焦慮，外界就一定應該改變。 焦慮是訊號，不是完整結論。 情緒 焦慮 回饋 團隊 回饋,2026-06-04T10:25:52.059328+00:00,2026-06-04T10:25:52.059328+00:00,[],dialogue,,
tp_emo_054,emotion,EMO_005,社群曝光中的焦慮盲點,在社群曝光中，情緒停在焦慮，於是聽不見更深層的需要，讓界線變得模糊。,只要我感到焦慮，外界就一定應該改變。,焦慮是訊號，不是完整結論。,焦慮底下那個還沒被承認的需要是什麼？,"[""情緒"", ""焦慮"", ""社群""]","[""社群"", ""自我價值""]",TruthOS seed dataset,emotion 情緒 EMO_005 焦慮 社群曝光中的焦慮盲點 在社群曝光中，情緒停在焦慮，於是聽不見更深層的需要，讓界線變得模糊。 只要我感到焦慮，外界就一定應該改變。 焦慮是訊號，不是完整結論。 情緒 焦慮 社群 社群 自我價值,2026-06-04T10:25:52.059328+00:00,2026-06-04T10:25:52.059328+00:00,[],dialogue,,
tp_emo_055,emotion,EMO_005,家庭對話中的焦慮盲點,在家庭對話中，情緒停在焦慮，於是聽不見更深層的需要，讓責任位置變得混亂。,只要我感到焦慮，外界就一定應該改變。,焦慮是訊號，不是完整結論。,焦慮底下那個還沒被承認的需要是什麼？,"[""情緒"", ""焦慮"", ""家庭""]","[""家庭"", ""親子""]",TruthOS seed dataset,emotion 情緒 EMO_005 焦慮 家庭對話中的焦慮盲點 在家庭對話中，情緒停在焦慮，於是聽不見更深層的需要，讓責任位置變得混亂。 只要我感到焦慮，外界就一定應該改變。 焦慮是訊號，不是完整結論。 情緒 焦慮 家庭 家庭 親子,2026-06-04T10:25:52.059328+00:00,2026-06-04T10:25:52.059328+00:00,[],dialogue,,
tp_emo_056,emotion,EMO_005,伴侶衝突中的焦慮盲點,在伴侶衝突中，情緒停在焦慮，於是聽不見更深層的需要，使真正的需求被遮住。,只要我感到焦慮，外界就一定應該改變。,焦慮是訊號，不是完整結論。,焦慮底下那個還沒被承認的需要是什麼？,"[""情緒"", ""焦慮"", ""伴侶""]","[""伴侶"", ""界線""]",TruthOS seed dataset,emotion 情緒 EMO_005 焦慮 伴侶衝突中的焦慮盲點 在伴侶衝突中，情緒停在焦慮，於是聽不見更深層的需要，使真正的需求被遮住。 只要我感到焦慮，外界就一定應該改變。 焦慮是訊號，不是完整結論。 情緒 焦慮 伴侶 伴侶 界線,2026-06-04T10:25:52.059328+00:00,2026-06-04T10:25:52.059328+00:00,[],dialogue,,
tp_emo_057,emotion,EMO_006,金錢選擇中的怨恨盲點,在金錢選擇中，情緒停在怨恨，於是聽不見更深層的需要，讓反饋失去作用。,只要我感到怨恨，外界就一定應該改變。,怨恨是訊號，不是完整結論。,怨恨底下那個還沒被承認的需要是什麼？,"[""情緒"", ""怨恨"", ""金錢""]","[""金錢"", ""價值""]",TruthOS seed dataset,emotion 情緒 EMO_006 怨恨 金錢選擇中的怨恨盲點 在金錢選擇中，情緒停在怨恨，於是聽不見更深層的需要，讓反饋失去作用。 只要我感到怨恨，外界就一定應該改變。 怨恨是訊號，不是完整結論。 情緒 怨恨 金錢 金錢 價值,2026-06-04T10:25:52.059328+00:00,2026-06-04T10:25:52.059328+00:00,[],dialogue,,
tp_emo_058,emotion,EMO_006,健康壓力中的怨恨盲點,在健康壓力中，情緒停在怨恨，於是聽不見更深層的需要，讓信任開始鬆動。,只要我感到怨恨，外界就一定應該改變。,怨恨是訊號，不是完整結論。,怨恨底下那個還沒被承認的需要是什麼？,"[""情緒"", ""怨恨"", ""健康""]","[""健康"", ""壓力""]",TruthOS seed dataset,emotion 情緒 EMO_006 怨恨 健康壓力中的怨恨盲點 在健康壓力中，情緒停在怨恨，於是聽不見更深層的需要，讓信任開始鬆動。 只要我感到怨恨，外界就一定應該改變。 怨恨是訊號，不是完整結論。 情緒 怨恨 健康 健康 壓力,2026-06-04T10:25:52.059328+00:00,2026-06-04T10:25:52.059328+00:00,[],dialogue,,
tp_emo_059,emotion,EMO_006,創作卡關中的怨恨盲點,在創作卡關中，情緒停在怨恨，於是聽不見更深層的需要，讓決定越來越僵硬。,只要我感到怨恨，外界就一定應該改變。,怨恨是訊號，不是完整結論。,怨恨底下那個還沒被承認的需要是什麼？,"[""情緒"", ""怨恨"", ""創作""]","[""創作"", ""表達""]",TruthOS seed dataset,emotion 情緒 EMO_006 怨恨 創作卡關中的怨恨盲點 在創作卡關中，情緒停在怨恨，於是聽不見更深層的需要，讓決定越來越僵硬。 只要我感到怨恨，外界就一定應該改變。 怨恨是訊號，不是完整結論。 情緒 怨恨 創作 創作 表達,2026-06-04T10:25:52.059328+00:00,2026-06-04T10:25:52.059328+00:00,[],dialogue,,
tp_emo_060,emotion,EMO_006,靈性實踐中的怨恨盲點,在靈性實踐中，情緒停在怨恨，於是聽不見更深層的需要，讓內在更難安定。,只要我感到怨恨，外界就一定應該改變。,怨恨是訊號，不是完整結論。,怨恨底下那個還沒被承認的需要是什麼？,"[""情緒"", ""怨恨"", ""靈性""]","[""靈性"", ""自我觀察""]",TruthOS seed dataset,emotion 情緒 EMO_006 怨恨 靈性實踐中的怨恨盲點 在靈性實踐中，情緒停在怨恨，於是聽不見更深層的需要，讓內在更難安定。 只要我感到怨恨，外界就一定應該改變。 怨恨是訊號，不是完整結論。 情緒 怨恨 靈性 靈性 自我觀察,2026-06-04T10:25:52.059328+00:00,2026-06-04T10:25:52.059328+00:00,[],dialogue,,
tp_emo_061,emotion,EMO_006,重大失落中的怨恨盲點,在重大失落中，情緒停在怨恨，於是聽不見更深層的需要，使互動落入重複循環。,只要我感到怨恨，外界就一定應該改變。,怨恨是訊號，不是完整結論。,怨恨底下那個還沒被承認的需要是什麼？,"[""情緒"", ""怨恨"", ""失落""]","[""失落"", ""轉化""]",TruthOS seed dataset,emotion 情緒 EMO_006 怨恨 重大失落中的怨恨盲點 在重大失落中，情緒停在怨恨，於是聽不見更深層的需要，使互動落入重複循環。 只要我感到怨恨，外界就一定應該改變。 怨恨是訊號，不是完整結論。 情緒 怨恨 失落 失落 轉化,2026-06-04T10:25:52.059328+00:00,2026-06-04T10:25:52.059328+00:00,[],dialogue,,
tp_emo_062,emotion,EMO_006,教養現場中的怨恨盲點,在教養現場中，情緒停在怨恨，於是聽不見更深層的需要，讓看見真相的空間縮小。,只要我感到怨恨，外界就一定應該改變。,怨恨是訊號，不是完整結論。,怨恨底下那個還沒被承認的需要是什麼？,"[""情緒"", ""怨恨"", ""教養""]","[""親子"", ""教養""]",TruthOS seed dataset,emotion 情緒 EMO_006 怨恨 教養現場中的怨恨盲點 在教養現場中，情緒停在怨恨，於是聽不見更深層的需要，讓看見真相的空間縮小。 只要我感到怨恨，外界就一定應該改變。 怨恨是訊號，不是完整結論。 情緒 怨恨 教養 親子 教養,2026-06-04T10:25:52.059328+00:00,2026-06-04T10:25:52.059328+00:00,[],dialogue,,
tp_emo_063,emotion,EMO_006,團隊回饋中的怨恨盲點,在團隊回饋中，情緒停在怨恨，於是聽不見更深層的需要，讓支持變成壓力。,只要我感到怨恨，外界就一定應該改變。,怨恨是訊號，不是完整結論。,怨恨底下那個還沒被承認的需要是什麼？,"[""情緒"", ""怨恨"", ""回饋""]","[""團隊"", ""回饋""]",TruthOS seed dataset,emotion 情緒 EMO_006 怨恨 團隊回饋中的怨恨盲點 在團隊回饋中，情緒停在怨恨，於是聽不見更深層的需要，讓支持變成壓力。 只要我感到怨恨，外界就一定應該改變。 怨恨是訊號，不是完整結論。 情緒 怨恨 回饋 團隊 回饋,2026-06-04T10:25:52.059328+00:00,2026-06-04T10:25:52.059328+00:00,[],dialogue,,
tp_emo_064,emotion,EMO_006,社群曝光中的怨恨盲點,在社群曝光中，情緒停在怨恨，於是聽不見更深層的需要，讓改變停在表面。,只要我感到怨恨，外界就一定應該改變。,怨恨是訊號，不是完整結論。,怨恨底下那個還沒被承認的需要是什麼？,"[""情緒"", ""怨恨"", ""社群""]","[""社群"", ""自我價值""]",TruthOS seed dataset,emotion 情緒 EMO_006 怨恨 社群曝光中的怨恨盲點 在社群曝光中，情緒停在怨恨，於是聽不見更深層的需要，讓改變停在表面。 只要我感到怨恨，外界就一定應該改變。 怨恨是訊號，不是完整結論。 情緒 怨恨 社群 社群 自我價值,2026-06-04T10:25:52.059328+00:00,2026-06-04T10:25:52.059328+00:00,[],dialogue,,
tp_emo_065,emotion,EMO_006,家庭對話中的怨恨盲點,在家庭對話中，情緒停在怨恨，於是聽不見更深層的需要，讓資源交換變得扭曲。,只要我感到怨恨，外界就一定應該改變。,怨恨是訊號，不是完整結論。,怨恨底下那個還沒被承認的需要是什麼？,"[""情緒"", ""怨恨"", ""家庭""]","[""家庭"", ""親子""]",TruthOS seed dataset,emotion 情緒 EMO_006 怨恨 家庭對話中的怨恨盲點 在家庭對話中，情緒停在怨恨，於是聽不見更深層的需要，讓資源交換變得扭曲。 只要我感到怨恨，外界就一定應該改變。 怨恨是訊號，不是完整結論。 情緒 怨恨 家庭 家庭 親子,2026-06-04T10:25:52.059328+00:00,2026-06-04T10:25:52.059328+00:00,[],dialogue,,
tp_emo_066,emotion,EMO_006,伴侶衝突中的怨恨盲點,在伴侶衝突中，情緒停在怨恨，於是聽不見更深層的需要，讓對話逐漸失衡。,只要我感到怨恨，外界就一定應該改變。,怨恨是訊號，不是完整結論。,怨恨底下那個還沒被承認的需要是什麼？,"[""情緒"", ""怨恨"", ""伴侶""]","[""伴侶"", ""界線""]",TruthOS seed dataset,emotion 情緒 EMO_006 怨恨 伴侶衝突中的怨恨盲點 在伴侶衝突中，情緒停在怨恨，於是聽不見更深層的需要，讓對話逐漸失衡。 只要我感到怨恨，外界就一定應該改變。 怨恨是訊號，不是完整結論。 情緒 怨恨 伴侶 伴侶 界線,2026-06-04T10:25:52.059328+00:00,2026-06-04T10:25:52.059328+00:00,[],dialogue,,
tp_emo_067,emotion,EMO_006,職場協作中的怨恨盲點,在職場協作中，情緒停在怨恨，於是聽不見更深層的需要，讓界線變得模糊。,只要我感到怨恨，外界就一定應該改變。,怨恨是訊號，不是完整結論。,怨恨底下那個還沒被承認的需要是什麼？,"[""情緒"", ""怨恨"", ""職場""]","[""工作"", ""團隊""]",TruthOS seed dataset,emotion 情緒 EMO_006 怨恨 職場協作中的怨恨盲點 在職場協作中，情緒停在怨恨，於是聽不見更深層的需要，讓界線變得模糊。 只要我感到怨恨，外界就一定應該改變。 怨恨是訊號，不是完整結論。 情緒 怨恨 職場 工作 團隊,2026-06-04T10:25:52.059328+00:00,2026-06-04T10:25:52.059328+00:00,[],dialogue,,
tp_emo_068,emotion,EMO_007,健康壓力中的恐慌盲點,在健康壓力中，情緒停在恐慌，於是聽不見更深層的需要，讓責任位置變得混亂。,只要我感到恐慌，外界就一定應該改變。,恐慌是訊號，不是完整結論。,恐慌底下那個還沒被承認的需要是什麼？,"[""情緒"", ""恐慌"", ""健康""]","[""健康"", ""壓力""]",TruthOS seed dataset,emotion 情緒 EMO_007 恐慌 健康壓力中的恐慌盲點 在健康壓力中，情緒停在恐慌，於是聽不見更深層的需要，讓責任位置變得混亂。 只要我感到恐慌，外界就一定應該改變。 恐慌是訊號，不是完整結論。 情緒 恐慌 健康 健康 壓力,2026-06-04T10:25:52.059328+00:00,2026-06-04T10:25:52.059328+00:00,[],dialogue,,
tp_emo_069,emotion,EMO_007,創作卡關中的恐慌盲點,在創作卡關中，情緒停在恐慌，於是聽不見更深層的需要，使真正的需求被遮住。,只要我感到恐慌，外界就一定應該改變。,恐慌是訊號，不是完整結論。,恐慌底下那個還沒被承認的需要是什麼？,"[""情緒"", ""恐慌"", ""創作""]","[""創作"", ""表達""]",TruthOS seed dataset,emotion 情緒 EMO_007 恐慌 創作卡關中的恐慌盲點 在創作卡關中，情緒停在恐慌，於是聽不見更深層的需要，使真正的需求被遮住。 只要我感到恐慌，外界就一定應該改變。 恐慌是訊號，不是完整結論。 情緒 恐慌 創作 創作 表達,2026-06-04T10:25:52.059328+00:00,2026-06-04T10:25:52.059328+00:00,[],dialogue,,
tp_emo_070,emotion,EMO_007,靈性實踐中的恐慌盲點,在靈性實踐中，情緒停在恐慌，於是聽不見更深層的需要，讓反饋失去作用。,只要我感到恐慌，外界就一定應該改變。,恐慌是訊號，不是完整結論。,恐慌底下那個還沒被承認的需要是什麼？,"[""情緒"", ""恐慌"", ""靈性""]","[""靈性"", ""自我觀察""]",TruthOS seed dataset,emotion 情緒 EMO_007 恐慌 靈性實踐中的恐慌盲點 在靈性實踐中，情緒停在恐慌，於是聽不見更深層的需要，讓反饋失去作用。 只要我感到恐慌，外界就一定應該改變。 恐慌是訊號，不是完整結論。 情緒 恐慌 靈性 靈性 自我觀察,2026-06-04T10:25:52.059328+00:00,2026-06-04T10:25:52.059328+00:00,[],dialogue,,
tp_emo_071,emotion,EMO_007,重大失落中的恐慌盲點,在重大失落中，情緒停在恐慌，於是聽不見更深層的需要，讓信任開始鬆動。,只要我感到恐慌，外界就一定應該改變。,恐慌是訊號，不是完整結論。,恐慌底下那個還沒被承認的需要是什麼？,"[""情緒"", ""恐慌"", ""失落""]","[""失落"", ""轉化""]",TruthOS seed dataset,emotion 情緒 EMO_007 恐慌 重大失落中的恐慌盲點 在重大失落中，情緒停在恐慌，於是聽不見更深層的需要，讓信任開始鬆動。 只要我感到恐慌，外界就一定應該改變。 恐慌是訊號，不是完整結論。 情緒 恐慌 失落 失落 轉化,2026-06-04T10:25:52.059328+00:00,2026-06-04T10:25:52.059328+00:00,[],dialogue,,
tp_emo_072,emotion,EMO_007,教養現場中的恐慌盲點,在教養現場中，情緒停在恐慌，於是聽不見更深層的需要，讓決定越來越僵硬。,只要我感到恐慌，外界就一定應該改變。,恐慌是訊號，不是完整結論。,恐慌底下那個還沒被承認的需要是什麼？,"[""情緒"", ""恐慌"", ""教養""]","[""親子"", ""教養""]",TruthOS seed dataset,emotion 情緒 EMO_007 恐慌 教養現場中的恐慌盲點 在教養現場中，情緒停在恐慌，於是聽不見更深層的需要，讓決定越來越僵硬。 只要我感到恐慌，外界就一定應該改變。 恐慌是訊號，不是完整結論。 情緒 恐慌 教養 親子 教養,2026-06-04T10:25:52.059328+00:00,2026-06-04T10:25:52.059328+00:00,[],dialogue,,
tp_emo_073,emotion,EMO_007,團隊回饋中的恐慌盲點,在團隊回饋中，情緒停在恐慌，於是聽不見更深層的需要，讓內在更難安定。,只要我感到恐慌，外界就一定應該改變。,恐慌是訊號，不是完整結論。,恐慌底下那個還沒被承認的需要是什麼？,"[""情緒"", ""恐慌"", ""回饋""]","[""團隊"", ""回饋""]",TruthOS seed dataset,emotion 情緒 EMO_007 恐慌 團隊回饋中的恐慌盲點 在團隊回饋中，情緒停在恐慌，於是聽不見更深層的需要，讓內在更難安定。 只要我感到恐慌，外界就一定應該改變。 恐慌是訊號，不是完整結論。 情緒 恐慌 回饋 團隊 回饋,2026-06-04T10:25:52.059328+00:00,2026-06-04T10:25:52.059328+00:00,[],dialogue,,
tp_emo_074,emotion,EMO_007,社群曝光中的恐慌盲點,在社群曝光中，情緒停在恐慌，於是聽不見更深層的需要，使互動落入重複循環。,只要我感到恐慌，外界就一定應該改變。,恐慌是訊號，不是完整結論。,恐慌底下那個還沒被承認的需要是什麼？,"[""情緒"", ""恐慌"", ""社群""]","[""社群"", ""自我價值""]",TruthOS seed dataset,emotion 情緒 EMO_007 恐慌 社群曝光中的恐慌盲點 在社群曝光中，情緒停在恐慌，於是聽不見更深層的需要，使互動落入重複循環。 只要我感到恐慌，外界就一定應該改變。 恐慌是訊號，不是完整結論。 情緒 恐慌 社群 社群 自我價值,2026-06-04T10:25:52.059328+00:00,2026-06-04T10:25:52.059328+00:00,[],dialogue,,
tp_emo_075,emotion,EMO_007,家庭對話中的恐慌盲點,在家庭對話中，情緒停在恐慌，於是聽不見更深層的需要，讓看見真相的空間縮小。,只要我感到恐慌，外界就一定應該改變。,恐慌是訊號，不是完整結論。,恐慌底下那個還沒被承認的需要是什麼？,"[""情緒"", ""恐慌"", ""家庭""]","[""家庭"", ""親子""]",TruthOS seed dataset,emotion 情緒 EMO_007 恐慌 家庭對話中的恐慌盲點 在家庭對話中，情緒停在恐慌，於是聽不見更深層的需要，讓看見真相的空間縮小。 只要我感到恐慌，外界就一定應該改變。 恐慌是訊號，不是完整結論。 情緒 恐慌 家庭 家庭 親子,2026-06-04T10:25:52.059328+00:00,2026-06-04T10:25:52.059328+00:00,[],dialogue,,
tp_emo_076,emotion,EMO_007,伴侶衝突中的恐慌盲點,在伴侶衝突中，情緒停在恐慌，於是聽不見更深層的需要，讓支持變成壓力。,只要我感到恐慌，外界就一定應該改變。,恐慌是訊號，不是完整結論。,恐慌底下那個還沒被承認的需要是什麼？,"[""情緒"", ""恐慌"", ""伴侶""]","[""伴侶"", ""界線""]",TruthOS seed dataset,emotion 情緒 EMO_007 恐慌 伴侶衝突中的恐慌盲點 在伴侶衝突中，情緒停在恐慌，於是聽不見更深層的需要，讓支持變成壓力。 只要我感到恐慌，外界就一定應該改變。 恐慌是訊號，不是完整結論。 情緒 恐慌 伴侶 伴侶 界線,2026-06-04T10:25:52.059328+00:00,2026-06-04T10:25:52.059328+00:00,[],dialogue,,
tp_emo_077,emotion,EMO_007,職場協作中的恐慌盲點,在職場協作中，情緒停在恐慌，於是聽不見更深層的需要，讓改變停在表面。,只要我感到恐慌，外界就一定應該改變。,恐慌是訊號，不是完整結論。,恐慌底下那個還沒被承認的需要是什麼？,"[""情緒"", ""恐慌"", ""職場""]","[""工作"", ""團隊""]",TruthOS seed dataset,emotion 情緒 EMO_007 恐慌 職場協作中的恐慌盲點 在職場協作中，情緒停在恐慌，於是聽不見更深層的需要，讓改變停在表面。 只要我感到恐慌，外界就一定應該改變。 恐慌是訊號，不是完整結論。 情緒 恐慌 職場 工作 團隊,2026-06-04T10:25:52.059328+00:00,2026-06-04T10:25:52.059328+00:00,[],dialogue,,
tp_emo_078,emotion,EMO_007,領導決策中的恐慌盲點,在領導決策中，情緒停在恐慌，於是聽不見更深層的需要，讓資源交換變得扭曲。,只要我感到恐慌，外界就一定應該改變。,恐慌是訊號，不是完整結論。,恐慌底下那個還沒被承認的需要是什麼？,"[""情緒"", ""恐慌"", ""領導""]","[""領導"", ""決策""]",TruthOS seed dataset,emotion 情緒 EMO_007 恐慌 領導決策中的恐慌盲點 在領導決策中，情緒停在恐慌，於是聽不見更深層的需要，讓資源交換變得扭曲。 只要我感到恐慌，外界就一定應該改變。 恐慌是訊號，不是完整結論。 情緒 恐慌 領導 領導 決策,2026-06-04T10:25:52.059328+00:00,2026-06-04T10:25:52.059328+00:00,[],dialogue,,
tp_emo_079,emotion,EMO_008,創作卡關中的嫉妒盲點,在創作卡關中，情緒停在嫉妒，於是聽不見更深層的需要，讓對話逐漸失衡。,只要我感到嫉妒，外界就一定應該改變。,嫉妒是訊號，不是完整結論。,嫉妒底下那個還沒被承認的需要是什麼？,"[""情緒"", ""嫉妒"", ""創作""]","[""創作"", ""表達""]",TruthOS seed dataset,emotion 情緒 EMO_008 嫉妒 創作卡關中的嫉妒盲點 在創作卡關中，情緒停在嫉妒，於是聽不見更深層的需要，讓對話逐漸失衡。 只要我感到嫉妒，外界就一定應該改變。 嫉妒是訊號，不是完整結論。 情緒 嫉妒 創作 創作 表達,2026-06-04T10:25:52.059328+00:00,2026-06-04T10:25:52.059328+00:00,[],dialogue,,
tp_emo_080,emotion,EMO_008,靈性實踐中的嫉妒盲點,在靈性實踐中，情緒停在嫉妒，於是聽不見更深層的需要，讓界線變得模糊。,只要我感到嫉妒，外界就一定應該改變。,嫉妒是訊號，不是完整結論。,嫉妒底下那個還沒被承認的需要是什麼？,"[""情緒"", ""嫉妒"", ""靈性""]","[""靈性"", ""自我觀察""]",TruthOS seed dataset,emotion 情緒 EMO_008 嫉妒 靈性實踐中的嫉妒盲點 在靈性實踐中，情緒停在嫉妒，於是聽不見更深層的需要，讓界線變得模糊。 只要我感到嫉妒，外界就一定應該改變。 嫉妒是訊號，不是完整結論。 情緒 嫉妒 靈性 靈性 自我觀察,2026-06-04T10:25:52.059328+00:00,2026-06-04T10:25:52.059328+00:00,[],dialogue,,
tp_emo_081,emotion,EMO_008,重大失落中的嫉妒盲點,在重大失落中，情緒停在嫉妒，於是聽不見更深層的需要，讓責任位置變得混亂。,只要我感到嫉妒，外界就一定應該改變。,嫉妒是訊號，不是完整結論。,嫉妒底下那個還沒被承認的需要是什麼？,"[""情緒"", ""嫉妒"", ""失落""]","[""失落"", ""轉化""]",TruthOS seed dataset,emotion 情緒 EMO_008 嫉妒 重大失落中的嫉妒盲點 在重大失落中，情緒停在嫉妒，於是聽不見更深層的需要，讓責任位置變得混亂。 只要我感到嫉妒，外界就一定應該改變。 嫉妒是訊號，不是完整結論。 情緒 嫉妒 失落 失落 轉化,2026-06-04T10:25:52.059328+00:00,2026-06-04T10:25:52.059328+00:00,[],dialogue,,
tp_emo_082,emotion,EMO_008,教養現場中的嫉妒盲點,在教養現場中，情緒停在嫉妒，於是聽不見更深層的需要，使真正的需求被遮住。,只要我感到嫉妒，外界就一定應該改變。,嫉妒是訊號，不是完整結論。,嫉妒底下那個還沒被承認的需要是什麼？,"[""情緒"", ""嫉妒"", ""教養""]","[""親子"", ""教養""]",TruthOS seed dataset,emotion 情緒 EMO_008 嫉妒 教養現場中的嫉妒盲點 在教養現場中，情緒停在嫉妒，於是聽不見更深層的需要，使真正的需求被遮住。 只要我感到嫉妒，外界就一定應該改變。 嫉妒是訊號，不是完整結論。 情緒 嫉妒 教養 親子 教養,2026-06-04T10:25:52.059328+00:00,2026-06-04T10:25:52.059328+00:00,[],dialogue,,
tp_emo_083,emotion,EMO_008,團隊回饋中的嫉妒盲點,在團隊回饋中，情緒停在嫉妒，於是聽不見更深層的需要，讓反饋失去作用。,只要我感到嫉妒，外界就一定應該改變。,嫉妒是訊號，不是完整結論。,嫉妒底下那個還沒被承認的需要是什麼？,"[""情緒"", ""嫉妒"", ""回饋""]","[""團隊"", ""回饋""]",TruthOS seed dataset,emotion 情緒 EMO_008 嫉妒 團隊回饋中的嫉妒盲點 在團隊回饋中，情緒停在嫉妒，於是聽不見更深層的需要，讓反饋失去作用。 只要我感到嫉妒，外界就一定應該改變。 嫉妒是訊號，不是完整結論。 情緒 嫉妒 回饋 團隊 回饋,2026-06-04T10:25:52.059328+00:00,2026-06-04T10:25:52.059328+00:00,[],dialogue,,
tp_emo_084,emotion,EMO_008,社群曝光中的嫉妒盲點,在社群曝光中，情緒停在嫉妒，於是聽不見更深層的需要，讓信任開始鬆動。,只要我感到嫉妒，外界就一定應該改變。,嫉妒是訊號，不是完整結論。,嫉妒底下那個還沒被承認的需要是什麼？,"[""情緒"", ""嫉妒"", ""社群""]","[""社群"", ""自我價值""]",TruthOS seed dataset,emotion 情緒 EMO_008 嫉妒 社群曝光中的嫉妒盲點 在社群曝光中，情緒停在嫉妒，於是聽不見更深層的需要，讓信任開始鬆動。 只要我感到嫉妒，外界就一定應該改變。 嫉妒是訊號，不是完整結論。 情緒 嫉妒 社群 社群 自我價值,2026-06-04T10:25:52.059328+00:00,2026-06-04T10:25:52.059328+00:00,[],dialogue,,
tp_emo_085,emotion,EMO_008,家庭對話中的嫉妒盲點,在家庭對話中，情緒停在嫉妒，於是聽不見更深層的需要，讓決定越來越僵硬。,只要我感到嫉妒，外界就一定應該改變。,嫉妒是訊號，不是完整結論。,嫉妒底下那個還沒被承認的需要是什麼？,"[""情緒"", ""嫉妒"", ""家庭""]","[""家庭"", ""親子""]",TruthOS seed dataset,emotion 情緒 EMO_008 嫉妒 家庭對話中的嫉妒盲點 在家庭對話中，情緒停在嫉妒，於是聽不見更深層的需要，讓決定越來越僵硬。 只要我感到嫉妒，外界就一定應該改變。 嫉妒是訊號，不是完整結論。 情緒 嫉妒 家庭 家庭 親子,2026-06-04T10:25:52.059328+00:00,2026-06-04T10:25:52.059328+00:00,[],dialogue,,
tp_emo_086,emotion,EMO_008,伴侶衝突中的嫉妒盲點,在伴侶衝突中，情緒停在嫉妒，於是聽不見更深層的需要，讓內在更難安定。,只要我感到嫉妒，外界就一定應該改變。,嫉妒是訊號，不是完整結論。,嫉妒底下那個還沒被承認的需要是什麼？,"[""情緒"", ""嫉妒"", ""伴侶""]","[""伴侶"", ""界線""]",TruthOS seed dataset,emotion 情緒 EMO_008 嫉妒 伴侶衝突中的嫉妒盲點 在伴侶衝突中，情緒停在嫉妒，於是聽不見更深層的需要，讓內在更難安定。 只要我感到嫉妒，外界就一定應該改變。 嫉妒是訊號，不是完整結論。 情緒 嫉妒 伴侶 伴侶 界線,2026-06-04T10:25:52.059328+00:00,2026-06-04T10:25:52.059328+00:00,[],dialogue,,
tp_emo_087,emotion,EMO_008,職場協作中的嫉妒盲點,在職場協作中，情緒停在嫉妒，於是聽不見更深層的需要，使互動落入重複循環。,只要我感到嫉妒，外界就一定應該改變。,嫉妒是訊號，不是完整結論。,嫉妒底下那個還沒被承認的需要是什麼？,"[""情緒"", ""嫉妒"", ""職場""]","[""工作"", ""團隊""]",TruthOS seed dataset,emotion 情緒 EMO_008 嫉妒 職場協作中的嫉妒盲點 在職場協作中，情緒停在嫉妒，於是聽不見更深層的需要，使互動落入重複循環。 只要我感到嫉妒，外界就一定應該改變。 嫉妒是訊號，不是完整結論。 情緒 嫉妒 職場 工作 團隊,2026-06-04T10:25:52.059328+00:00,2026-06-04T10:25:52.059328+00:00,[],dialogue,,
tp_emo_088,emotion,EMO_008,領導決策中的嫉妒盲點,在領導決策中，情緒停在嫉妒，於是聽不見更深層的需要，讓看見真相的空間縮小。,只要我感到嫉妒，外界就一定應該改變。,嫉妒是訊號，不是完整結論。,嫉妒底下那個還沒被承認的需要是什麼？,"[""情緒"", ""嫉妒"", ""領導""]","[""領導"", ""決策""]",TruthOS seed dataset,emotion 情緒 EMO_008 嫉妒 領導決策中的嫉妒盲點 在領導決策中，情緒停在嫉妒，於是聽不見更深層的需要，讓看見真相的空間縮小。 只要我感到嫉妒，外界就一定應該改變。 嫉妒是訊號，不是完整結論。 情緒 嫉妒 領導 領導 決策,2026-06-04T10:25:52.059328+00:00,2026-06-04T10:25:52.059328+00:00,[],dialogue,,
tp_emo_089,emotion,EMO_008,朋友互動中的嫉妒盲點,在朋友互動中，情緒停在嫉妒，於是聽不見更深層的需要，讓支持變成壓力。,只要我感到嫉妒，外界就一定應該改變。,嫉妒是訊號，不是完整結論。,嫉妒底下那個還沒被承認的需要是什麼？,"[""情緒"", ""嫉妒"", ""友誼""]","[""友誼"", ""界線""]",TruthOS seed dataset,emotion 情緒 EMO_008 嫉妒 朋友互動中的嫉妒盲點 在朋友互動中，情緒停在嫉妒，於是聽不見更深層的需要，讓支持變成壓力。 只要我感到嫉妒，外界就一定應該改變。 嫉妒是訊號，不是完整結論。 情緒 嫉妒 友誼 友誼 界線,2026-06-04T10:25:52.059328+00:00,2026-06-04T10:25:52.059328+00:00,[],dialogue,,
tp_emo_090,emotion,EMO_009,靈性實踐中的委屈盲點,在靈性實踐中，情緒停在委屈，於是聽不見更深層的需要，讓改變停在表面。,只要我感到委屈，外界就一定應該改變。,委屈是訊號，不是完整結論。,委屈底下那個還沒被承認的需要是什麼？,"[""情緒"", ""委屈"", ""靈性""]","[""靈性"", ""自我觀察""]",TruthOS seed dataset,emotion 情緒 EMO_009 委屈 靈性實踐中的委屈盲點 在靈性實踐中，情緒停在委屈，於是聽不見更深層的需要，讓改變停在表面。 只要我感到委屈，外界就一定應該改變。 委屈是訊號，不是完整結論。 情緒 委屈 靈性 靈性 自我觀察,2026-06-04T10:25:52.059328+00:00,2026-06-04T10:25:52.059328+00:00,[],dialogue,,
tp_emo_091,emotion,EMO_009,重大失落中的委屈盲點,在重大失落中，情緒停在委屈，於是聽不見更深層的需要，讓資源交換變得扭曲。,只要我感到委屈，外界就一定應該改變。,委屈是訊號，不是完整結論。,委屈底下那個還沒被承認的需要是什麼？,"[""情緒"", ""委屈"", ""失落""]","[""失落"", ""轉化""]",TruthOS seed dataset,emotion 情緒 EMO_009 委屈 重大失落中的委屈盲點 在重大失落中，情緒停在委屈，於是聽不見更深層的需要，讓資源交換變得扭曲。 只要我感到委屈，外界就一定應該改變。 委屈是訊號，不是完整結論。 情緒 委屈 失落 失落 轉化,2026-06-04T10:25:52.059328+00:00,2026-06-04T10:25:52.059328+00:00,[],dialogue,,
tp_emo_092,emotion,EMO_009,教養現場中的委屈盲點,在教養現場中，情緒停在委屈，於是聽不見更深層的需要，讓對話逐漸失衡。,只要我感到委屈，外界就一定應該改變。,委屈是訊號，不是完整結論。,委屈底下那個還沒被承認的需要是什麼？,"[""情緒"", ""委屈"", ""教養""]","[""親子"", ""教養""]",TruthOS seed dataset,emotion 情緒 EMO_009 委屈 教養現場中的委屈盲點 在教養現場中，情緒停在委屈，於是聽不見更深層的需要，讓對話逐漸失衡。 只要我感到委屈，外界就一定應該改變。 委屈是訊號，不是完整結論。 情緒 委屈 教養 親子 教養,2026-06-04T10:25:52.059328+00:00,2026-06-04T10:25:52.059328+00:00,[],dialogue,,
tp_emo_093,emotion,EMO_009,團隊回饋中的委屈盲點,在團隊回饋中，情緒停在委屈，於是聽不見更深層的需要，讓界線變得模糊。,只要我感到委屈，外界就一定應該改變。,委屈是訊號，不是完整結論。,委屈底下那個還沒被承認的需要是什麼？,"[""情緒"", ""委屈"", ""回饋""]","[""團隊"", ""回饋""]",TruthOS seed dataset,emotion 情緒 EMO_009 委屈 團隊回饋中的委屈盲點 在團隊回饋中，情緒停在委屈，於是聽不見更深層的需要，讓界線變得模糊。 只要我感到委屈，外界就一定應該改變。 委屈是訊號，不是完整結論。 情緒 委屈 回饋 團隊 回饋,2026-06-04T10:25:52.059328+00:00,2026-06-04T10:25:52.059328+00:00,[],dialogue,,
tp_emo_094,emotion,EMO_009,社群曝光中的委屈盲點,在社群曝光中，情緒停在委屈，於是聽不見更深層的需要，讓責任位置變得混亂。,只要我感到委屈，外界就一定應該改變。,委屈是訊號，不是完整結論。,委屈底下那個還沒被承認的需要是什麼？,"[""情緒"", ""委屈"", ""社群""]","[""社群"", ""自我價值""]",TruthOS seed dataset,emotion 情緒 EMO_009 委屈 社群曝光中的委屈盲點 在社群曝光中，情緒停在委屈，於是聽不見更深層的需要，讓責任位置變得混亂。 只要我感到委屈，外界就一定應該改變。 委屈是訊號，不是完整結論。 情緒 委屈 社群 社群 自我價值,2026-06-04T10:25:52.059328+00:00,2026-06-04T10:25:52.059328+00:00,[],dialogue,,
tp_emo_095,emotion,EMO_009,家庭對話中的委屈盲點,在家庭對話中，情緒停在委屈，於是聽不見更深層的需要，使真正的需求被遮住。,只要我感到委屈，外界就一定應該改變。,委屈是訊號，不是完整結論。,委屈底下那個還沒被承認的需要是什麼？,"[""情緒"", ""委屈"", ""家庭""]","[""家庭"", ""親子""]",TruthOS seed dataset,emotion 情緒 EMO_009 委屈 家庭對話中的委屈盲點 在家庭對話中，情緒停在委屈，於是聽不見更深層的需要，使真正的需求被遮住。 只要我感到委屈，外界就一定應該改變。 委屈是訊號，不是完整結論。 情緒 委屈 家庭 家庭 親子,2026-06-04T10:25:52.059328+00:00,2026-06-04T10:25:52.059328+00:00,[],dialogue,,
tp_emo_096,emotion,EMO_009,伴侶衝突中的委屈盲點,在伴侶衝突中，情緒停在委屈，於是聽不見更深層的需要，讓反饋失去作用。,只要我感到委屈，外界就一定應該改變。,委屈是訊號，不是完整結論。,委屈底下那個還沒被承認的需要是什麼？,"[""情緒"", ""委屈"", ""伴侶""]","[""伴侶"", ""界線""]",TruthOS seed dataset,emotion 情緒 EMO_009 委屈 伴侶衝突中的委屈盲點 在伴侶衝突中，情緒停在委屈，於是聽不見更深層的需要，讓反饋失去作用。 只要我感到委屈，外界就一定應該改變。 委屈是訊號，不是完整結論。 情緒 委屈 伴侶 伴侶 界線,2026-06-04T10:25:52.059328+00:00,2026-06-04T10:25:52.059328+00:00,[],dialogue,,
tp_emo_097,emotion,EMO_009,職場協作中的委屈盲點,在職場協作中，情緒停在委屈，於是聽不見更深層的需要，讓信任開始鬆動。,只要我感到委屈，外界就一定應該改變。,委屈是訊號，不是完整結論。,委屈底下那個還沒被承認的需要是什麼？,"[""情緒"", ""委屈"", ""職場""]","[""工作"", ""團隊""]",TruthOS seed dataset,emotion 情緒 EMO_009 委屈 職場協作中的委屈盲點 在職場協作中，情緒停在委屈，於是聽不見更深層的需要，讓信任開始鬆動。 只要我感到委屈，外界就一定應該改變。 委屈是訊號，不是完整結論。 情緒 委屈 職場 工作 團隊,2026-06-04T10:25:52.059328+00:00,2026-06-04T10:25:52.059328+00:00,[],dialogue,,
tp_emo_098,emotion,EMO_009,領導決策中的委屈盲點,在領導決策中，情緒停在委屈，於是聽不見更深層的需要，讓決定越來越僵硬。,只要我感到委屈，外界就一定應該改變。,委屈是訊號，不是完整結論。,委屈底下那個還沒被承認的需要是什麼？,"[""情緒"", ""委屈"", ""領導""]","[""領導"", ""決策""]",TruthOS seed dataset,emotion 情緒 EMO_009 委屈 領導決策中的委屈盲點 在領導決策中，情緒停在委屈，於是聽不見更深層的需要，讓決定越來越僵硬。 只要我感到委屈，外界就一定應該改變。 委屈是訊號，不是完整結論。 情緒 委屈 領導 領導 決策,2026-06-04T10:25:52.059328+00:00,2026-06-04T10:25:52.059328+00:00,[],dialogue,,
tp_emo_099,emotion,EMO_009,朋友互動中的委屈盲點,在朋友互動中，情緒停在委屈，於是聽不見更深層的需要，讓內在更難安定。,只要我感到委屈，外界就一定應該改變。,委屈是訊號，不是完整結論。,委屈底下那個還沒被承認的需要是什麼？,"[""情緒"", ""委屈"", ""友誼""]","[""友誼"", ""界線""]",TruthOS seed dataset,emotion 情緒 EMO_009 委屈 朋友互動中的委屈盲點 在朋友互動中，情緒停在委屈，於是聽不見更深層的需要，讓內在更難安定。 只要我感到委屈，外界就一定應該改變。 委屈是訊號，不是完整結論。 情緒 委屈 友誼 友誼 界線,2026-06-04T10:25:52.059328+00:00,2026-06-04T10:25:52.059328+00:00,[],dialogue,,
tp_emo_100,emotion,EMO_009,金錢選擇中的委屈盲點,在金錢選擇中，情緒停在委屈，於是聽不見更深層的需要，使互動落入重複循環。,只要我感到委屈，外界就一定應該改變。,委屈是訊號，不是完整結論。,委屈底下那個還沒被承認的需要是什麼？,"[""情緒"", ""委屈"", ""金錢""]","[""金錢"", ""價值""]",TruthOS seed dataset,emotion 情緒 EMO_009 委屈 金錢選擇中的委屈盲點 在金錢選擇中，情緒停在委屈，於是聽不見更深層的需要，使互動落入重複循環。 只要我感到委屈，外界就一定應該改變。 委屈是訊號，不是完整結論。 情緒 委屈 金錢 金錢 價值,2026-06-04T10:25:52.059328+00:00,2026-06-04T10:25:52.059328+00:00,[],dialogue,,
tp_rel_001,relationship,REL_001,家庭對話中的拯救盲點,在家庭對話中，用拯救維持靠近，反而讓彼此更難真實相遇，讓對話逐漸失衡。,沒有拯救，這段關係就撐不住。,關係需要真實與界線，不需要用拯救維持。,你現在是在連結，還是在用拯救保住位置？,"[""關係"", ""拯救"", ""家庭""]","[""家庭"", ""親子""]",TruthOS seed dataset,relationship 關係 REL_001 拯救 家庭對話中的拯救盲點 在家庭對話中，用拯救維持靠近，反而讓彼此更難真實相遇，讓對話逐漸失衡。 沒有拯救，這段關係就撐不住。 關係需要真實與界線，不需要用拯救維持。 關係 拯救 家庭 家庭 親子,2026-06-04T10:25:52.059328+00:00,2026-06-04T10:25:52.059328+00:00,[],dialogue,,
tp_rel_002,relationship,REL_001,伴侶衝突中的拯救盲點,在伴侶衝突中，用拯救維持靠近，反而讓彼此更難真實相遇，讓界線變得模糊。,沒有拯救，這段關係就撐不住。,關係需要真實與界線，不需要用拯救維持。,你現在是在連結，還是在用拯救保住位置？,"[""關係"", ""拯救"", ""伴侶""]","[""伴侶"", ""界線""]",TruthOS seed dataset,relationship 關係 REL_001 拯救 伴侶衝突中的拯救盲點 在伴侶衝突中，用拯救維持靠近，反而讓彼此更難真實相遇，讓界線變得模糊。 沒有拯救，這段關係就撐不住。 關係需要真實與界線，不需要用拯救維持。 關係 拯救 伴侶 伴侶 界線,2026-06-04T10:25:52.059328+00:00,2026-06-04T10:25:52.059328+00:00,[],dialogue,,
tp_rel_003,relationship,REL_001,職場協作中的拯救盲點,在職場協作中，用拯救維持靠近，反而讓彼此更難真實相遇，讓責任位置變得混亂。,沒有拯救，這段關係就撐不住。,關係需要真實與界線，不需要用拯救維持。,你現在是在連結，還是在用拯救保住位置？,"[""關係"", ""拯救"", ""職場""]","[""工作"", ""團隊""]",TruthOS seed dataset,relationship 關係 REL_001 拯救 職場協作中的拯救盲點 在職場協作中，用拯救維持靠近，反而讓彼此更難真實相遇，讓責任位置變得混亂。 沒有拯救，這段關係就撐不住。 關係需要真實與界線，不需要用拯救維持。 關係 拯救 職場 工作 團隊,2026-06-04T10:25:52.059328+00:00,2026-06-04T10:25:52.059328+00:00,[],dialogue,,
tp_rel_004,relationship,REL_001,領導決策中的拯救盲點,在領導決策中，用拯救維持靠近，反而讓彼此更難真實相遇，使真正的需求被遮住。,沒有拯救，這段關係就撐不住。,關係需要真實與界線，不需要用拯救維持。,你現在是在連結，還是在用拯救保住位置？,"[""關係"", ""拯救"", ""領導""]","[""領導"", ""決策""]",TruthOS seed dataset,relationship 關係 REL_001 拯救 領導決策中的拯救盲點 在領導決策中，用拯救維持靠近，反而讓彼此更難真實相遇，使真正的需求被遮住。 沒有拯救，這段關係就撐不住。 關係需要真實與界線，不需要用拯救維持。 關係 拯救 領導 領導 決策,2026-06-04T10:25:52.059328+00:00,2026-06-04T10:25:52.059328+00:00,[],dialogue,,
tp_rel_005,relationship,REL_001,朋友互動中的拯救盲點,在朋友互動中，用拯救維持靠近，反而讓彼此更難真實相遇，讓反饋失去作用。,沒有拯救，這段關係就撐不住。,關係需要真實與界線，不需要用拯救維持。,你現在是在連結，還是在用拯救保住位置？,"[""關係"", ""拯救"", ""友誼""]","[""友誼"", ""界線""]",TruthOS seed dataset,relationship 關係 REL_001 拯救 朋友互動中的拯救盲點 在朋友互動中，用拯救維持靠近，反而讓彼此更難真實相遇，讓反饋失去作用。 沒有拯救，這段關係就撐不住。 關係需要真實與界線，不需要用拯救維持。 關係 拯救 友誼 友誼 界線,2026-06-04T10:25:52.059328+00:00,2026-06-04T10:25:52.059328+00:00,[],dialogue,,
tp_rel_006,relationship,REL_001,金錢選擇中的拯救盲點,在金錢選擇中，用拯救維持靠近，反而讓彼此更難真實相遇，讓信任開始鬆動。,沒有拯救，這段關係就撐不住。,關係需要真實與界線，不需要用拯救維持。,你現在是在連結，還是在用拯救保住位置？,"[""關係"", ""拯救"", ""金錢""]","[""金錢"", ""價值""]",TruthOS seed dataset,relationship 關係 REL_001 拯救 金錢選擇中的拯救盲點 在金錢選擇中，用拯救維持靠近，反而讓彼此更難真實相遇，讓信任開始鬆動。 沒有拯救，這段關係就撐不住。 關係需要真實與界線，不需要用拯救維持。 關係 拯救 金錢 金錢 價值,2026-06-04T10:25:52.059328+00:00,2026-06-04T10:25:52.059328+00:00,[],dialogue,,
tp_rel_007,relationship,REL_001,健康壓力中的拯救盲點,在健康壓力中，用拯救維持靠近，反而讓彼此更難真實相遇，讓決定越來越僵硬。,沒有拯救，這段關係就撐不住。,關係需要真實與界線，不需要用拯救維持。,你現在是在連結，還是在用拯救保住位置？,"[""關係"", ""拯救"", ""健康""]","[""健康"", ""壓力""]",TruthOS seed dataset,relationship 關係 REL_001 拯救 健康壓力中的拯救盲點 在健康壓力中，用拯救維持靠近，反而讓彼此更難真實相遇，讓決定越來越僵硬。 沒有拯救，這段關係就撐不住。 關係需要真實與界線，不需要用拯救維持。 關係 拯救 健康 健康 壓力,2026-06-04T10:25:52.059328+00:00,2026-06-04T10:25:52.059328+00:00,[],dialogue,,
tp_rel_008,relationship,REL_001,創作卡關中的拯救盲點,在創作卡關中，用拯救維持靠近，反而讓彼此更難真實相遇，讓內在更難安定。,沒有拯救，這段關係就撐不住。,關係需要真實與界線，不需要用拯救維持。,你現在是在連結，還是在用拯救保住位置？,"[""關係"", ""拯救"", ""創作""]","[""創作"", ""表達""]",TruthOS seed dataset,relationship 關係 REL_001 拯救 創作卡關中的拯救盲點 在創作卡關中，用拯救維持靠近，反而讓彼此更難真實相遇，讓內在更難安定。 沒有拯救，這段關係就撐不住。 關係需要真實與界線，不需要用拯救維持。 關係 拯救 創作 創作 表達,2026-06-04T10:25:52.059328+00:00,2026-06-04T10:25:52.059328+00:00,[],dialogue,,
tp_rel_009,relationship,REL_001,靈性實踐中的拯救盲點,在靈性實踐中，用拯救維持靠近，反而讓彼此更難真實相遇，使互動落入重複循環。,沒有拯救，這段關係就撐不住。,關係需要真實與界線，不需要用拯救維持。,你現在是在連結，還是在用拯救保住位置？,"[""關係"", ""拯救"", ""靈性""]","[""靈性"", ""自我觀察""]",TruthOS seed dataset,relationship 關係 REL_001 拯救 靈性實踐中的拯救盲點 在靈性實踐中，用拯救維持靠近，反而讓彼此更難真實相遇，使互動落入重複循環。 沒有拯救，這段關係就撐不住。 關係需要真實與界線，不需要用拯救維持。 關係 拯救 靈性 靈性 自我觀察,2026-06-04T10:25:52.059328+00:00,2026-06-04T10:25:52.059328+00:00,[],dialogue,,
tp_rel_010,relationship,REL_001,重大失落中的拯救盲點,在重大失落中，用拯救維持靠近，反而讓彼此更難真實相遇，讓看見真相的空間縮小。,沒有拯救，這段關係就撐不住。,關係需要真實與界線，不需要用拯救維持。,你現在是在連結，還是在用拯救保住位置？,"[""關係"", ""拯救"", ""失落""]","[""失落"", ""轉化""]",TruthOS seed dataset,relationship 關係 REL_001 拯救 重大失落中的拯救盲點 在重大失落中，用拯救維持靠近，反而讓彼此更難真實相遇，讓看見真相的空間縮小。 沒有拯救，這段關係就撐不住。 關係需要真實與界線，不需要用拯救維持。 關係 拯救 失落 失落 轉化,2026-06-04T10:25:52.059328+00:00,2026-06-04T10:25:52.059328+00:00,[],dialogue,,
tp_rel_011,relationship,REL_001,教養現場中的拯救盲點,在教養現場中，用拯救維持靠近，反而讓彼此更難真實相遇，讓支持變成壓力。,沒有拯救，這段關係就撐不住。,關係需要真實與界線，不需要用拯救維持。,你現在是在連結，還是在用拯救保住位置？,"[""關係"", ""拯救"", ""教養""]","[""親子"", ""教養""]",TruthOS seed dataset,relationship 關係 REL_001 拯救 教養現場中的拯救盲點 在教養現場中，用拯救維持靠近，反而讓彼此更難真實相遇，讓支持變成壓力。 沒有拯救，這段關係就撐不住。 關係需要真實與界線，不需要用拯救維持。 關係 拯救 教養 親子 教養,2026-06-04T10:25:52.059328+00:00,2026-06-04T10:25:52.059328+00:00,[],dialogue,,
tp_rel_012,relationship,REL_001,團隊回饋中的拯救盲點,在團隊回饋中，用拯救維持靠近，反而讓彼此更難真實相遇，讓改變停在表面。,沒有拯救，這段關係就撐不住。,關係需要真實與界線，不需要用拯救維持。,你現在是在連結，還是在用拯救保住位置？,"[""關係"", ""拯救"", ""回饋""]","[""團隊"", ""回饋""]",TruthOS seed dataset,relationship 關係 REL_001 拯救 團隊回饋中的拯救盲點 在團隊回饋中，用拯救維持靠近，反而讓彼此更難真實相遇，讓改變停在表面。 沒有拯救，這段關係就撐不住。 關係需要真實與界線，不需要用拯救維持。 關係 拯救 回饋 團隊 回饋,2026-06-04T10:25:52.059328+00:00,2026-06-04T10:25:52.059328+00:00,[],dialogue,,
tp_rel_013,relationship,REL_002,伴侶衝突中的依附盲點,在伴侶衝突中，用依附維持靠近，反而讓彼此更難真實相遇，讓資源交換變得扭曲。,沒有依附，這段關係就撐不住。,關係需要真實與界線，不需要用依附維持。,你現在是在連結，還是在用依附保住位置？,"[""關係"", ""依附"", ""伴侶""]","[""伴侶"", ""界線""]",TruthOS seed dataset,relationship 關係 REL_002 依附 伴侶衝突中的依附盲點 在伴侶衝突中，用依附維持靠近，反而讓彼此更難真實相遇，讓資源交換變得扭曲。 沒有依附，這段關係就撐不住。 關係需要真實與界線，不需要用依附維持。 關係 依附 伴侶 伴侶 界線,2026-06-04T10:25:52.059328+00:00,2026-06-04T10:25:52.059328+00:00,[],dialogue,,
tp_rel_014,relationship,REL_002,職場協作中的依附盲點,在職場協作中，用依附維持靠近，反而讓彼此更難真實相遇，讓對話逐漸失衡。,沒有依附，這段關係就撐不住。,關係需要真實與界線，不需要用依附維持。,你現在是在連結，還是在用依附保住位置？,"[""關係"", ""依附"", ""職場""]","[""工作"", ""團隊""]",TruthOS seed dataset,relationship 關係 REL_002 依附 職場協作中的依附盲點 在職場協作中，用依附維持靠近，反而讓彼此更難真實相遇，讓對話逐漸失衡。 沒有依附，這段關係就撐不住。 關係需要真實與界線，不需要用依附維持。 關係 依附 職場 工作 團隊,2026-06-04T10:25:52.059328+00:00,2026-06-04T10:25:52.059328+00:00,[],dialogue,,
tp_rel_015,relationship,REL_002,領導決策中的依附盲點,在領導決策中，用依附維持靠近，反而讓彼此更難真實相遇，讓界線變得模糊。,沒有依附，這段關係就撐不住。,關係需要真實與界線，不需要用依附維持。,你現在是在連結，還是在用依附保住位置？,"[""關係"", ""依附"", ""領導""]","[""領導"", ""決策""]",TruthOS seed dataset,relationship 關係 REL_002 依附 領導決策中的依附盲點 在領導決策中，用依附維持靠近，反而讓彼此更難真實相遇，讓界線變得模糊。 沒有依附，這段關係就撐不住。 關係需要真實與界線，不需要用依附維持。 關係 依附 領導 領導 決策,2026-06-04T10:25:52.059328+00:00,2026-06-04T10:25:52.059328+00:00,[],dialogue,,
tp_rel_016,relationship,REL_002,朋友互動中的依附盲點,在朋友互動中，用依附維持靠近，反而讓彼此更難真實相遇，讓責任位置變得混亂。,沒有依附，這段關係就撐不住。,關係需要真實與界線，不需要用依附維持。,你現在是在連結，還是在用依附保住位置？,"[""關係"", ""依附"", ""友誼""]","[""友誼"", ""界線""]",TruthOS seed dataset,relationship 關係 REL_002 依附 朋友互動中的依附盲點 在朋友互動中，用依附維持靠近，反而讓彼此更難真實相遇，讓責任位置變得混亂。 沒有依附，這段關係就撐不住。 關係需要真實與界線，不需要用依附維持。 關係 依附 友誼 友誼 界線,2026-06-04T10:25:52.059328+00:00,2026-06-04T10:25:52.059328+00:00,[],dialogue,,
tp_rel_017,relationship,REL_002,金錢選擇中的依附盲點,在金錢選擇中，用依附維持靠近，反而讓彼此更難真實相遇，使真正的需求被遮住。,沒有依附，這段關係就撐不住。,關係需要真實與界線，不需要用依附維持。,你現在是在連結，還是在用依附保住位置？,"[""關係"", ""依附"", ""金錢""]","[""金錢"", ""價值""]",TruthOS seed dataset,relationship 關係 REL_002 依附 金錢選擇中的依附盲點 在金錢選擇中，用依附維持靠近，反而讓彼此更難真實相遇，使真正的需求被遮住。 沒有依附，這段關係就撐不住。 關係需要真實與界線，不需要用依附維持。 關係 依附 金錢 金錢 價值,2026-06-04T10:25:52.059328+00:00,2026-06-04T10:25:52.059328+00:00,[],dialogue,,
tp_rel_018,relationship,REL_002,健康壓力中的依附盲點,在健康壓力中，用依附維持靠近，反而讓彼此更難真實相遇，讓反饋失去作用。,沒有依附，這段關係就撐不住。,關係需要真實與界線，不需要用依附維持。,你現在是在連結，還是在用依附保住位置？,"[""關係"", ""依附"", ""健康""]","[""健康"", ""壓力""]",TruthOS seed dataset,relationship 關係 REL_002 依附 健康壓力中的依附盲點 在健康壓力中，用依附維持靠近，反而讓彼此更難真實相遇，讓反饋失去作用。 沒有依附，這段關係就撐不住。 關係需要真實與界線，不需要用依附維持。 關係 依附 健康 健康 壓力,2026-06-04T10:25:52.059328+00:00,2026-06-04T10:25:52.059328+00:00,[],dialogue,,
tp_rel_019,relationship,REL_002,創作卡關中的依附盲點,在創作卡關中，用依附維持靠近，反而讓彼此更難真實相遇，讓信任開始鬆動。,沒有依附，這段關係就撐不住。,關係需要真實與界線，不需要用依附維持。,你現在是在連結，還是在用依附保住位置？,"[""關係"", ""依附"", ""創作""]","[""創作"", ""表達""]",TruthOS seed dataset,relationship 關係 REL_002 依附 創作卡關中的依附盲點 在創作卡關中，用依附維持靠近，反而讓彼此更難真實相遇，讓信任開始鬆動。 沒有依附，這段關係就撐不住。 關係需要真實與界線，不需要用依附維持。 關係 依附 創作 創作 表達,2026-06-04T10:25:52.059328+00:00,2026-06-04T10:25:52.059328+00:00,[],dialogue,,
tp_rel_020,relationship,REL_002,靈性實踐中的依附盲點,在靈性實踐中，用依附維持靠近，反而讓彼此更難真實相遇，讓決定越來越僵硬。,沒有依附，這段關係就撐不住。,關係需要真實與界線，不需要用依附維持。,你現在是在連結，還是在用依附保住位置？,"[""關係"", ""依附"", ""靈性""]","[""靈性"", ""自我觀察""]",TruthOS seed dataset,relationship 關係 REL_002 依附 靈性實踐中的依附盲點 在靈性實踐中，用依附維持靠近，反而讓彼此更難真實相遇，讓決定越來越僵硬。 沒有依附，這段關係就撐不住。 關係需要真實與界線，不需要用依附維持。 關係 依附 靈性 靈性 自我觀察,2026-06-04T10:25:52.059328+00:00,2026-06-04T10:25:52.059328+00:00,[],dialogue,,
tp_rel_021,relationship,REL_002,重大失落中的依附盲點,在重大失落中，用依附維持靠近，反而讓彼此更難真實相遇，讓內在更難安定。,沒有依附，這段關係就撐不住。,關係需要真實與界線，不需要用依附維持。,你現在是在連結，還是在用依附保住位置？,"[""關係"", ""依附"", ""失落""]","[""失落"", ""轉化""]",TruthOS seed dataset,relationship 關係 REL_002 依附 重大失落中的依附盲點 在重大失落中，用依附維持靠近，反而讓彼此更難真實相遇，讓內在更難安定。 沒有依附，這段關係就撐不住。 關係需要真實與界線，不需要用依附維持。 關係 依附 失落 失落 轉化,2026-06-04T10:25:52.059328+00:00,2026-06-04T10:25:52.059328+00:00,[],dialogue,,
tp_rel_022,relationship,REL_002,教養現場中的依附盲點,在教養現場中，用依附維持靠近，反而讓彼此更難真實相遇，使互動落入重複循環。,沒有依附，這段關係就撐不住。,關係需要真實與界線，不需要用依附維持。,你現在是在連結，還是在用依附保住位置？,"[""關係"", ""依附"", ""教養""]","[""親子"", ""教養""]",TruthOS seed dataset,relationship 關係 REL_002 依附 教養現場中的依附盲點 在教養現場中，用依附維持靠近，反而讓彼此更難真實相遇，使互動落入重複循環。 沒有依附，這段關係就撐不住。 關係需要真實與界線，不需要用依附維持。 關係 依附 教養 親子 教養,2026-06-04T10:25:52.059328+00:00,2026-06-04T10:25:52.059328+00:00,[],dialogue,,
tp_rel_023,relationship,REL_002,團隊回饋中的依附盲點,在團隊回饋中，用依附維持靠近，反而讓彼此更難真實相遇，讓看見真相的空間縮小。,沒有依附，這段關係就撐不住。,關係需要真實與界線，不需要用依附維持。,你現在是在連結，還是在用依附保住位置？,"[""關係"", ""依附"", ""回饋""]","[""團隊"", ""回饋""]",TruthOS seed dataset,relationship 關係 REL_002 依附 團隊回饋中的依附盲點 在團隊回饋中，用依附維持靠近，反而讓彼此更難真實相遇，讓看見真相的空間縮小。 沒有依附，這段關係就撐不住。 關係需要真實與界線，不需要用依附維持。 關係 依附 回饋 團隊 回饋,2026-06-04T10:25:52.059328+00:00,2026-06-04T10:25:52.059328+00:00,[],dialogue,,
tp_rel_024,relationship,REL_003,職場協作中的討好盲點,在職場協作中，用討好維持靠近，反而讓彼此更難真實相遇，讓支持變成壓力。,沒有討好，這段關係就撐不住。,關係需要真實與界線，不需要用討好維持。,你現在是在連結，還是在用討好保住位置？,"[""關係"", ""討好"", ""職場""]","[""工作"", ""團隊""]",TruthOS seed dataset,relationship 關係 REL_003 討好 職場協作中的討好盲點 在職場協作中，用討好維持靠近，反而讓彼此更難真實相遇，讓支持變成壓力。 沒有討好，這段關係就撐不住。 關係需要真實與界線，不需要用討好維持。 關係 討好 職場 工作 團隊,2026-06-04T10:25:52.059328+00:00,2026-06-04T10:25:52.059328+00:00,[],dialogue,,
tp_rel_025,relationship,REL_003,領導決策中的討好盲點,在領導決策中，用討好維持靠近，反而讓彼此更難真實相遇，讓改變停在表面。,沒有討好，這段關係就撐不住。,關係需要真實與界線，不需要用討好維持。,你現在是在連結，還是在用討好保住位置？,"[""關係"", ""討好"", ""領導""]","[""領導"", ""決策""]",TruthOS seed dataset,relationship 關係 REL_003 討好 領導決策中的討好盲點 在領導決策中，用討好維持靠近，反而讓彼此更難真實相遇，讓改變停在表面。 沒有討好，這段關係就撐不住。 關係需要真實與界線，不需要用討好維持。 關係 討好 領導 領導 決策,2026-06-04T10:25:52.059328+00:00,2026-06-04T10:25:52.059328+00:00,[],dialogue,,
tp_rel_026,relationship,REL_003,朋友互動中的討好盲點,在朋友互動中，用討好維持靠近，反而讓彼此更難真實相遇，讓資源交換變得扭曲。,沒有討好，這段關係就撐不住。,關係需要真實與界線，不需要用討好維持。,你現在是在連結，還是在用討好保住位置？,"[""關係"", ""討好"", ""友誼""]","[""友誼"", ""界線""]",TruthOS seed dataset,relationship 關係 REL_003 討好 朋友互動中的討好盲點 在朋友互動中，用討好維持靠近，反而讓彼此更難真實相遇，讓資源交換變得扭曲。 沒有討好，這段關係就撐不住。 關係需要真實與界線，不需要用討好維持。 關係 討好 友誼 友誼 界線,2026-06-04T10:25:52.059328+00:00,2026-06-04T10:25:52.059328+00:00,[],dialogue,,
tp_rel_027,relationship,REL_003,金錢選擇中的討好盲點,在金錢選擇中，用討好維持靠近，反而讓彼此更難真實相遇，讓對話逐漸失衡。,沒有討好，這段關係就撐不住。,關係需要真實與界線，不需要用討好維持。,你現在是在連結，還是在用討好保住位置？,"[""關係"", ""討好"", ""金錢""]","[""金錢"", ""價值""]",TruthOS seed dataset,relationship 關係 REL_003 討好 金錢選擇中的討好盲點 在金錢選擇中，用討好維持靠近，反而讓彼此更難真實相遇，讓對話逐漸失衡。 沒有討好，這段關係就撐不住。 關係需要真實與界線，不需要用討好維持。 關係 討好 金錢 金錢 價值,2026-06-04T10:25:52.059328+00:00,2026-06-04T10:25:52.059328+00:00,[],dialogue,,
tp_rel_028,relationship,REL_003,健康壓力中的討好盲點,在健康壓力中，用討好維持靠近，反而讓彼此更難真實相遇，讓界線變得模糊。,沒有討好，這段關係就撐不住。,關係需要真實與界線，不需要用討好維持。,你現在是在連結，還是在用討好保住位置？,"[""關係"", ""討好"", ""健康""]","[""健康"", ""壓力""]",TruthOS seed dataset,relationship 關係 REL_003 討好 健康壓力中的討好盲點 在健康壓力中，用討好維持靠近，反而讓彼此更難真實相遇，讓界線變得模糊。 沒有討好，這段關係就撐不住。 關係需要真實與界線，不需要用討好維持。 關係 討好 健康 健康 壓力,2026-06-04T10:25:52.059328+00:00,2026-06-04T10:25:52.059328+00:00,[],dialogue,,
tp_rel_029,relationship,REL_003,創作卡關中的討好盲點,在創作卡關中，用討好維持靠近，反而讓彼此更難真實相遇，讓責任位置變得混亂。,沒有討好，這段關係就撐不住。,關係需要真實與界線，不需要用討好維持。,你現在是在連結，還是在用討好保住位置？,"[""關係"", ""討好"", ""創作""]","[""創作"", ""表達""]",TruthOS seed dataset,relationship 關係 REL_003 討好 創作卡關中的討好盲點 在創作卡關中，用討好維持靠近，反而讓彼此更難真實相遇，讓責任位置變得混亂。 沒有討好，這段關係就撐不住。 關係需要真實與界線，不需要用討好維持。 關係 討好 創作 創作 表達,2026-06-04T10:25:52.059328+00:00,2026-06-04T10:25:52.059328+00:00,[],dialogue,,
tp_rel_030,relationship,REL_003,靈性實踐中的討好盲點,在靈性實踐中，用討好維持靠近，反而讓彼此更難真實相遇，使真正的需求被遮住。,沒有討好，這段關係就撐不住。,關係需要真實與界線，不需要用討好維持。,你現在是在連結，還是在用討好保住位置？,"[""關係"", ""討好"", ""靈性""]","[""靈性"", ""自我觀察""]",TruthOS seed dataset,relationship 關係 REL_003 討好 靈性實踐中的討好盲點 在靈性實踐中，用討好維持靠近，反而讓彼此更難真實相遇，使真正的需求被遮住。 沒有討好，這段關係就撐不住。 關係需要真實與界線，不需要用討好維持。 關係 討好 靈性 靈性 自我觀察,2026-06-04T10:25:52.059328+00:00,2026-06-04T10:25:52.059328+00:00,[],dialogue,,
tp_rel_031,relationship,REL_003,重大失落中的討好盲點,在重大失落中，用討好維持靠近，反而讓彼此更難真實相遇，讓反饋失去作用。,沒有討好，這段關係就撐不住。,關係需要真實與界線，不需要用討好維持。,你現在是在連結，還是在用討好保住位置？,"[""關係"", ""討好"", ""失落""]","[""失落"", ""轉化""]",TruthOS seed dataset,relationship 關係 REL_003 討好 重大失落中的討好盲點 在重大失落中，用討好維持靠近，反而讓彼此更難真實相遇，讓反饋失去作用。 沒有討好，這段關係就撐不住。 關係需要真實與界線，不需要用討好維持。 關係 討好 失落 失落 轉化,2026-06-04T10:25:52.059328+00:00,2026-06-04T10:25:52.059328+00:00,[],dialogue,,
tp_rel_032,relationship,REL_003,教養現場中的討好盲點,在教養現場中，用討好維持靠近，反而讓彼此更難真實相遇，讓信任開始鬆動。,沒有討好，這段關係就撐不住。,關係需要真實與界線，不需要用討好維持。,你現在是在連結，還是在用討好保住位置？,"[""關係"", ""討好"", ""教養""]","[""親子"", ""教養""]",TruthOS seed dataset,relationship 關係 REL_003 討好 教養現場中的討好盲點 在教養現場中，用討好維持靠近，反而讓彼此更難真實相遇，讓信任開始鬆動。 沒有討好，這段關係就撐不住。 關係需要真實與界線，不需要用討好維持。 關係 討好 教養 親子 教養,2026-06-04T10:25:52.059328+00:00,2026-06-04T10:25:52.059328+00:00,[],dialogue,,
tp_rel_033,relationship,REL_003,團隊回饋中的討好盲點,在團隊回饋中，用討好維持靠近，反而讓彼此更難真實相遇，讓決定越來越僵硬。,沒有討好，這段關係就撐不住。,關係需要真實與界線，不需要用討好維持。,你現在是在連結，還是在用討好保住位置？,"[""關係"", ""討好"", ""回饋""]","[""團隊"", ""回饋""]",TruthOS seed dataset,relationship 關係 REL_003 討好 團隊回饋中的討好盲點 在團隊回饋中，用討好維持靠近，反而讓彼此更難真實相遇，讓決定越來越僵硬。 沒有討好，這段關係就撐不住。 關係需要真實與界線，不需要用討好維持。 關係 討好 回饋 團隊 回饋,2026-06-04T10:25:52.059328+00:00,2026-06-04T10:25:52.059328+00:00,[],dialogue,,
tp_rel_034,relationship,REL_003,社群曝光中的討好盲點,在社群曝光中，用討好維持靠近，反而讓彼此更難真實相遇，讓內在更難安定。,沒有討好，這段關係就撐不住。,關係需要真實與界線，不需要用討好維持。,你現在是在連結，還是在用討好保住位置？,"[""關係"", ""討好"", ""社群""]","[""社群"", ""自我價值""]",TruthOS seed dataset,relationship 關係 REL_003 討好 社群曝光中的討好盲點 在社群曝光中，用討好維持靠近，反而讓彼此更難真實相遇，讓內在更難安定。 沒有討好，這段關係就撐不住。 關係需要真實與界線，不需要用討好維持。 關係 討好 社群 社群 自我價值,2026-06-04T10:25:52.059328+00:00,2026-06-04T10:25:52.059328+00:00,[],dialogue,,
tp_rel_035,relationship,REL_004,領導決策中的防衛盲點,在領導決策中，用防衛維持靠近，反而讓彼此更難真實相遇，使互動落入重複循環。,沒有防衛，這段關係就撐不住。,關係需要真實與界線，不需要用防衛維持。,你現在是在連結，還是在用防衛保住位置？,"[""關係"", ""防衛"", ""領導""]","[""領導"", ""決策""]",TruthOS seed dataset,relationship 關係 REL_004 防衛 領導決策中的防衛盲點 在領導決策中，用防衛維持靠近，反而讓彼此更難真實相遇，使互動落入重複循環。 沒有防衛，這段關係就撐不住。 關係需要真實與界線，不需要用防衛維持。 關係 防衛 領導 領導 決策,2026-06-04T10:25:52.059328+00:00,2026-06-04T10:25:52.059328+00:00,[],dialogue,,
tp_rel_036,relationship,REL_004,朋友互動中的防衛盲點,在朋友互動中，用防衛維持靠近，反而讓彼此更難真實相遇，讓看見真相的空間縮小。,沒有防衛，這段關係就撐不住。,關係需要真實與界線，不需要用防衛維持。,你現在是在連結，還是在用防衛保住位置？,"[""關係"", ""防衛"", ""友誼""]","[""友誼"", ""界線""]",TruthOS seed dataset,relationship 關係 REL_004 防衛 朋友互動中的防衛盲點 在朋友互動中，用防衛維持靠近，反而讓彼此更難真實相遇，讓看見真相的空間縮小。 沒有防衛，這段關係就撐不住。 關係需要真實與界線，不需要用防衛維持。 關係 防衛 友誼 友誼 界線,2026-06-04T10:25:52.059328+00:00,2026-06-04T10:25:52.059328+00:00,[],dialogue,,
tp_rel_037,relationship,REL_004,金錢選擇中的防衛盲點,在金錢選擇中，用防衛維持靠近，反而讓彼此更難真實相遇，讓支持變成壓力。,沒有防衛，這段關係就撐不住。,關係需要真實與界線，不需要用防衛維持。,你現在是在連結，還是在用防衛保住位置？,"[""關係"", ""防衛"", ""金錢""]","[""金錢"", ""價值""]",TruthOS seed dataset,relationship 關係 REL_004 防衛 金錢選擇中的防衛盲點 在金錢選擇中，用防衛維持靠近，反而讓彼此更難真實相遇，讓支持變成壓力。 沒有防衛，這段關係就撐不住。 關係需要真實與界線，不需要用防衛維持。 關係 防衛 金錢 金錢 價值,2026-06-04T10:25:52.059328+00:00,2026-06-04T10:25:52.059328+00:00,[],dialogue,,
tp_rel_038,relationship,REL_004,健康壓力中的防衛盲點,在健康壓力中，用防衛維持靠近，反而讓彼此更難真實相遇，讓改變停在表面。,沒有防衛，這段關係就撐不住。,關係需要真實與界線，不需要用防衛維持。,你現在是在連結，還是在用防衛保住位置？,"[""關係"", ""防衛"", ""健康""]","[""健康"", ""壓力""]",TruthOS seed dataset,relationship 關係 REL_004 防衛 健康壓力中的防衛盲點 在健康壓力中，用防衛維持靠近，反而讓彼此更難真實相遇，讓改變停在表面。 沒有防衛，這段關係就撐不住。 關係需要真實與界線，不需要用防衛維持。 關係 防衛 健康 健康 壓力,2026-06-04T10:25:52.059328+00:00,2026-06-04T10:25:52.059328+00:00,[],dialogue,,
tp_rel_039,relationship,REL_004,創作卡關中的防衛盲點,在創作卡關中，用防衛維持靠近，反而讓彼此更難真實相遇，讓資源交換變得扭曲。,沒有防衛，這段關係就撐不住。,關係需要真實與界線，不需要用防衛維持。,你現在是在連結，還是在用防衛保住位置？,"[""關係"", ""防衛"", ""創作""]","[""創作"", ""表達""]",TruthOS seed dataset,relationship 關係 REL_004 防衛 創作卡關中的防衛盲點 在創作卡關中，用防衛維持靠近，反而讓彼此更難真實相遇，讓資源交換變得扭曲。 沒有防衛，這段關係就撐不住。 關係需要真實與界線，不需要用防衛維持。 關係 防衛 創作 創作 表達,2026-06-04T10:25:52.059328+00:00,2026-06-04T10:25:52.059328+00:00,[],dialogue,,
tp_rel_040,relationship,REL_004,靈性實踐中的防衛盲點,在靈性實踐中，用防衛維持靠近，反而讓彼此更難真實相遇，讓對話逐漸失衡。,沒有防衛，這段關係就撐不住。,關係需要真實與界線，不需要用防衛維持。,你現在是在連結，還是在用防衛保住位置？,"[""關係"", ""防衛"", ""靈性""]","[""靈性"", ""自我觀察""]",TruthOS seed dataset,relationship 關係 REL_004 防衛 靈性實踐中的防衛盲點 在靈性實踐中，用防衛維持靠近，反而讓彼此更難真實相遇，讓對話逐漸失衡。 沒有防衛，這段關係就撐不住。 關係需要真實與界線，不需要用防衛維持。 關係 防衛 靈性 靈性 自我觀察,2026-06-04T10:25:52.059328+00:00,2026-06-04T10:25:52.059328+00:00,[],dialogue,,
tp_rel_041,relationship,REL_004,重大失落中的防衛盲點,在重大失落中，用防衛維持靠近，反而讓彼此更難真實相遇，讓界線變得模糊。,沒有防衛，這段關係就撐不住。,關係需要真實與界線，不需要用防衛維持。,你現在是在連結，還是在用防衛保住位置？,"[""關係"", ""防衛"", ""失落""]","[""失落"", ""轉化""]",TruthOS seed dataset,relationship 關係 REL_004 防衛 重大失落中的防衛盲點 在重大失落中，用防衛維持靠近，反而讓彼此更難真實相遇，讓界線變得模糊。 沒有防衛，這段關係就撐不住。 關係需要真實與界線，不需要用防衛維持。 關係 防衛 失落 失落 轉化,2026-06-04T10:25:52.059328+00:00,2026-06-04T10:25:52.059328+00:00,[],dialogue,,
tp_rel_042,relationship,REL_004,教養現場中的防衛盲點,在教養現場中，用防衛維持靠近，反而讓彼此更難真實相遇，讓責任位置變得混亂。,沒有防衛，這段關係就撐不住。,關係需要真實與界線，不需要用防衛維持。,你現在是在連結，還是在用防衛保住位置？,"[""關係"", ""防衛"", ""教養""]","[""親子"", ""教養""]",TruthOS seed dataset,relationship 關係 REL_004 防衛 教養現場中的防衛盲點 在教養現場中，用防衛維持靠近，反而讓彼此更難真實相遇，讓責任位置變得混亂。 沒有防衛，這段關係就撐不住。 關係需要真實與界線，不需要用防衛維持。 關係 防衛 教養 親子 教養,2026-06-04T10:25:52.059328+00:00,2026-06-04T10:25:52.059328+00:00,[],dialogue,,
tp_rel_043,relationship,REL_004,團隊回饋中的防衛盲點,在團隊回饋中，用防衛維持靠近，反而讓彼此更難真實相遇，使真正的需求被遮住。,沒有防衛，這段關係就撐不住。,關係需要真實與界線，不需要用防衛維持。,你現在是在連結，還是在用防衛保住位置？,"[""關係"", ""防衛"", ""回饋""]","[""團隊"", ""回饋""]",TruthOS seed dataset,relationship 關係 REL_004 防衛 團隊回饋中的防衛盲點 在團隊回饋中，用防衛維持靠近，反而讓彼此更難真實相遇，使真正的需求被遮住。 沒有防衛，這段關係就撐不住。 關係需要真實與界線，不需要用防衛維持。 關係 防衛 回饋 團隊 回饋,2026-06-04T10:25:52.059328+00:00,2026-06-04T10:25:52.059328+00:00,[],dialogue,,
tp_rel_044,relationship,REL_004,社群曝光中的防衛盲點,在社群曝光中，用防衛維持靠近，反而讓彼此更難真實相遇，讓反饋失去作用。,沒有防衛，這段關係就撐不住。,關係需要真實與界線，不需要用防衛維持。,你現在是在連結，還是在用防衛保住位置？,"[""關係"", ""防衛"", ""社群""]","[""社群"", ""自我價值""]",TruthOS seed dataset,relationship 關係 REL_004 防衛 社群曝光中的防衛盲點 在社群曝光中，用防衛維持靠近，反而讓彼此更難真實相遇，讓反饋失去作用。 沒有防衛，這段關係就撐不住。 關係需要真實與界線，不需要用防衛維持。 關係 防衛 社群 社群 自我價值,2026-06-04T10:25:52.059328+00:00,2026-06-04T10:25:52.059328+00:00,[],dialogue,,
tp_rel_045,relationship,REL_004,家庭對話中的防衛盲點,在家庭對話中，用防衛維持靠近，反而讓彼此更難真實相遇，讓信任開始鬆動。,沒有防衛，這段關係就撐不住。,關係需要真實與界線，不需要用防衛維持。,你現在是在連結，還是在用防衛保住位置？,"[""關係"", ""防衛"", ""家庭""]","[""家庭"", ""親子""]",TruthOS seed dataset,relationship 關係 REL_004 防衛 家庭對話中的防衛盲點 在家庭對話中，用防衛維持靠近，反而讓彼此更難真實相遇，讓信任開始鬆動。 沒有防衛，這段關係就撐不住。 關係需要真實與界線，不需要用防衛維持。 關係 防衛 家庭 家庭 親子,2026-06-04T10:25:52.059328+00:00,2026-06-04T10:25:52.059328+00:00,[],dialogue,,
tp_rel_046,relationship,REL_005,朋友互動中的測試盲點,在朋友互動中，用測試維持靠近，反而讓彼此更難真實相遇，讓決定越來越僵硬。,沒有測試，這段關係就撐不住。,關係需要真實與界線，不需要用測試維持。,你現在是在連結，還是在用測試保住位置？,"[""關係"", ""測試"", ""友誼""]","[""友誼"", ""界線""]",TruthOS seed dataset,relationship 關係 REL_005 測試 朋友互動中的測試盲點 在朋友互動中，用測試維持靠近，反而讓彼此更難真實相遇，讓決定越來越僵硬。 沒有測試，這段關係就撐不住。 關係需要真實與界線，不需要用測試維持。 關係 測試 友誼 友誼 界線,2026-06-04T10:25:52.059328+00:00,2026-06-04T10:25:52.059328+00:00,[],dialogue,,
tp_rel_047,relationship,REL_005,金錢選擇中的測試盲點,在金錢選擇中，用測試維持靠近，反而讓彼此更難真實相遇，讓內在更難安定。,沒有測試，這段關係就撐不住。,關係需要真實與界線，不需要用測試維持。,你現在是在連結，還是在用測試保住位置？,"[""關係"", ""測試"", ""金錢""]","[""金錢"", ""價值""]",TruthOS seed dataset,relationship 關係 REL_005 測試 金錢選擇中的測試盲點 在金錢選擇中，用測試維持靠近，反而讓彼此更難真實相遇，讓內在更難安定。 沒有測試，這段關係就撐不住。 關係需要真實與界線，不需要用測試維持。 關係 測試 金錢 金錢 價值,2026-06-04T10:25:52.059328+00:00,2026-06-04T10:25:52.059328+00:00,[],dialogue,,
tp_rel_048,relationship,REL_005,健康壓力中的測試盲點,在健康壓力中，用測試維持靠近，反而讓彼此更難真實相遇，使互動落入重複循環。,沒有測試，這段關係就撐不住。,關係需要真實與界線，不需要用測試維持。,你現在是在連結，還是在用測試保住位置？,"[""關係"", ""測試"", ""健康""]","[""健康"", ""壓力""]",TruthOS seed dataset,relationship 關係 REL_005 測試 健康壓力中的測試盲點 在健康壓力中，用測試維持靠近，反而讓彼此更難真實相遇，使互動落入重複循環。 沒有測試，這段關係就撐不住。 關係需要真實與界線，不需要用測試維持。 關係 測試 健康 健康 壓力,2026-06-04T10:25:52.059328+00:00,2026-06-04T10:25:52.059328+00:00,[],dialogue,,
tp_rel_049,relationship,REL_005,創作卡關中的測試盲點,在創作卡關中，用測試維持靠近，反而讓彼此更難真實相遇，讓看見真相的空間縮小。,沒有測試，這段關係就撐不住。,關係需要真實與界線，不需要用測試維持。,你現在是在連結，還是在用測試保住位置？,"[""關係"", ""測試"", ""創作""]","[""創作"", ""表達""]",TruthOS seed dataset,relationship 關係 REL_005 測試 創作卡關中的測試盲點 在創作卡關中，用測試維持靠近，反而讓彼此更難真實相遇，讓看見真相的空間縮小。 沒有測試，這段關係就撐不住。 關係需要真實與界線，不需要用測試維持。 關係 測試 創作 創作 表達,2026-06-04T10:25:52.059328+00:00,2026-06-04T10:25:52.059328+00:00,[],dialogue,,
tp_rel_050,relationship,REL_005,靈性實踐中的測試盲點,在靈性實踐中，用測試維持靠近，反而讓彼此更難真實相遇，讓支持變成壓力。,沒有測試，這段關係就撐不住。,關係需要真實與界線，不需要用測試維持。,你現在是在連結，還是在用測試保住位置？,"[""關係"", ""測試"", ""靈性""]","[""靈性"", ""自我觀察""]",TruthOS seed dataset,relationship 關係 REL_005 測試 靈性實踐中的測試盲點 在靈性實踐中，用測試維持靠近，反而讓彼此更難真實相遇，讓支持變成壓力。 沒有測試，這段關係就撐不住。 關係需要真實與界線，不需要用測試維持。 關係 測試 靈性 靈性 自我觀察,2026-06-04T10:25:52.059328+00:00,2026-06-04T10:25:52.059328+00:00,[],dialogue,,
tp_rel_051,relationship,REL_005,重大失落中的測試盲點,在重大失落中，用測試維持靠近，反而讓彼此更難真實相遇，讓改變停在表面。,沒有測試，這段關係就撐不住。,關係需要真實與界線，不需要用測試維持。,你現在是在連結，還是在用測試保住位置？,"[""關係"", ""測試"", ""失落""]","[""失落"", ""轉化""]",TruthOS seed dataset,relationship 關係 REL_005 測試 重大失落中的測試盲點 在重大失落中，用測試維持靠近，反而讓彼此更難真實相遇，讓改變停在表面。 沒有測試，這段關係就撐不住。 關係需要真實與界線，不需要用測試維持。 關係 測試 失落 失落 轉化,2026-06-04T10:25:52.059328+00:00,2026-06-04T10:25:52.059328+00:00,[],dialogue,,
tp_rel_052,relationship,REL_005,教養現場中的測試盲點,在教養現場中，用測試維持靠近，反而讓彼此更難真實相遇，讓資源交換變得扭曲。,沒有測試，這段關係就撐不住。,關係需要真實與界線，不需要用測試維持。,你現在是在連結，還是在用測試保住位置？,"[""關係"", ""測試"", ""教養""]","[""親子"", ""教養""]",TruthOS seed dataset,relationship 關係 REL_005 測試 教養現場中的測試盲點 在教養現場中，用測試維持靠近，反而讓彼此更難真實相遇，讓資源交換變得扭曲。 沒有測試，這段關係就撐不住。 關係需要真實與界線，不需要用測試維持。 關係 測試 教養 親子 教養,2026-06-04T10:25:52.059328+00:00,2026-06-04T10:25:52.059328+00:00,[],dialogue,,
tp_rel_053,relationship,REL_005,團隊回饋中的測試盲點,在團隊回饋中，用測試維持靠近，反而讓彼此更難真實相遇，讓對話逐漸失衡。,沒有測試，這段關係就撐不住。,關係需要真實與界線，不需要用測試維持。,你現在是在連結，還是在用測試保住位置？,"[""關係"", ""測試"", ""回饋""]","[""團隊"", ""回饋""]",TruthOS seed dataset,relationship 關係 REL_005 測試 團隊回饋中的測試盲點 在團隊回饋中，用測試維持靠近，反而讓彼此更難真實相遇，讓對話逐漸失衡。 沒有測試，這段關係就撐不住。 關係需要真實與界線，不需要用測試維持。 關係 測試 回饋 團隊 回饋,2026-06-04T10:25:52.059328+00:00,2026-06-04T10:25:52.059328+00:00,[],dialogue,,
tp_rel_054,relationship,REL_005,社群曝光中的測試盲點,在社群曝光中，用測試維持靠近，反而讓彼此更難真實相遇，讓界線變得模糊。,沒有測試，這段關係就撐不住。,關係需要真實與界線，不需要用測試維持。,你現在是在連結，還是在用測試保住位置？,"[""關係"", ""測試"", ""社群""]","[""社群"", ""自我價值""]",TruthOS seed dataset,relationship 關係 REL_005 測試 社群曝光中的測試盲點 在社群曝光中，用測試維持靠近，反而讓彼此更難真實相遇，讓界線變得模糊。 沒有測試，這段關係就撐不住。 關係需要真實與界線，不需要用測試維持。 關係 測試 社群 社群 自我價值,2026-06-04T10:25:52.059328+00:00,2026-06-04T10:25:52.059328+00:00,[],dialogue,,
tp_rel_055,relationship,REL_005,家庭對話中的測試盲點,在家庭對話中，用測試維持靠近，反而讓彼此更難真實相遇，讓責任位置變得混亂。,沒有測試，這段關係就撐不住。,關係需要真實與界線，不需要用測試維持。,你現在是在連結，還是在用測試保住位置？,"[""關係"", ""測試"", ""家庭""]","[""家庭"", ""親子""]",TruthOS seed dataset,relationship 關係 REL_005 測試 家庭對話中的測試盲點 在家庭對話中，用測試維持靠近，反而讓彼此更難真實相遇，讓責任位置變得混亂。 沒有測試，這段關係就撐不住。 關係需要真實與界線，不需要用測試維持。 關係 測試 家庭 家庭 親子,2026-06-04T10:25:52.059328+00:00,2026-06-04T10:25:52.059328+00:00,[],dialogue,,
tp_rel_056,relationship,REL_005,伴侶衝突中的測試盲點,在伴侶衝突中，用測試維持靠近，反而讓彼此更難真實相遇，使真正的需求被遮住。,沒有測試，這段關係就撐不住。,關係需要真實與界線，不需要用測試維持。,你現在是在連結，還是在用測試保住位置？,"[""關係"", ""測試"", ""伴侶""]","[""伴侶"", ""界線""]",TruthOS seed dataset,relationship 關係 REL_005 測試 伴侶衝突中的測試盲點 在伴侶衝突中，用測試維持靠近，反而讓彼此更難真實相遇，使真正的需求被遮住。 沒有測試，這段關係就撐不住。 關係需要真實與界線，不需要用測試維持。 關係 測試 伴侶 伴侶 界線,2026-06-04T10:25:52.059328+00:00,2026-06-04T10:25:52.059328+00:00,[],dialogue,,
tp_rel_057,relationship,REL_006,金錢選擇中的佔有盲點,在金錢選擇中，用佔有維持靠近，反而讓彼此更難真實相遇，讓反饋失去作用。,沒有佔有，這段關係就撐不住。,關係需要真實與界線，不需要用佔有維持。,你現在是在連結，還是在用佔有保住位置？,"[""關係"", ""佔有"", ""金錢""]","[""金錢"", ""價值""]",TruthOS seed dataset,relationship 關係 REL_006 佔有 金錢選擇中的佔有盲點 在金錢選擇中，用佔有維持靠近，反而讓彼此更難真實相遇，讓反饋失去作用。 沒有佔有，這段關係就撐不住。 關係需要真實與界線，不需要用佔有維持。 關係 佔有 金錢 金錢 價值,2026-06-04T10:25:52.059328+00:00,2026-06-04T10:25:52.059328+00:00,[],dialogue,,
tp_rel_058,relationship,REL_006,健康壓力中的佔有盲點,在健康壓力中，用佔有維持靠近，反而讓彼此更難真實相遇，讓信任開始鬆動。,沒有佔有，這段關係就撐不住。,關係需要真實與界線，不需要用佔有維持。,你現在是在連結，還是在用佔有保住位置？,"[""關係"", ""佔有"", ""健康""]","[""健康"", ""壓力""]",TruthOS seed dataset,relationship 關係 REL_006 佔有 健康壓力中的佔有盲點 在健康壓力中，用佔有維持靠近，反而讓彼此更難真實相遇，讓信任開始鬆動。 沒有佔有，這段關係就撐不住。 關係需要真實與界線，不需要用佔有維持。 關係 佔有 健康 健康 壓力,2026-06-04T10:25:52.059328+00:00,2026-06-04T10:25:52.059328+00:00,[],dialogue,,
tp_rel_059,relationship,REL_006,創作卡關中的佔有盲點,在創作卡關中，用佔有維持靠近，反而讓彼此更難真實相遇，讓決定越來越僵硬。,沒有佔有，這段關係就撐不住。,關係需要真實與界線，不需要用佔有維持。,你現在是在連結，還是在用佔有保住位置？,"[""關係"", ""佔有"", ""創作""]","[""創作"", ""表達""]",TruthOS seed dataset,relationship 關係 REL_006 佔有 創作卡關中的佔有盲點 在創作卡關中，用佔有維持靠近，反而讓彼此更難真實相遇，讓決定越來越僵硬。 沒有佔有，這段關係就撐不住。 關係需要真實與界線，不需要用佔有維持。 關係 佔有 創作 創作 表達,2026-06-04T10:25:52.059328+00:00,2026-06-04T10:25:52.059328+00:00,[],dialogue,,
tp_rel_060,relationship,REL_006,靈性實踐中的佔有盲點,在靈性實踐中，用佔有維持靠近，反而讓彼此更難真實相遇，讓內在更難安定。,沒有佔有，這段關係就撐不住。,關係需要真實與界線，不需要用佔有維持。,你現在是在連結，還是在用佔有保住位置？,"[""關係"", ""佔有"", ""靈性""]","[""靈性"", ""自我觀察""]",TruthOS seed dataset,relationship 關係 REL_006 佔有 靈性實踐中的佔有盲點 在靈性實踐中，用佔有維持靠近，反而讓彼此更難真實相遇，讓內在更難安定。 沒有佔有，這段關係就撐不住。 關係需要真實與界線，不需要用佔有維持。 關係 佔有 靈性 靈性 自我觀察,2026-06-04T10:25:52.059328+00:00,2026-06-04T10:25:52.059328+00:00,[],dialogue,,
tp_rel_061,relationship,REL_006,重大失落中的佔有盲點,在重大失落中，用佔有維持靠近，反而讓彼此更難真實相遇，使互動落入重複循環。,沒有佔有，這段關係就撐不住。,關係需要真實與界線，不需要用佔有維持。,你現在是在連結，還是在用佔有保住位置？,"[""關係"", ""佔有"", ""失落""]","[""失落"", ""轉化""]",TruthOS seed dataset,relationship 關係 REL_006 佔有 重大失落中的佔有盲點 在重大失落中，用佔有維持靠近，反而讓彼此更難真實相遇，使互動落入重複循環。 沒有佔有，這段關係就撐不住。 關係需要真實與界線，不需要用佔有維持。 關係 佔有 失落 失落 轉化,2026-06-04T10:25:52.059328+00:00,2026-06-04T10:25:52.059328+00:00,[],dialogue,,
tp_rel_062,relationship,REL_006,教養現場中的佔有盲點,在教養現場中，用佔有維持靠近，反而讓彼此更難真實相遇，讓看見真相的空間縮小。,沒有佔有，這段關係就撐不住。,關係需要真實與界線，不需要用佔有維持。,你現在是在連結，還是在用佔有保住位置？,"[""關係"", ""佔有"", ""教養""]","[""親子"", ""教養""]",TruthOS seed dataset,relationship 關係 REL_006 佔有 教養現場中的佔有盲點 在教養現場中，用佔有維持靠近，反而讓彼此更難真實相遇，讓看見真相的空間縮小。 沒有佔有，這段關係就撐不住。 關係需要真實與界線，不需要用佔有維持。 關係 佔有 教養 親子 教養,2026-06-04T10:25:52.059328+00:00,2026-06-04T10:25:52.059328+00:00,[],dialogue,,
tp_rel_063,relationship,REL_006,團隊回饋中的佔有盲點,在團隊回饋中，用佔有維持靠近，反而讓彼此更難真實相遇，讓支持變成壓力。,沒有佔有，這段關係就撐不住。,關係需要真實與界線，不需要用佔有維持。,你現在是在連結，還是在用佔有保住位置？,"[""關係"", ""佔有"", ""回饋""]","[""團隊"", ""回饋""]",TruthOS seed dataset,relationship 關係 REL_006 佔有 團隊回饋中的佔有盲點 在團隊回饋中，用佔有維持靠近，反而讓彼此更難真實相遇，讓支持變成壓力。 沒有佔有，這段關係就撐不住。 關係需要真實與界線，不需要用佔有維持。 關係 佔有 回饋 團隊 回饋,2026-06-04T10:25:52.059328+00:00,2026-06-04T10:25:52.059328+00:00,[],dialogue,,
tp_rel_064,relationship,REL_006,社群曝光中的佔有盲點,在社群曝光中，用佔有維持靠近，反而讓彼此更難真實相遇，讓改變停在表面。,沒有佔有，這段關係就撐不住。,關係需要真實與界線，不需要用佔有維持。,你現在是在連結，還是在用佔有保住位置？,"[""關係"", ""佔有"", ""社群""]","[""社群"", ""自我價值""]",TruthOS seed dataset,relationship 關係 REL_006 佔有 社群曝光中的佔有盲點 在社群曝光中，用佔有維持靠近，反而讓彼此更難真實相遇，讓改變停在表面。 沒有佔有，這段關係就撐不住。 關係需要真實與界線，不需要用佔有維持。 關係 佔有 社群 社群 自我價值,2026-06-04T10:25:52.059328+00:00,2026-06-04T10:25:52.059328+00:00,[],dialogue,,
tp_rel_065,relationship,REL_006,家庭對話中的佔有盲點,在家庭對話中，用佔有維持靠近，反而讓彼此更難真實相遇，讓資源交換變得扭曲。,沒有佔有，這段關係就撐不住。,關係需要真實與界線，不需要用佔有維持。,你現在是在連結，還是在用佔有保住位置？,"[""關係"", ""佔有"", ""家庭""]","[""家庭"", ""親子""]",TruthOS seed dataset,relationship 關係 REL_006 佔有 家庭對話中的佔有盲點 在家庭對話中，用佔有維持靠近，反而讓彼此更難真實相遇，讓資源交換變得扭曲。 沒有佔有，這段關係就撐不住。 關係需要真實與界線，不需要用佔有維持。 關係 佔有 家庭 家庭 親子,2026-06-04T10:25:52.059328+00:00,2026-06-04T10:25:52.059328+00:00,[],dialogue,,
tp_rel_066,relationship,REL_006,伴侶衝突中的佔有盲點,在伴侶衝突中，用佔有維持靠近，反而讓彼此更難真實相遇，讓對話逐漸失衡。,沒有佔有，這段關係就撐不住。,關係需要真實與界線，不需要用佔有維持。,你現在是在連結，還是在用佔有保住位置？,"[""關係"", ""佔有"", ""伴侶""]","[""伴侶"", ""界線""]",TruthOS seed dataset,relationship 關係 REL_006 佔有 伴侶衝突中的佔有盲點 在伴侶衝突中，用佔有維持靠近，反而讓彼此更難真實相遇，讓對話逐漸失衡。 沒有佔有，這段關係就撐不住。 關係需要真實與界線，不需要用佔有維持。 關係 佔有 伴侶 伴侶 界線,2026-06-04T10:25:52.059328+00:00,2026-06-04T10:25:52.059328+00:00,[],dialogue,,
tp_rel_067,relationship,REL_006,職場協作中的佔有盲點,在職場協作中，用佔有維持靠近，反而讓彼此更難真實相遇，讓界線變得模糊。,沒有佔有，這段關係就撐不住。,關係需要真實與界線，不需要用佔有維持。,你現在是在連結，還是在用佔有保住位置？,"[""關係"", ""佔有"", ""職場""]","[""工作"", ""團隊""]",TruthOS seed dataset,relationship 關係 REL_006 佔有 職場協作中的佔有盲點 在職場協作中，用佔有維持靠近，反而讓彼此更難真實相遇，讓界線變得模糊。 沒有佔有，這段關係就撐不住。 關係需要真實與界線，不需要用佔有維持。 關係 佔有 職場 工作 團隊,2026-06-04T10:25:52.059328+00:00,2026-06-04T10:25:52.059328+00:00,[],dialogue,,
tp_rel_068,relationship,REL_007,健康壓力中的退縮盲點,在健康壓力中，用退縮維持靠近，反而讓彼此更難真實相遇，讓責任位置變得混亂。,沒有退縮，這段關係就撐不住。,關係需要真實與界線，不需要用退縮維持。,你現在是在連結，還是在用退縮保住位置？,"[""關係"", ""退縮"", ""健康""]","[""健康"", ""壓力""]",TruthOS seed dataset,relationship 關係 REL_007 退縮 健康壓力中的退縮盲點 在健康壓力中，用退縮維持靠近，反而讓彼此更難真實相遇，讓責任位置變得混亂。 沒有退縮，這段關係就撐不住。 關係需要真實與界線，不需要用退縮維持。 關係 退縮 健康 健康 壓力,2026-06-04T10:25:52.059328+00:00,2026-06-04T10:25:52.059328+00:00,[],dialogue,,
tp_rel_069,relationship,REL_007,創作卡關中的退縮盲點,在創作卡關中，用退縮維持靠近，反而讓彼此更難真實相遇，使真正的需求被遮住。,沒有退縮，這段關係就撐不住。,關係需要真實與界線，不需要用退縮維持。,你現在是在連結，還是在用退縮保住位置？,"[""關係"", ""退縮"", ""創作""]","[""創作"", ""表達""]",TruthOS seed dataset,relationship 關係 REL_007 退縮 創作卡關中的退縮盲點 在創作卡關中，用退縮維持靠近，反而讓彼此更難真實相遇，使真正的需求被遮住。 沒有退縮，這段關係就撐不住。 關係需要真實與界線，不需要用退縮維持。 關係 退縮 創作 創作 表達,2026-06-04T10:25:52.059328+00:00,2026-06-04T10:25:52.059328+00:00,[],dialogue,,
tp_rel_070,relationship,REL_007,靈性實踐中的退縮盲點,在靈性實踐中，用退縮維持靠近，反而讓彼此更難真實相遇，讓反饋失去作用。,沒有退縮，這段關係就撐不住。,關係需要真實與界線，不需要用退縮維持。,你現在是在連結，還是在用退縮保住位置？,"[""關係"", ""退縮"", ""靈性""]","[""靈性"", ""自我觀察""]",TruthOS seed dataset,relationship 關係 REL_007 退縮 靈性實踐中的退縮盲點 在靈性實踐中，用退縮維持靠近，反而讓彼此更難真實相遇，讓反饋失去作用。 沒有退縮，這段關係就撐不住。 關係需要真實與界線，不需要用退縮維持。 關係 退縮 靈性 靈性 自我觀察,2026-06-04T10:25:52.059328+00:00,2026-06-04T10:25:52.059328+00:00,[],dialogue,,
tp_rel_071,relationship,REL_007,重大失落中的退縮盲點,在重大失落中，用退縮維持靠近，反而讓彼此更難真實相遇，讓信任開始鬆動。,沒有退縮，這段關係就撐不住。,關係需要真實與界線，不需要用退縮維持。,你現在是在連結，還是在用退縮保住位置？,"[""關係"", ""退縮"", ""失落""]","[""失落"", ""轉化""]",TruthOS seed dataset,relationship 關係 REL_007 退縮 重大失落中的退縮盲點 在重大失落中，用退縮維持靠近，反而讓彼此更難真實相遇，讓信任開始鬆動。 沒有退縮，這段關係就撐不住。 關係需要真實與界線，不需要用退縮維持。 關係 退縮 失落 失落 轉化,2026-06-04T10:25:52.059328+00:00,2026-06-04T10:25:52.059328+00:00,[],dialogue,,
tp_rel_072,relationship,REL_007,教養現場中的退縮盲點,在教養現場中，用退縮維持靠近，反而讓彼此更難真實相遇，讓決定越來越僵硬。,沒有退縮，這段關係就撐不住。,關係需要真實與界線，不需要用退縮維持。,你現在是在連結，還是在用退縮保住位置？,"[""關係"", ""退縮"", ""教養""]","[""親子"", ""教養""]",TruthOS seed dataset,relationship 關係 REL_007 退縮 教養現場中的退縮盲點 在教養現場中，用退縮維持靠近，反而讓彼此更難真實相遇，讓決定越來越僵硬。 沒有退縮，這段關係就撐不住。 關係需要真實與界線，不需要用退縮維持。 關係 退縮 教養 親子 教養,2026-06-04T10:25:52.059328+00:00,2026-06-04T10:25:52.059328+00:00,[],dialogue,,
tp_rel_073,relationship,REL_007,團隊回饋中的退縮盲點,在團隊回饋中，用退縮維持靠近，反而讓彼此更難真實相遇，讓內在更難安定。,沒有退縮，這段關係就撐不住。,關係需要真實與界線，不需要用退縮維持。,你現在是在連結，還是在用退縮保住位置？,"[""關係"", ""退縮"", ""回饋""]","[""團隊"", ""回饋""]",TruthOS seed dataset,relationship 關係 REL_007 退縮 團隊回饋中的退縮盲點 在團隊回饋中，用退縮維持靠近，反而讓彼此更難真實相遇，讓內在更難安定。 沒有退縮，這段關係就撐不住。 關係需要真實與界線，不需要用退縮維持。 關係 退縮 回饋 團隊 回饋,2026-06-04T10:25:52.059328+00:00,2026-06-04T10:25:52.059328+00:00,[],dialogue,,
tp_rel_074,relationship,REL_007,社群曝光中的退縮盲點,在社群曝光中，用退縮維持靠近，反而讓彼此更難真實相遇，使互動落入重複循環。,沒有退縮，這段關係就撐不住。,關係需要真實與界線，不需要用退縮維持。,你現在是在連結，還是在用退縮保住位置？,"[""關係"", ""退縮"", ""社群""]","[""社群"", ""自我價值""]",TruthOS seed dataset,relationship 關係 REL_007 退縮 社群曝光中的退縮盲點 在社群曝光中，用退縮維持靠近，反而讓彼此更難真實相遇，使互動落入重複循環。 沒有退縮，這段關係就撐不住。 關係需要真實與界線，不需要用退縮維持。 關係 退縮 社群 社群 自我價值,2026-06-04T10:25:52.059328+00:00,2026-06-04T10:25:52.059328+00:00,[],dialogue,,
tp_rel_075,relationship,REL_007,家庭對話中的退縮盲點,在家庭對話中，用退縮維持靠近，反而讓彼此更難真實相遇，讓看見真相的空間縮小。,沒有退縮，這段關係就撐不住。,關係需要真實與界線，不需要用退縮維持。,你現在是在連結，還是在用退縮保住位置？,"[""關係"", ""退縮"", ""家庭""]","[""家庭"", ""親子""]",TruthOS seed dataset,relationship 關係 REL_007 退縮 家庭對話中的退縮盲點 在家庭對話中，用退縮維持靠近，反而讓彼此更難真實相遇，讓看見真相的空間縮小。 沒有退縮，這段關係就撐不住。 關係需要真實與界線，不需要用退縮維持。 關係 退縮 家庭 家庭 親子,2026-06-04T10:25:52.059328+00:00,2026-06-04T10:25:52.059328+00:00,[],dialogue,,
tp_rel_076,relationship,REL_007,伴侶衝突中的退縮盲點,在伴侶衝突中，用退縮維持靠近，反而讓彼此更難真實相遇，讓支持變成壓力。,沒有退縮，這段關係就撐不住。,關係需要真實與界線，不需要用退縮維持。,你現在是在連結，還是在用退縮保住位置？,"[""關係"", ""退縮"", ""伴侶""]","[""伴侶"", ""界線""]",TruthOS seed dataset,relationship 關係 REL_007 退縮 伴侶衝突中的退縮盲點 在伴侶衝突中，用退縮維持靠近，反而讓彼此更難真實相遇，讓支持變成壓力。 沒有退縮，這段關係就撐不住。 關係需要真實與界線，不需要用退縮維持。 關係 退縮 伴侶 伴侶 界線,2026-06-04T10:25:52.059328+00:00,2026-06-04T10:25:52.059328+00:00,[],dialogue,,
tp_rel_077,relationship,REL_007,職場協作中的退縮盲點,在職場協作中，用退縮維持靠近，反而讓彼此更難真實相遇，讓改變停在表面。,沒有退縮，這段關係就撐不住。,關係需要真實與界線，不需要用退縮維持。,你現在是在連結，還是在用退縮保住位置？,"[""關係"", ""退縮"", ""職場""]","[""工作"", ""團隊""]",TruthOS seed dataset,relationship 關係 REL_007 退縮 職場協作中的退縮盲點 在職場協作中，用退縮維持靠近，反而讓彼此更難真實相遇，讓改變停在表面。 沒有退縮，這段關係就撐不住。 關係需要真實與界線，不需要用退縮維持。 關係 退縮 職場 工作 團隊,2026-06-04T10:25:52.059328+00:00,2026-06-04T10:25:52.059328+00:00,[],dialogue,,
tp_rel_078,relationship,REL_007,領導決策中的退縮盲點,在領導決策中，用退縮維持靠近，反而讓彼此更難真實相遇，讓資源交換變得扭曲。,沒有退縮，這段關係就撐不住。,關係需要真實與界線，不需要用退縮維持。,你現在是在連結，還是在用退縮保住位置？,"[""關係"", ""退縮"", ""領導""]","[""領導"", ""決策""]",TruthOS seed dataset,relationship 關係 REL_007 退縮 領導決策中的退縮盲點 在領導決策中，用退縮維持靠近，反而讓彼此更難真實相遇，讓資源交換變得扭曲。 沒有退縮，這段關係就撐不住。 關係需要真實與界線，不需要用退縮維持。 關係 退縮 領導 領導 決策,2026-06-04T10:25:52.059328+00:00,2026-06-04T10:25:52.059328+00:00,[],dialogue,,
tp_rel_079,relationship,REL_008,創作卡關中的角色錯位盲點,在創作卡關中，用角色錯位維持靠近，反而讓彼此更難真實相遇，讓對話逐漸失衡。,沒有角色錯位，這段關係就撐不住。,關係需要真實與界線，不需要用角色錯位維持。,你現在是在連結，還是在用角色錯位保住位置？,"[""關係"", ""角色錯位"", ""創作""]","[""創作"", ""表達""]",TruthOS seed dataset,relationship 關係 REL_008 角色錯位 創作卡關中的角色錯位盲點 在創作卡關中，用角色錯位維持靠近，反而讓彼此更難真實相遇，讓對話逐漸失衡。 沒有角色錯位，這段關係就撐不住。 關係需要真實與界線，不需要用角色錯位維持。 關係 角色錯位 創作 創作 表達,2026-06-04T10:25:52.059328+00:00,2026-06-04T10:25:52.059328+00:00,[],dialogue,,
tp_rel_080,relationship,REL_008,靈性實踐中的角色錯位盲點,在靈性實踐中，用角色錯位維持靠近，反而讓彼此更難真實相遇，讓界線變得模糊。,沒有角色錯位，這段關係就撐不住。,關係需要真實與界線，不需要用角色錯位維持。,你現在是在連結，還是在用角色錯位保住位置？,"[""關係"", ""角色錯位"", ""靈性""]","[""靈性"", ""自我觀察""]",TruthOS seed dataset,relationship 關係 REL_008 角色錯位 靈性實踐中的角色錯位盲點 在靈性實踐中，用角色錯位維持靠近，反而讓彼此更難真實相遇，讓界線變得模糊。 沒有角色錯位，這段關係就撐不住。 關係需要真實與界線，不需要用角色錯位維持。 關係 角色錯位 靈性 靈性 自我觀察,2026-06-04T10:25:52.059328+00:00,2026-06-04T10:25:52.059328+00:00,[],dialogue,,
tp_rel_081,relationship,REL_008,重大失落中的角色錯位盲點,在重大失落中，用角色錯位維持靠近，反而讓彼此更難真實相遇，讓責任位置變得混亂。,沒有角色錯位，這段關係就撐不住。,關係需要真實與界線，不需要用角色錯位維持。,你現在是在連結，還是在用角色錯位保住位置？,"[""關係"", ""角色錯位"", ""失落""]","[""失落"", ""轉化""]",TruthOS seed dataset,relationship 關係 REL_008 角色錯位 重大失落中的角色錯位盲點 在重大失落中，用角色錯位維持靠近，反而讓彼此更難真實相遇，讓責任位置變得混亂。 沒有角色錯位，這段關係就撐不住。 關係需要真實與界線，不需要用角色錯位維持。 關係 角色錯位 失落 失落 轉化,2026-06-04T10:25:52.059328+00:00,2026-06-04T10:25:52.059328+00:00,[],dialogue,,
tp_rel_082,relationship,REL_008,教養現場中的角色錯位盲點,在教養現場中，用角色錯位維持靠近，反而讓彼此更難真實相遇，使真正的需求被遮住。,沒有角色錯位，這段關係就撐不住。,關係需要真實與界線，不需要用角色錯位維持。,你現在是在連結，還是在用角色錯位保住位置？,"[""關係"", ""角色錯位"", ""教養""]","[""親子"", ""教養""]",TruthOS seed dataset,relationship 關係 REL_008 角色錯位 教養現場中的角色錯位盲點 在教養現場中，用角色錯位維持靠近，反而讓彼此更難真實相遇，使真正的需求被遮住。 沒有角色錯位，這段關係就撐不住。 關係需要真實與界線，不需要用角色錯位維持。 關係 角色錯位 教養 親子 教養,2026-06-04T10:25:52.059328+00:00,2026-06-04T10:25:52.059328+00:00,[],dialogue,,
tp_rel_083,relationship,REL_008,團隊回饋中的角色錯位盲點,在團隊回饋中，用角色錯位維持靠近，反而讓彼此更難真實相遇，讓反饋失去作用。,沒有角色錯位，這段關係就撐不住。,關係需要真實與界線，不需要用角色錯位維持。,你現在是在連結，還是在用角色錯位保住位置？,"[""關係"", ""角色錯位"", ""回饋""]","[""團隊"", ""回饋""]",TruthOS seed dataset,relationship 關係 REL_008 角色錯位 團隊回饋中的角色錯位盲點 在團隊回饋中，用角色錯位維持靠近，反而讓彼此更難真實相遇，讓反饋失去作用。 沒有角色錯位，這段關係就撐不住。 關係需要真實與界線，不需要用角色錯位維持。 關係 角色錯位 回饋 團隊 回饋,2026-06-04T10:25:52.059328+00:00,2026-06-04T10:25:52.059328+00:00,[],dialogue,,
tp_rel_084,relationship,REL_008,社群曝光中的角色錯位盲點,在社群曝光中，用角色錯位維持靠近，反而讓彼此更難真實相遇，讓信任開始鬆動。,沒有角色錯位，這段關係就撐不住。,關係需要真實與界線，不需要用角色錯位維持。,你現在是在連結，還是在用角色錯位保住位置？,"[""關係"", ""角色錯位"", ""社群""]","[""社群"", ""自我價值""]",TruthOS seed dataset,relationship 關係 REL_008 角色錯位 社群曝光中的角色錯位盲點 在社群曝光中，用角色錯位維持靠近，反而讓彼此更難真實相遇，讓信任開始鬆動。 沒有角色錯位，這段關係就撐不住。 關係需要真實與界線，不需要用角色錯位維持。 關係 角色錯位 社群 社群 自我價值,2026-06-04T10:25:52.059328+00:00,2026-06-04T10:25:52.059328+00:00,[],dialogue,,
tp_rel_085,relationship,REL_008,家庭對話中的角色錯位盲點,在家庭對話中，用角色錯位維持靠近，反而讓彼此更難真實相遇，讓決定越來越僵硬。,沒有角色錯位，這段關係就撐不住。,關係需要真實與界線，不需要用角色錯位維持。,你現在是在連結，還是在用角色錯位保住位置？,"[""關係"", ""角色錯位"", ""家庭""]","[""家庭"", ""親子""]",TruthOS seed dataset,relationship 關係 REL_008 角色錯位 家庭對話中的角色錯位盲點 在家庭對話中，用角色錯位維持靠近，反而讓彼此更難真實相遇，讓決定越來越僵硬。 沒有角色錯位，這段關係就撐不住。 關係需要真實與界線，不需要用角色錯位維持。 關係 角色錯位 家庭 家庭 親子,2026-06-04T10:25:52.059328+00:00,2026-06-04T10:25:52.059328+00:00,[],dialogue,,
tp_rel_086,relationship,REL_008,伴侶衝突中的角色錯位盲點,在伴侶衝突中，用角色錯位維持靠近，反而讓彼此更難真實相遇，讓內在更難安定。,沒有角色錯位，這段關係就撐不住。,關係需要真實與界線，不需要用角色錯位維持。,你現在是在連結，還是在用角色錯位保住位置？,"[""關係"", ""角色錯位"", ""伴侶""]","[""伴侶"", ""界線""]",TruthOS seed dataset,relationship 關係 REL_008 角色錯位 伴侶衝突中的角色錯位盲點 在伴侶衝突中，用角色錯位維持靠近，反而讓彼此更難真實相遇，讓內在更難安定。 沒有角色錯位，這段關係就撐不住。 關係需要真實與界線，不需要用角色錯位維持。 關係 角色錯位 伴侶 伴侶 界線,2026-06-04T10:25:52.059328+00:00,2026-06-04T10:25:52.059328+00:00,[],dialogue,,
tp_rel_087,relationship,REL_008,職場協作中的角色錯位盲點,在職場協作中，用角色錯位維持靠近，反而讓彼此更難真實相遇，使互動落入重複循環。,沒有角色錯位，這段關係就撐不住。,關係需要真實與界線，不需要用角色錯位維持。,你現在是在連結，還是在用角色錯位保住位置？,"[""關係"", ""角色錯位"", ""職場""]","[""工作"", ""團隊""]",TruthOS seed dataset,relationship 關係 REL_008 角色錯位 職場協作中的角色錯位盲點 在職場協作中，用角色錯位維持靠近，反而讓彼此更難真實相遇，使互動落入重複循環。 沒有角色錯位，這段關係就撐不住。 關係需要真實與界線，不需要用角色錯位維持。 關係 角色錯位 職場 工作 團隊,2026-06-04T10:25:52.059328+00:00,2026-06-04T10:25:52.059328+00:00,[],dialogue,,
tp_rel_088,relationship,REL_008,領導決策中的角色錯位盲點,在領導決策中，用角色錯位維持靠近，反而讓彼此更難真實相遇，讓看見真相的空間縮小。,沒有角色錯位，這段關係就撐不住。,關係需要真實與界線，不需要用角色錯位維持。,你現在是在連結，還是在用角色錯位保住位置？,"[""關係"", ""角色錯位"", ""領導""]","[""領導"", ""決策""]",TruthOS seed dataset,relationship 關係 REL_008 角色錯位 領導決策中的角色錯位盲點 在領導決策中，用角色錯位維持靠近，反而讓彼此更難真實相遇，讓看見真相的空間縮小。 沒有角色錯位，這段關係就撐不住。 關係需要真實與界線，不需要用角色錯位維持。 關係 角色錯位 領導 領導 決策,2026-06-04T10:25:52.059328+00:00,2026-06-04T10:25:52.059328+00:00,[],dialogue,,
tp_rel_089,relationship,REL_008,朋友互動中的角色錯位盲點,在朋友互動中，用角色錯位維持靠近，反而讓彼此更難真實相遇，讓支持變成壓力。,沒有角色錯位，這段關係就撐不住。,關係需要真實與界線，不需要用角色錯位維持。,你現在是在連結，還是在用角色錯位保住位置？,"[""關係"", ""角色錯位"", ""友誼""]","[""友誼"", ""界線""]",TruthOS seed dataset,relationship 關係 REL_008 角色錯位 朋友互動中的角色錯位盲點 在朋友互動中，用角色錯位維持靠近，反而讓彼此更難真實相遇，讓支持變成壓力。 沒有角色錯位，這段關係就撐不住。 關係需要真實與界線，不需要用角色錯位維持。 關係 角色錯位 友誼 友誼 界線,2026-06-04T10:25:52.059328+00:00,2026-06-04T10:25:52.059328+00:00,[],dialogue,,
tp_rel_090,relationship,REL_009,靈性實踐中的界線模糊盲點,在靈性實踐中，用界線模糊維持靠近，反而讓彼此更難真實相遇，讓改變停在表面。,沒有界線模糊，這段關係就撐不住。,關係需要真實與界線，不需要用界線模糊維持。,你現在是在連結，還是在用界線模糊保住位置？,"[""關係"", ""界線模糊"", ""靈性""]","[""靈性"", ""自我觀察""]",TruthOS seed dataset,relationship 關係 REL_009 界線模糊 靈性實踐中的界線模糊盲點 在靈性實踐中，用界線模糊維持靠近，反而讓彼此更難真實相遇，讓改變停在表面。 沒有界線模糊，這段關係就撐不住。 關係需要真實與界線，不需要用界線模糊維持。 關係 界線模糊 靈性 靈性 自我觀察,2026-06-04T10:25:52.059328+00:00,2026-06-04T10:25:52.059328+00:00,[],dialogue,,
tp_rel_091,relationship,REL_009,重大失落中的界線模糊盲點,在重大失落中，用界線模糊維持靠近，反而讓彼此更難真實相遇，讓資源交換變得扭曲。,沒有界線模糊，這段關係就撐不住。,關係需要真實與界線，不需要用界線模糊維持。,你現在是在連結，還是在用界線模糊保住位置？,"[""關係"", ""界線模糊"", ""失落""]","[""失落"", ""轉化""]",TruthOS seed dataset,relationship 關係 REL_009 界線模糊 重大失落中的界線模糊盲點 在重大失落中，用界線模糊維持靠近，反而讓彼此更難真實相遇，讓資源交換變得扭曲。 沒有界線模糊，這段關係就撐不住。 關係需要真實與界線，不需要用界線模糊維持。 關係 界線模糊 失落 失落 轉化,2026-06-04T10:25:52.059328+00:00,2026-06-04T10:25:52.059328+00:00,[],dialogue,,
tp_rel_092,relationship,REL_009,教養現場中的界線模糊盲點,在教養現場中，用界線模糊維持靠近，反而讓彼此更難真實相遇，讓對話逐漸失衡。,沒有界線模糊，這段關係就撐不住。,關係需要真實與界線，不需要用界線模糊維持。,你現在是在連結，還是在用界線模糊保住位置？,"[""關係"", ""界線模糊"", ""教養""]","[""親子"", ""教養""]",TruthOS seed dataset,relationship 關係 REL_009 界線模糊 教養現場中的界線模糊盲點 在教養現場中，用界線模糊維持靠近，反而讓彼此更難真實相遇，讓對話逐漸失衡。 沒有界線模糊，這段關係就撐不住。 關係需要真實與界線，不需要用界線模糊維持。 關係 界線模糊 教養 親子 教養,2026-06-04T10:25:52.059328+00:00,2026-06-04T10:25:52.059328+00:00,[],dialogue,,
tp_rel_093,relationship,REL_009,團隊回饋中的界線模糊盲點,在團隊回饋中，用界線模糊維持靠近，反而讓彼此更難真實相遇，讓界線變得模糊。,沒有界線模糊，這段關係就撐不住。,關係需要真實與界線，不需要用界線模糊維持。,你現在是在連結，還是在用界線模糊保住位置？,"[""關係"", ""界線模糊"", ""回饋""]","[""團隊"", ""回饋""]",TruthOS seed dataset,relationship 關係 REL_009 界線模糊 團隊回饋中的界線模糊盲點 在團隊回饋中，用界線模糊維持靠近，反而讓彼此更難真實相遇，讓界線變得模糊。 沒有界線模糊，這段關係就撐不住。 關係需要真實與界線，不需要用界線模糊維持。 關係 界線模糊 回饋 團隊 回饋,2026-06-04T10:25:52.059328+00:00,2026-06-04T10:25:52.059328+00:00,[],dialogue,,
tp_rel_094,relationship,REL_009,社群曝光中的界線模糊盲點,在社群曝光中，用界線模糊維持靠近，反而讓彼此更難真實相遇，讓責任位置變得混亂。,沒有界線模糊，這段關係就撐不住。,關係需要真實與界線，不需要用界線模糊維持。,你現在是在連結，還是在用界線模糊保住位置？,"[""關係"", ""界線模糊"", ""社群""]","[""社群"", ""自我價值""]",TruthOS seed dataset,relationship 關係 REL_009 界線模糊 社群曝光中的界線模糊盲點 在社群曝光中，用界線模糊維持靠近，反而讓彼此更難真實相遇，讓責任位置變得混亂。 沒有界線模糊，這段關係就撐不住。 關係需要真實與界線，不需要用界線模糊維持。 關係 界線模糊 社群 社群 自我價值,2026-06-04T10:25:52.059328+00:00,2026-06-04T10:25:52.059328+00:00,[],dialogue,,
tp_rel_095,relationship,REL_009,家庭對話中的界線模糊盲點,在家庭對話中，用界線模糊維持靠近，反而讓彼此更難真實相遇，使真正的需求被遮住。,沒有界線模糊，這段關係就撐不住。,關係需要真實與界線，不需要用界線模糊維持。,你現在是在連結，還是在用界線模糊保住位置？,"[""關係"", ""界線模糊"", ""家庭""]","[""家庭"", ""親子""]",TruthOS seed dataset,relationship 關係 REL_009 界線模糊 家庭對話中的界線模糊盲點 在家庭對話中，用界線模糊維持靠近，反而讓彼此更難真實相遇，使真正的需求被遮住。 沒有界線模糊，這段關係就撐不住。 關係需要真實與界線，不需要用界線模糊維持。 關係 界線模糊 家庭 家庭 親子,2026-06-04T10:25:52.059328+00:00,2026-06-04T10:25:52.059328+00:00,[],dialogue,,
tp_rel_096,relationship,REL_009,伴侶衝突中的界線模糊盲點,在伴侶衝突中，用界線模糊維持靠近，反而讓彼此更難真實相遇，讓反饋失去作用。,沒有界線模糊，這段關係就撐不住。,關係需要真實與界線，不需要用界線模糊維持。,你現在是在連結，還是在用界線模糊保住位置？,"[""關係"", ""界線模糊"", ""伴侶""]","[""伴侶"", ""界線""]",TruthOS seed dataset,relationship 關係 REL_009 界線模糊 伴侶衝突中的界線模糊盲點 在伴侶衝突中，用界線模糊維持靠近，反而讓彼此更難真實相遇，讓反饋失去作用。 沒有界線模糊，這段關係就撐不住。 關係需要真實與界線，不需要用界線模糊維持。 關係 界線模糊 伴侶 伴侶 界線,2026-06-04T10:25:52.059328+00:00,2026-06-04T10:25:52.059328+00:00,[],dialogue,,
tp_rel_097,relationship,REL_009,職場協作中的界線模糊盲點,在職場協作中，用界線模糊維持靠近，反而讓彼此更難真實相遇，讓信任開始鬆動。,沒有界線模糊，這段關係就撐不住。,關係需要真實與界線，不需要用界線模糊維持。,你現在是在連結，還是在用界線模糊保住位置？,"[""關係"", ""界線模糊"", ""職場""]","[""工作"", ""團隊""]",TruthOS seed dataset,relationship 關係 REL_009 界線模糊 職場協作中的界線模糊盲點 在職場協作中，用界線模糊維持靠近，反而讓彼此更難真實相遇，讓信任開始鬆動。 沒有界線模糊，這段關係就撐不住。 關係需要真實與界線，不需要用界線模糊維持。 關係 界線模糊 職場 工作 團隊,2026-06-04T10:25:52.059328+00:00,2026-06-04T10:25:52.059328+00:00,[],dialogue,,
tp_rel_098,relationship,REL_009,領導決策中的界線模糊盲點,在領導決策中，用界線模糊維持靠近，反而讓彼此更難真實相遇，讓決定越來越僵硬。,沒有界線模糊，這段關係就撐不住。,關係需要真實與界線，不需要用界線模糊維持。,你現在是在連結，還是在用界線模糊保住位置？,"[""關係"", ""界線模糊"", ""領導""]","[""領導"", ""決策""]",TruthOS seed dataset,relationship 關係 REL_009 界線模糊 領導決策中的界線模糊盲點 在領導決策中，用界線模糊維持靠近，反而讓彼此更難真實相遇，讓決定越來越僵硬。 沒有界線模糊，這段關係就撐不住。 關係需要真實與界線，不需要用界線模糊維持。 關係 界線模糊 領導 領導 決策,2026-06-04T10:25:52.059328+00:00,2026-06-04T10:25:52.059328+00:00,[],dialogue,,
tp_rel_099,relationship,REL_009,朋友互動中的界線模糊盲點,在朋友互動中，用界線模糊維持靠近，反而讓彼此更難真實相遇，讓內在更難安定。,沒有界線模糊，這段關係就撐不住。,關係需要真實與界線，不需要用界線模糊維持。,你現在是在連結，還是在用界線模糊保住位置？,"[""關係"", ""界線模糊"", ""友誼""]","[""友誼"", ""界線""]",TruthOS seed dataset,relationship 關係 REL_009 界線模糊 朋友互動中的界線模糊盲點 在朋友互動中，用界線模糊維持靠近，反而讓彼此更難真實相遇，讓內在更難安定。 沒有界線模糊，這段關係就撐不住。 關係需要真實與界線，不需要用界線模糊維持。 關係 界線模糊 友誼 友誼 界線,2026-06-04T10:25:52.059328+00:00,2026-06-04T10:25:52.059328+00:00,[],dialogue,,
tp_rel_100,relationship,REL_009,金錢選擇中的界線模糊盲點,在金錢選擇中，用界線模糊維持靠近，反而讓彼此更難真實相遇，使互動落入重複循環。,沒有界線模糊，這段關係就撐不住。,關係需要真實與界線，不需要用界線模糊維持。,你現在是在連結，還是在用界線模糊保住位置？,"[""關係"", ""界線模糊"", ""金錢""]","[""金錢"", ""價值""]",TruthOS seed dataset,relationship 關係 REL_009 界線模糊 金錢選擇中的界線模糊盲點 在金錢選擇中，用界線模糊維持靠近，反而讓彼此更難真實相遇，使互動落入重複循環。 沒有界線模糊，這段關係就撐不住。 關係需要真實與界線，不需要用界線模糊維持。 關係 界線模糊 金錢 金錢 價值,2026-06-04T10:25:52.059328+00:00,2026-06-04T10:25:52.059328+00:00,[],dialogue,,
tp_bel_001,belief,BEL_001,家庭對話中的不配得盲點,在家庭對話中，被不配得的內在敘事綁住，因此不敢做新的選擇，讓對話逐漸失衡。,如果不按照不配得活，我就沒有價值。,不配得只是舊信念的語氣，不是你的本質。,哪個舊故事讓你把不配得當成唯一答案？,"[""信念"", ""不配得"", ""家庭""]","[""家庭"", ""親子""]",TruthOS seed dataset,belief 信念 BEL_001 不配得 家庭對話中的不配得盲點 在家庭對話中，被不配得的內在敘事綁住，因此不敢做新的選擇，讓對話逐漸失衡。 如果不按照不配得活，我就沒有價值。 不配得只是舊信念的語氣，不是你的本質。 信念 不配得 家庭 家庭 親子,2026-06-04T10:25:52.059328+00:00,2026-06-04T10:25:52.059328+00:00,[],dialogue,,
tp_bel_002,belief,BEL_001,伴侶衝突中的不配得盲點,在伴侶衝突中，被不配得的內在敘事綁住，因此不敢做新的選擇，讓界線變得模糊。,如果不按照不配得活，我就沒有價值。,不配得只是舊信念的語氣，不是你的本質。,哪個舊故事讓你把不配得當成唯一答案？,"[""信念"", ""不配得"", ""伴侶""]","[""伴侶"", ""界線""]",TruthOS seed dataset,belief 信念 BEL_001 不配得 伴侶衝突中的不配得盲點 在伴侶衝突中，被不配得的內在敘事綁住，因此不敢做新的選擇，讓界線變得模糊。 如果不按照不配得活，我就沒有價值。 不配得只是舊信念的語氣，不是你的本質。 信念 不配得 伴侶 伴侶 界線,2026-06-04T10:25:52.059328+00:00,2026-06-04T10:25:52.059328+00:00,[],dialogue,,
tp_bel_003,belief,BEL_001,職場協作中的不配得盲點,在職場協作中，被不配得的內在敘事綁住，因此不敢做新的選擇，讓責任位置變得混亂。,如果不按照不配得活，我就沒有價值。,不配得只是舊信念的語氣，不是你的本質。,哪個舊故事讓你把不配得當成唯一答案？,"[""信念"", ""不配得"", ""職場""]","[""工作"", ""團隊""]",TruthOS seed dataset,belief 信念 BEL_001 不配得 職場協作中的不配得盲點 在職場協作中，被不配得的內在敘事綁住，因此不敢做新的選擇，讓責任位置變得混亂。 如果不按照不配得活，我就沒有價值。 不配得只是舊信念的語氣，不是你的本質。 信念 不配得 職場 工作 團隊,2026-06-04T10:25:52.059328+00:00,2026-06-04T10:25:52.059328+00:00,[],dialogue,,
tp_bel_004,belief,BEL_001,領導決策中的不配得盲點,在領導決策中，被不配得的內在敘事綁住，因此不敢做新的選擇，使真正的需求被遮住。,如果不按照不配得活，我就沒有價值。,不配得只是舊信念的語氣，不是你的本質。,哪個舊故事讓你把不配得當成唯一答案？,"[""信念"", ""不配得"", ""領導""]","[""領導"", ""決策""]",TruthOS seed dataset,belief 信念 BEL_001 不配得 領導決策中的不配得盲點 在領導決策中，被不配得的內在敘事綁住，因此不敢做新的選擇，使真正的需求被遮住。 如果不按照不配得活，我就沒有價值。 不配得只是舊信念的語氣，不是你的本質。 信念 不配得 領導 領導 決策,2026-06-04T10:25:52.059328+00:00,2026-06-04T10:25:52.059328+00:00,[],dialogue,,
tp_bel_005,belief,BEL_001,朋友互動中的不配得盲點,在朋友互動中，被不配得的內在敘事綁住，因此不敢做新的選擇，讓反饋失去作用。,如果不按照不配得活，我就沒有價值。,不配得只是舊信念的語氣，不是你的本質。,哪個舊故事讓你把不配得當成唯一答案？,"[""信念"", ""不配得"", ""友誼""]","[""友誼"", ""界線""]",TruthOS seed dataset,belief 信念 BEL_001 不配得 朋友互動中的不配得盲點 在朋友互動中，被不配得的內在敘事綁住，因此不敢做新的選擇，讓反饋失去作用。 如果不按照不配得活，我就沒有價值。 不配得只是舊信念的語氣，不是你的本質。 信念 不配得 友誼 友誼 界線,2026-06-04T10:25:52.059328+00:00,2026-06-04T10:25:52.059328+00:00,[],dialogue,,
tp_bel_006,belief,BEL_001,金錢選擇中的不配得盲點,在金錢選擇中，被不配得的內在敘事綁住，因此不敢做新的選擇，讓信任開始鬆動。,如果不按照不配得活，我就沒有價值。,不配得只是舊信念的語氣，不是你的本質。,哪個舊故事讓你把不配得當成唯一答案？,"[""信念"", ""不配得"", ""金錢""]","[""金錢"", ""價值""]",TruthOS seed dataset,belief 信念 BEL_001 不配得 金錢選擇中的不配得盲點 在金錢選擇中，被不配得的內在敘事綁住，因此不敢做新的選擇，讓信任開始鬆動。 如果不按照不配得活，我就沒有價值。 不配得只是舊信念的語氣，不是你的本質。 信念 不配得 金錢 金錢 價值,2026-06-04T10:25:52.059328+00:00,2026-06-04T10:25:52.059328+00:00,[],dialogue,,
tp_bel_007,belief,BEL_001,健康壓力中的不配得盲點,在健康壓力中，被不配得的內在敘事綁住，因此不敢做新的選擇，讓決定越來越僵硬。,如果不按照不配得活，我就沒有價值。,不配得只是舊信念的語氣，不是你的本質。,哪個舊故事讓你把不配得當成唯一答案？,"[""信念"", ""不配得"", ""健康""]","[""健康"", ""壓力""]",TruthOS seed dataset,belief 信念 BEL_001 不配得 健康壓力中的不配得盲點 在健康壓力中，被不配得的內在敘事綁住，因此不敢做新的選擇，讓決定越來越僵硬。 如果不按照不配得活，我就沒有價值。 不配得只是舊信念的語氣，不是你的本質。 信念 不配得 健康 健康 壓力,2026-06-04T10:25:52.059328+00:00,2026-06-04T10:25:52.059328+00:00,[],dialogue,,
tp_bel_008,belief,BEL_001,創作卡關中的不配得盲點,在創作卡關中，被不配得的內在敘事綁住，因此不敢做新的選擇，讓內在更難安定。,如果不按照不配得活，我就沒有價值。,不配得只是舊信念的語氣，不是你的本質。,哪個舊故事讓你把不配得當成唯一答案？,"[""信念"", ""不配得"", ""創作""]","[""創作"", ""表達""]",TruthOS seed dataset,belief 信念 BEL_001 不配得 創作卡關中的不配得盲點 在創作卡關中，被不配得的內在敘事綁住，因此不敢做新的選擇，讓內在更難安定。 如果不按照不配得活，我就沒有價值。 不配得只是舊信念的語氣，不是你的本質。 信念 不配得 創作 創作 表達,2026-06-04T10:25:52.059328+00:00,2026-06-04T10:25:52.059328+00:00,[],dialogue,,
tp_bel_009,belief,BEL_001,靈性實踐中的不配得盲點,在靈性實踐中，被不配得的內在敘事綁住，因此不敢做新的選擇，使互動落入重複循環。,如果不按照不配得活，我就沒有價值。,不配得只是舊信念的語氣，不是你的本質。,哪個舊故事讓你把不配得當成唯一答案？,"[""信念"", ""不配得"", ""靈性""]","[""靈性"", ""自我觀察""]",TruthOS seed dataset,belief 信念 BEL_001 不配得 靈性實踐中的不配得盲點 在靈性實踐中，被不配得的內在敘事綁住，因此不敢做新的選擇，使互動落入重複循環。 如果不按照不配得活，我就沒有價值。 不配得只是舊信念的語氣，不是你的本質。 信念 不配得 靈性 靈性 自我觀察,2026-06-04T10:25:52.059328+00:00,2026-06-04T10:25:52.059328+00:00,[],dialogue,,
tp_bel_010,belief,BEL_001,重大失落中的不配得盲點,在重大失落中，被不配得的內在敘事綁住，因此不敢做新的選擇，讓看見真相的空間縮小。,如果不按照不配得活，我就沒有價值。,不配得只是舊信念的語氣，不是你的本質。,哪個舊故事讓你把不配得當成唯一答案？,"[""信念"", ""不配得"", ""失落""]","[""失落"", ""轉化""]",TruthOS seed dataset,belief 信念 BEL_001 不配得 重大失落中的不配得盲點 在重大失落中，被不配得的內在敘事綁住，因此不敢做新的選擇，讓看見真相的空間縮小。 如果不按照不配得活，我就沒有價值。 不配得只是舊信念的語氣，不是你的本質。 信念 不配得 失落 失落 轉化,2026-06-04T10:25:52.059328+00:00,2026-06-04T10:25:52.059328+00:00,[],dialogue,,
tp_bel_011,belief,BEL_001,教養現場中的不配得盲點,在教養現場中，被不配得的內在敘事綁住，因此不敢做新的選擇，讓支持變成壓力。,如果不按照不配得活，我就沒有價值。,不配得只是舊信念的語氣，不是你的本質。,哪個舊故事讓你把不配得當成唯一答案？,"[""信念"", ""不配得"", ""教養""]","[""親子"", ""教養""]",TruthOS seed dataset,belief 信念 BEL_001 不配得 教養現場中的不配得盲點 在教養現場中，被不配得的內在敘事綁住，因此不敢做新的選擇，讓支持變成壓力。 如果不按照不配得活，我就沒有價值。 不配得只是舊信念的語氣，不是你的本質。 信念 不配得 教養 親子 教養,2026-06-04T10:25:52.059328+00:00,2026-06-04T10:25:52.059328+00:00,[],dialogue,,
tp_bel_012,belief,BEL_001,團隊回饋中的不配得盲點,在團隊回饋中，被不配得的內在敘事綁住，因此不敢做新的選擇，讓改變停在表面。,如果不按照不配得活，我就沒有價值。,不配得只是舊信念的語氣，不是你的本質。,哪個舊故事讓你把不配得當成唯一答案？,"[""信念"", ""不配得"", ""回饋""]","[""團隊"", ""回饋""]",TruthOS seed dataset,belief 信念 BEL_001 不配得 團隊回饋中的不配得盲點 在團隊回饋中，被不配得的內在敘事綁住，因此不敢做新的選擇，讓改變停在表面。 如果不按照不配得活，我就沒有價值。 不配得只是舊信念的語氣，不是你的本質。 信念 不配得 回饋 團隊 回饋,2026-06-04T10:25:52.059328+00:00,2026-06-04T10:25:52.059328+00:00,[],dialogue,,
tp_bel_013,belief,BEL_001,社群曝光中的不配得盲點,在社群曝光中，被不配得的內在敘事綁住，因此不敢做新的選擇，讓資源交換變得扭曲。,如果不按照不配得活，我就沒有價值。,不配得只是舊信念的語氣，不是你的本質。,哪個舊故事讓你把不配得當成唯一答案？,"[""信念"", ""不配得"", ""社群""]","[""社群"", ""自我價值""]",TruthOS seed dataset,belief 信念 BEL_001 不配得 社群曝光中的不配得盲點 在社群曝光中，被不配得的內在敘事綁住，因此不敢做新的選擇，讓資源交換變得扭曲。 如果不按照不配得活，我就沒有價值。 不配得只是舊信念的語氣，不是你的本質。 信念 不配得 社群 社群 自我價值,2026-06-04T10:25:52.059328+00:00,2026-06-04T10:25:52.059328+00:00,[],dialogue,,
tp_bel_014,belief,BEL_002,伴侶衝突中的必須完美盲點,在伴侶衝突中，被必須完美的內在敘事綁住，因此不敢做新的選擇，讓對話逐漸失衡。,如果不按照必須完美活，我就沒有價值。,必須完美只是舊信念的語氣，不是你的本質。,哪個舊故事讓你把必須完美當成唯一答案？,"[""信念"", ""必須完美"", ""伴侶""]","[""伴侶"", ""界線""]",TruthOS seed dataset,belief 信念 BEL_002 必須完美 伴侶衝突中的必須完美盲點 在伴侶衝突中，被必須完美的內在敘事綁住，因此不敢做新的選擇，讓對話逐漸失衡。 如果不按照必須完美活，我就沒有價值。 必須完美只是舊信念的語氣，不是你的本質。 信念 必須完美 伴侶 伴侶 界線,2026-06-04T10:25:52.059328+00:00,2026-06-04T10:25:52.059328+00:00,[],dialogue,,
tp_bel_015,belief,BEL_002,職場協作中的必須完美盲點,在職場協作中，被必須完美的內在敘事綁住，因此不敢做新的選擇，讓界線變得模糊。,如果不按照必須完美活，我就沒有價值。,必須完美只是舊信念的語氣，不是你的本質。,哪個舊故事讓你把必須完美當成唯一答案？,"[""信念"", ""必須完美"", ""職場""]","[""工作"", ""團隊""]",TruthOS seed dataset,belief 信念 BEL_002 必須完美 職場協作中的必須完美盲點 在職場協作中，被必須完美的內在敘事綁住，因此不敢做新的選擇，讓界線變得模糊。 如果不按照必須完美活，我就沒有價值。 必須完美只是舊信念的語氣，不是你的本質。 信念 必須完美 職場 工作 團隊,2026-06-04T10:25:52.059328+00:00,2026-06-04T10:25:52.059328+00:00,[],dialogue,,
tp_bel_016,belief,BEL_002,領導決策中的必須完美盲點,在領導決策中，被必須完美的內在敘事綁住，因此不敢做新的選擇，讓責任位置變得混亂。,如果不按照必須完美活，我就沒有價值。,必須完美只是舊信念的語氣，不是你的本質。,哪個舊故事讓你把必須完美當成唯一答案？,"[""信念"", ""必須完美"", ""領導""]","[""領導"", ""決策""]",TruthOS seed dataset,belief 信念 BEL_002 必須完美 領導決策中的必須完美盲點 在領導決策中，被必須完美的內在敘事綁住，因此不敢做新的選擇，讓責任位置變得混亂。 如果不按照必須完美活，我就沒有價值。 必須完美只是舊信念的語氣，不是你的本質。 信念 必須完美 領導 領導 決策,2026-06-04T10:25:52.059328+00:00,2026-06-04T10:25:52.059328+00:00,[],dialogue,,
tp_bel_017,belief,BEL_002,朋友互動中的必須完美盲點,在朋友互動中，被必須完美的內在敘事綁住，因此不敢做新的選擇，使真正的需求被遮住。,如果不按照必須完美活，我就沒有價值。,必須完美只是舊信念的語氣，不是你的本質。,哪個舊故事讓你把必須完美當成唯一答案？,"[""信念"", ""必須完美"", ""友誼""]","[""友誼"", ""界線""]",TruthOS seed dataset,belief 信念 BEL_002 必須完美 朋友互動中的必須完美盲點 在朋友互動中，被必須完美的內在敘事綁住，因此不敢做新的選擇，使真正的需求被遮住。 如果不按照必須完美活，我就沒有價值。 必須完美只是舊信念的語氣，不是你的本質。 信念 必須完美 友誼 友誼 界線,2026-06-04T10:25:52.059328+00:00,2026-06-04T10:25:52.059328+00:00,[],dialogue,,
tp_bel_018,belief,BEL_002,金錢選擇中的必須完美盲點,在金錢選擇中，被必須完美的內在敘事綁住，因此不敢做新的選擇，讓反饋失去作用。,如果不按照必須完美活，我就沒有價值。,必須完美只是舊信念的語氣，不是你的本質。,哪個舊故事讓你把必須完美當成唯一答案？,"[""信念"", ""必須完美"", ""金錢""]","[""金錢"", ""價值""]",TruthOS seed dataset,belief 信念 BEL_002 必須完美 金錢選擇中的必須完美盲點 在金錢選擇中，被必須完美的內在敘事綁住，因此不敢做新的選擇，讓反饋失去作用。 如果不按照必須完美活，我就沒有價值。 必須完美只是舊信念的語氣，不是你的本質。 信念 必須完美 金錢 金錢 價值,2026-06-04T10:25:52.059328+00:00,2026-06-04T10:25:52.059328+00:00,[],dialogue,,
tp_bel_019,belief,BEL_002,健康壓力中的必須完美盲點,在健康壓力中，被必須完美的內在敘事綁住，因此不敢做新的選擇，讓信任開始鬆動。,如果不按照必須完美活，我就沒有價值。,必須完美只是舊信念的語氣，不是你的本質。,哪個舊故事讓你把必須完美當成唯一答案？,"[""信念"", ""必須完美"", ""健康""]","[""健康"", ""壓力""]",TruthOS seed dataset,belief 信念 BEL_002 必須完美 健康壓力中的必須完美盲點 在健康壓力中，被必須完美的內在敘事綁住，因此不敢做新的選擇，讓信任開始鬆動。 如果不按照必須完美活，我就沒有價值。 必須完美只是舊信念的語氣，不是你的本質。 信念 必須完美 健康 健康 壓力,2026-06-04T10:25:52.059328+00:00,2026-06-04T10:25:52.059328+00:00,[],dialogue,,
tp_bel_020,belief,BEL_002,創作卡關中的必須完美盲點,在創作卡關中，被必須完美的內在敘事綁住，因此不敢做新的選擇，讓決定越來越僵硬。,如果不按照必須完美活，我就沒有價值。,必須完美只是舊信念的語氣，不是你的本質。,哪個舊故事讓你把必須完美當成唯一答案？,"[""信念"", ""必須完美"", ""創作""]","[""創作"", ""表達""]",TruthOS seed dataset,belief 信念 BEL_002 必須完美 創作卡關中的必須完美盲點 在創作卡關中，被必須完美的內在敘事綁住，因此不敢做新的選擇，讓決定越來越僵硬。 如果不按照必須完美活，我就沒有價值。 必須完美只是舊信念的語氣，不是你的本質。 信念 必須完美 創作 創作 表達,2026-06-04T10:25:52.059328+00:00,2026-06-04T10:25:52.059328+00:00,[],dialogue,,
tp_bel_021,belief,BEL_002,靈性實踐中的必須完美盲點,在靈性實踐中，被必須完美的內在敘事綁住，因此不敢做新的選擇，讓內在更難安定。,如果不按照必須完美活，我就沒有價值。,必須完美只是舊信念的語氣，不是你的本質。,哪個舊故事讓你把必須完美當成唯一答案？,"[""信念"", ""必須完美"", ""靈性""]","[""靈性"", ""自我觀察""]",TruthOS seed dataset,belief 信念 BEL_002 必須完美 靈性實踐中的必須完美盲點 在靈性實踐中，被必須完美的內在敘事綁住，因此不敢做新的選擇，讓內在更難安定。 如果不按照必須完美活，我就沒有價值。 必須完美只是舊信念的語氣，不是你的本質。 信念 必須完美 靈性 靈性 自我觀察,2026-06-04T10:25:52.059328+00:00,2026-06-04T10:25:52.059328+00:00,[],dialogue,,
tp_bel_022,belief,BEL_002,重大失落中的必須完美盲點,在重大失落中，被必須完美的內在敘事綁住，因此不敢做新的選擇，使互動落入重複循環。,如果不按照必須完美活，我就沒有價值。,必須完美只是舊信念的語氣，不是你的本質。,哪個舊故事讓你把必須完美當成唯一答案？,"[""信念"", ""必須完美"", ""失落""]","[""失落"", ""轉化""]",TruthOS seed dataset,belief 信念 BEL_002 必須完美 重大失落中的必須完美盲點 在重大失落中，被必須完美的內在敘事綁住，因此不敢做新的選擇，使互動落入重複循環。 如果不按照必須完美活，我就沒有價值。 必須完美只是舊信念的語氣，不是你的本質。 信念 必須完美 失落 失落 轉化,2026-06-04T10:25:52.059328+00:00,2026-06-04T10:25:52.059328+00:00,[],dialogue,,
tp_bel_023,belief,BEL_002,教養現場中的必須完美盲點,在教養現場中，被必須完美的內在敘事綁住，因此不敢做新的選擇，讓看見真相的空間縮小。,如果不按照必須完美活，我就沒有價值。,必須完美只是舊信念的語氣，不是你的本質。,哪個舊故事讓你把必須完美當成唯一答案？,"[""信念"", ""必須完美"", ""教養""]","[""親子"", ""教養""]",TruthOS seed dataset,belief 信念 BEL_002 必須完美 教養現場中的必須完美盲點 在教養現場中，被必須完美的內在敘事綁住，因此不敢做新的選擇，讓看見真相的空間縮小。 如果不按照必須完美活，我就沒有價值。 必須完美只是舊信念的語氣，不是你的本質。 信念 必須完美 教養 親子 教養,2026-06-04T10:25:52.059328+00:00,2026-06-04T10:25:52.059328+00:00,[],dialogue,,
tp_bel_024,belief,BEL_002,團隊回饋中的必須完美盲點,在團隊回饋中，被必須完美的內在敘事綁住，因此不敢做新的選擇，讓支持變成壓力。,如果不按照必須完美活，我就沒有價值。,必須完美只是舊信念的語氣，不是你的本質。,哪個舊故事讓你把必須完美當成唯一答案？,"[""信念"", ""必須完美"", ""回饋""]","[""團隊"", ""回饋""]",TruthOS seed dataset,belief 信念 BEL_002 必須完美 團隊回饋中的必須完美盲點 在團隊回饋中，被必須完美的內在敘事綁住，因此不敢做新的選擇，讓支持變成壓力。 如果不按照必須完美活，我就沒有價值。 必須完美只是舊信念的語氣，不是你的本質。 信念 必須完美 回饋 團隊 回饋,2026-06-04T10:25:52.059328+00:00,2026-06-04T10:25:52.059328+00:00,[],dialogue,,
tp_bel_025,belief,BEL_002,社群曝光中的必須完美盲點,在社群曝光中，被必須完美的內在敘事綁住，因此不敢做新的選擇，讓改變停在表面。,如果不按照必須完美活，我就沒有價值。,必須完美只是舊信念的語氣，不是你的本質。,哪個舊故事讓你把必須完美當成唯一答案？,"[""信念"", ""必須完美"", ""社群""]","[""社群"", ""自我價值""]",TruthOS seed dataset,belief 信念 BEL_002 必須完美 社群曝光中的必須完美盲點 在社群曝光中，被必須完美的內在敘事綁住，因此不敢做新的選擇，讓改變停在表面。 如果不按照必須完美活，我就沒有價值。 必須完美只是舊信念的語氣，不是你的本質。 信念 必須完美 社群 社群 自我價值,2026-06-04T10:25:52.059328+00:00,2026-06-04T10:25:52.059328+00:00,[],dialogue,,
tp_bel_026,belief,BEL_002,家庭對話中的必須完美盲點,在家庭對話中，被必須完美的內在敘事綁住，因此不敢做新的選擇，讓資源交換變得扭曲。,如果不按照必須完美活，我就沒有價值。,必須完美只是舊信念的語氣，不是你的本質。,哪個舊故事讓你把必須完美當成唯一答案？,"[""信念"", ""必須完美"", ""家庭""]","[""家庭"", ""親子""]",TruthOS seed dataset,belief 信念 BEL_002 必須完美 家庭對話中的必須完美盲點 在家庭對話中，被必須完美的內在敘事綁住，因此不敢做新的選擇，讓資源交換變得扭曲。 如果不按照必須完美活，我就沒有價值。 必須完美只是舊信念的語氣，不是你的本質。 信念 必須完美 家庭 家庭 親子,2026-06-04T10:25:52.059328+00:00,2026-06-04T10:25:52.059328+00:00,[],dialogue,,
tp_bel_027,belief,BEL_003,職場協作中的先苦後值盲點,在職場協作中，被先苦後值的內在敘事綁住，因此不敢做新的選擇，讓對話逐漸失衡。,如果不按照先苦後值活，我就沒有價值。,先苦後值只是舊信念的語氣，不是你的本質。,哪個舊故事讓你把先苦後值當成唯一答案？,"[""信念"", ""先苦後值"", ""職場""]","[""工作"", ""團隊""]",TruthOS seed dataset,belief 信念 BEL_003 先苦後值 職場協作中的先苦後值盲點 在職場協作中，被先苦後值的內在敘事綁住，因此不敢做新的選擇，讓對話逐漸失衡。 如果不按照先苦後值活，我就沒有價值。 先苦後值只是舊信念的語氣，不是你的本質。 信念 先苦後值 職場 工作 團隊,2026-06-04T10:25:52.059328+00:00,2026-06-04T10:25:52.059328+00:00,[],dialogue,,
tp_bel_028,belief,BEL_003,領導決策中的先苦後值盲點,在領導決策中，被先苦後值的內在敘事綁住，因此不敢做新的選擇，讓界線變得模糊。,如果不按照先苦後值活，我就沒有價值。,先苦後值只是舊信念的語氣，不是你的本質。,哪個舊故事讓你把先苦後值當成唯一答案？,"[""信念"", ""先苦後值"", ""領導""]","[""領導"", ""決策""]",TruthOS seed dataset,belief 信念 BEL_003 先苦後值 領導決策中的先苦後值盲點 在領導決策中，被先苦後值的內在敘事綁住，因此不敢做新的選擇，讓界線變得模糊。 如果不按照先苦後值活，我就沒有價值。 先苦後值只是舊信念的語氣，不是你的本質。 信念 先苦後值 領導 領導 決策,2026-06-04T10:25:52.059328+00:00,2026-06-04T10:25:52.059328+00:00,[],dialogue,,
tp_bel_029,belief,BEL_003,朋友互動中的先苦後值盲點,在朋友互動中，被先苦後值的內在敘事綁住，因此不敢做新的選擇，讓責任位置變得混亂。,如果不按照先苦後值活，我就沒有價值。,先苦後值只是舊信念的語氣，不是你的本質。,哪個舊故事讓你把先苦後值當成唯一答案？,"[""信念"", ""先苦後值"", ""友誼""]","[""友誼"", ""界線""]",TruthOS seed dataset,belief 信念 BEL_003 先苦後值 朋友互動中的先苦後值盲點 在朋友互動中，被先苦後值的內在敘事綁住，因此不敢做新的選擇，讓責任位置變得混亂。 如果不按照先苦後值活，我就沒有價值。 先苦後值只是舊信念的語氣，不是你的本質。 信念 先苦後值 友誼 友誼 界線,2026-06-04T10:25:52.059328+00:00,2026-06-04T10:25:52.059328+00:00,[],dialogue,,
tp_bel_030,belief,BEL_003,金錢選擇中的先苦後值盲點,在金錢選擇中，被先苦後值的內在敘事綁住，因此不敢做新的選擇，使真正的需求被遮住。,如果不按照先苦後值活，我就沒有價值。,先苦後值只是舊信念的語氣，不是你的本質。,哪個舊故事讓你把先苦後值當成唯一答案？,"[""信念"", ""先苦後值"", ""金錢""]","[""金錢"", ""價值""]",TruthOS seed dataset,belief 信念 BEL_003 先苦後值 金錢選擇中的先苦後值盲點 在金錢選擇中，被先苦後值的內在敘事綁住，因此不敢做新的選擇，使真正的需求被遮住。 如果不按照先苦後值活，我就沒有價值。 先苦後值只是舊信念的語氣，不是你的本質。 信念 先苦後值 金錢 金錢 價值,2026-06-04T10:25:52.059328+00:00,2026-06-04T10:25:52.059328+00:00,[],dialogue,,
tp_bel_031,belief,BEL_003,健康壓力中的先苦後值盲點,在健康壓力中，被先苦後值的內在敘事綁住，因此不敢做新的選擇，讓反饋失去作用。,如果不按照先苦後值活，我就沒有價值。,先苦後值只是舊信念的語氣，不是你的本質。,哪個舊故事讓你把先苦後值當成唯一答案？,"[""信念"", ""先苦後值"", ""健康""]","[""健康"", ""壓力""]",TruthOS seed dataset,belief 信念 BEL_003 先苦後值 健康壓力中的先苦後值盲點 在健康壓力中，被先苦後值的內在敘事綁住，因此不敢做新的選擇，讓反饋失去作用。 如果不按照先苦後值活，我就沒有價值。 先苦後值只是舊信念的語氣，不是你的本質。 信念 先苦後值 健康 健康 壓力,2026-06-04T10:25:52.059328+00:00,2026-06-04T10:25:52.059328+00:00,[],dialogue,,
tp_bel_032,belief,BEL_003,創作卡關中的先苦後值盲點,在創作卡關中，被先苦後值的內在敘事綁住，因此不敢做新的選擇，讓信任開始鬆動。,如果不按照先苦後值活，我就沒有價值。,先苦後值只是舊信念的語氣，不是你的本質。,哪個舊故事讓你把先苦後值當成唯一答案？,"[""信念"", ""先苦後值"", ""創作""]","[""創作"", ""表達""]",TruthOS seed dataset,belief 信念 BEL_003 先苦後值 創作卡關中的先苦後值盲點 在創作卡關中，被先苦後值的內在敘事綁住，因此不敢做新的選擇，讓信任開始鬆動。 如果不按照先苦後值活，我就沒有價值。 先苦後值只是舊信念的語氣，不是你的本質。 信念 先苦後值 創作 創作 表達,2026-06-04T10:25:52.059328+00:00,2026-06-04T10:25:52.059328+00:00,[],dialogue,,
tp_bel_033,belief,BEL_003,靈性實踐中的先苦後值盲點,在靈性實踐中，被先苦後值的內在敘事綁住，因此不敢做新的選擇，讓決定越來越僵硬。,如果不按照先苦後值活，我就沒有價值。,先苦後值只是舊信念的語氣，不是你的本質。,哪個舊故事讓你把先苦後值當成唯一答案？,"[""信念"", ""先苦後值"", ""靈性""]","[""靈性"", ""自我觀察""]",TruthOS seed dataset,belief 信念 BEL_003 先苦後值 靈性實踐中的先苦後值盲點 在靈性實踐中，被先苦後值的內在敘事綁住，因此不敢做新的選擇，讓決定越來越僵硬。 如果不按照先苦後值活，我就沒有價值。 先苦後值只是舊信念的語氣，不是你的本質。 信念 先苦後值 靈性 靈性 自我觀察,2026-06-04T10:25:52.059328+00:00,2026-06-04T10:25:52.059328+00:00,[],dialogue,,
tp_bel_034,belief,BEL_003,重大失落中的先苦後值盲點,在重大失落中，被先苦後值的內在敘事綁住，因此不敢做新的選擇，讓內在更難安定。,如果不按照先苦後值活，我就沒有價值。,先苦後值只是舊信念的語氣，不是你的本質。,哪個舊故事讓你把先苦後值當成唯一答案？,"[""信念"", ""先苦後值"", ""失落""]","[""失落"", ""轉化""]",TruthOS seed dataset,belief 信念 BEL_003 先苦後值 重大失落中的先苦後值盲點 在重大失落中，被先苦後值的內在敘事綁住，因此不敢做新的選擇，讓內在更難安定。 如果不按照先苦後值活，我就沒有價值。 先苦後值只是舊信念的語氣，不是你的本質。 信念 先苦後值 失落 失落 轉化,2026-06-04T10:25:52.059328+00:00,2026-06-04T10:25:52.059328+00:00,[],dialogue,,
tp_bel_035,belief,BEL_003,教養現場中的先苦後值盲點,在教養現場中，被先苦後值的內在敘事綁住，因此不敢做新的選擇，使互動落入重複循環。,如果不按照先苦後值活，我就沒有價值。,先苦後值只是舊信念的語氣，不是你的本質。,哪個舊故事讓你把先苦後值當成唯一答案？,"[""信念"", ""先苦後值"", ""教養""]","[""親子"", ""教養""]",TruthOS seed dataset,belief 信念 BEL_003 先苦後值 教養現場中的先苦後值盲點 在教養現場中，被先苦後值的內在敘事綁住，因此不敢做新的選擇，使互動落入重複循環。 如果不按照先苦後值活，我就沒有價值。 先苦後值只是舊信念的語氣，不是你的本質。 信念 先苦後值 教養 親子 教養,2026-06-04T10:25:52.059328+00:00,2026-06-04T10:25:52.059328+00:00,[],dialogue,,
tp_bel_036,belief,BEL_003,團隊回饋中的先苦後值盲點,在團隊回饋中，被先苦後值的內在敘事綁住，因此不敢做新的選擇，讓看見真相的空間縮小。,如果不按照先苦後值活，我就沒有價值。,先苦後值只是舊信念的語氣，不是你的本質。,哪個舊故事讓你把先苦後值當成唯一答案？,"[""信念"", ""先苦後值"", ""回饋""]","[""團隊"", ""回饋""]",TruthOS seed dataset,belief 信念 BEL_003 先苦後值 團隊回饋中的先苦後值盲點 在團隊回饋中，被先苦後值的內在敘事綁住，因此不敢做新的選擇，讓看見真相的空間縮小。 如果不按照先苦後值活，我就沒有價值。 先苦後值只是舊信念的語氣，不是你的本質。 信念 先苦後值 回饋 團隊 回饋,2026-06-04T10:25:52.059328+00:00,2026-06-04T10:25:52.059328+00:00,[],dialogue,,
tp_bel_037,belief,BEL_003,社群曝光中的先苦後值盲點,在社群曝光中，被先苦後值的內在敘事綁住，因此不敢做新的選擇，讓支持變成壓力。,如果不按照先苦後值活，我就沒有價值。,先苦後值只是舊信念的語氣，不是你的本質。,哪個舊故事讓你把先苦後值當成唯一答案？,"[""信念"", ""先苦後值"", ""社群""]","[""社群"", ""自我價值""]",TruthOS seed dataset,belief 信念 BEL_003 先苦後值 社群曝光中的先苦後值盲點 在社群曝光中，被先苦後值的內在敘事綁住，因此不敢做新的選擇，讓支持變成壓力。 如果不按照先苦後值活，我就沒有價值。 先苦後值只是舊信念的語氣，不是你的本質。 信念 先苦後值 社群 社群 自我價值,2026-06-04T10:25:52.059328+00:00,2026-06-04T10:25:52.059328+00:00,[],dialogue,,
tp_bel_038,belief,BEL_003,家庭對話中的先苦後值盲點,在家庭對話中，被先苦後值的內在敘事綁住，因此不敢做新的選擇，讓改變停在表面。,如果不按照先苦後值活，我就沒有價值。,先苦後值只是舊信念的語氣，不是你的本質。,哪個舊故事讓你把先苦後值當成唯一答案？,"[""信念"", ""先苦後值"", ""家庭""]","[""家庭"", ""親子""]",TruthOS seed dataset,belief 信念 BEL_003 先苦後值 家庭對話中的先苦後值盲點 在家庭對話中，被先苦後值的內在敘事綁住，因此不敢做新的選擇，讓改變停在表面。 如果不按照先苦後值活，我就沒有價值。 先苦後值只是舊信念的語氣，不是你的本質。 信念 先苦後值 家庭 家庭 親子,2026-06-04T10:25:52.059328+00:00,2026-06-04T10:25:52.059328+00:00,[],dialogue,,
tp_bel_039,belief,BEL_003,伴侶衝突中的先苦後值盲點,在伴侶衝突中，被先苦後值的內在敘事綁住，因此不敢做新的選擇，讓資源交換變得扭曲。,如果不按照先苦後值活，我就沒有價值。,先苦後值只是舊信念的語氣，不是你的本質。,哪個舊故事讓你把先苦後值當成唯一答案？,"[""信念"", ""先苦後值"", ""伴侶""]","[""伴侶"", ""界線""]",TruthOS seed dataset,belief 信念 BEL_003 先苦後值 伴侶衝突中的先苦後值盲點 在伴侶衝突中，被先苦後值的內在敘事綁住，因此不敢做新的選擇，讓資源交換變得扭曲。 如果不按照先苦後值活，我就沒有價值。 先苦後值只是舊信念的語氣，不是你的本質。 信念 先苦後值 伴侶 伴侶 界線,2026-06-04T10:25:52.059328+00:00,2026-06-04T10:25:52.059328+00:00,[],dialogue,,
tp_bel_040,belief,BEL_004,領導決策中的被看見才算存在盲點,在領導決策中，被被看見才算存在的內在敘事綁住，因此不敢做新的選擇，讓對話逐漸失衡。,如果不按照被看見才算存在活，我就沒有價值。,被看見才算存在只是舊信念的語氣，不是你的本質。,哪個舊故事讓你把被看見才算存在當成唯一答案？,"[""信念"", ""被看見才算存在"", ""領導""]","[""領導"", ""決策""]",TruthOS seed dataset,belief 信念 BEL_004 被看見才算存在 領導決策中的被看見才算存在盲點 在領導決策中，被被看見才算存在的內在敘事綁住，因此不敢做新的選擇，讓對話逐漸失衡。 如果不按照被看見才算存在活，我就沒有價值。 被看見才算存在只是舊信念的語氣，不是你的本質。 信念 被看見才算存在 領導 領導 決策,2026-06-04T10:25:52.059328+00:00,2026-06-04T10:25:52.059328+00:00,[],dialogue,,
tp_bel_041,belief,BEL_004,朋友互動中的被看見才算存在盲點,在朋友互動中，被被看見才算存在的內在敘事綁住，因此不敢做新的選擇，讓界線變得模糊。,如果不按照被看見才算存在活，我就沒有價值。,被看見才算存在只是舊信念的語氣，不是你的本質。,哪個舊故事讓你把被看見才算存在當成唯一答案？,"[""信念"", ""被看見才算存在"", ""友誼""]","[""友誼"", ""界線""]",TruthOS seed dataset,belief 信念 BEL_004 被看見才算存在 朋友互動中的被看見才算存在盲點 在朋友互動中，被被看見才算存在的內在敘事綁住，因此不敢做新的選擇，讓界線變得模糊。 如果不按照被看見才算存在活，我就沒有價值。 被看見才算存在只是舊信念的語氣，不是你的本質。 信念 被看見才算存在 友誼 友誼 界線,2026-06-04T10:25:52.059328+00:00,2026-06-04T10:25:52.059328+00:00,[],dialogue,,
tp_bel_042,belief,BEL_004,金錢選擇中的被看見才算存在盲點,在金錢選擇中，被被看見才算存在的內在敘事綁住，因此不敢做新的選擇，讓責任位置變得混亂。,如果不按照被看見才算存在活，我就沒有價值。,被看見才算存在只是舊信念的語氣，不是你的本質。,哪個舊故事讓你把被看見才算存在當成唯一答案？,"[""信念"", ""被看見才算存在"", ""金錢""]","[""金錢"", ""價值""]",TruthOS seed dataset,belief 信念 BEL_004 被看見才算存在 金錢選擇中的被看見才算存在盲點 在金錢選擇中，被被看見才算存在的內在敘事綁住，因此不敢做新的選擇，讓責任位置變得混亂。 如果不按照被看見才算存在活，我就沒有價值。 被看見才算存在只是舊信念的語氣，不是你的本質。 信念 被看見才算存在 金錢 金錢 價值,2026-06-04T10:25:52.059328+00:00,2026-06-04T10:25:52.059328+00:00,[],dialogue,,
tp_bel_043,belief,BEL_004,健康壓力中的被看見才算存在盲點,在健康壓力中，被被看見才算存在的內在敘事綁住，因此不敢做新的選擇，使真正的需求被遮住。,如果不按照被看見才算存在活，我就沒有價值。,被看見才算存在只是舊信念的語氣，不是你的本質。,哪個舊故事讓你把被看見才算存在當成唯一答案？,"[""信念"", ""被看見才算存在"", ""健康""]","[""健康"", ""壓力""]",TruthOS seed dataset,belief 信念 BEL_004 被看見才算存在 健康壓力中的被看見才算存在盲點 在健康壓力中，被被看見才算存在的內在敘事綁住，因此不敢做新的選擇，使真正的需求被遮住。 如果不按照被看見才算存在活，我就沒有價值。 被看見才算存在只是舊信念的語氣，不是你的本質。 信念 被看見才算存在 健康 健康 壓力,2026-06-04T10:25:52.059328+00:00,2026-06-04T10:25:52.059328+00:00,[],dialogue,,
tp_bel_044,belief,BEL_004,創作卡關中的被看見才算存在盲點,在創作卡關中，被被看見才算存在的內在敘事綁住，因此不敢做新的選擇，讓反饋失去作用。,如果不按照被看見才算存在活，我就沒有價值。,被看見才算存在只是舊信念的語氣，不是你的本質。,哪個舊故事讓你把被看見才算存在當成唯一答案？,"[""信念"", ""被看見才算存在"", ""創作""]","[""創作"", ""表達""]",TruthOS seed dataset,belief 信念 BEL_004 被看見才算存在 創作卡關中的被看見才算存在盲點 在創作卡關中，被被看見才算存在的內在敘事綁住，因此不敢做新的選擇，讓反饋失去作用。 如果不按照被看見才算存在活，我就沒有價值。 被看見才算存在只是舊信念的語氣，不是你的本質。 信念 被看見才算存在 創作 創作 表達,2026-06-04T10:25:52.059328+00:00,2026-06-04T10:25:52.059328+00:00,[],dialogue,,
tp_bel_045,belief,BEL_004,靈性實踐中的被看見才算存在盲點,在靈性實踐中，被被看見才算存在的內在敘事綁住，因此不敢做新的選擇，讓信任開始鬆動。,如果不按照被看見才算存在活，我就沒有價值。,被看見才算存在只是舊信念的語氣，不是你的本質。,哪個舊故事讓你把被看見才算存在當成唯一答案？,"[""信念"", ""被看見才算存在"", ""靈性""]","[""靈性"", ""自我觀察""]",TruthOS seed dataset,belief 信念 BEL_004 被看見才算存在 靈性實踐中的被看見才算存在盲點 在靈性實踐中，被被看見才算存在的內在敘事綁住，因此不敢做新的選擇，讓信任開始鬆動。 如果不按照被看見才算存在活，我就沒有價值。 被看見才算存在只是舊信念的語氣，不是你的本質。 信念 被看見才算存在 靈性 靈性 自我觀察,2026-06-04T10:25:52.059328+00:00,2026-06-04T10:25:52.059328+00:00,[],dialogue,,
tp_bel_046,belief,BEL_004,重大失落中的被看見才算存在盲點,在重大失落中，被被看見才算存在的內在敘事綁住，因此不敢做新的選擇，讓決定越來越僵硬。,如果不按照被看見才算存在活，我就沒有價值。,被看見才算存在只是舊信念的語氣，不是你的本質。,哪個舊故事讓你把被看見才算存在當成唯一答案？,"[""信念"", ""被看見才算存在"", ""失落""]","[""失落"", ""轉化""]",TruthOS seed dataset,belief 信念 BEL_004 被看見才算存在 重大失落中的被看見才算存在盲點 在重大失落中，被被看見才算存在的內在敘事綁住，因此不敢做新的選擇，讓決定越來越僵硬。 如果不按照被看見才算存在活，我就沒有價值。 被看見才算存在只是舊信念的語氣，不是你的本質。 信念 被看見才算存在 失落 失落 轉化,2026-06-04T10:25:52.059328+00:00,2026-06-04T10:25:52.059328+00:00,[],dialogue,,
tp_bel_047,belief,BEL_004,教養現場中的被看見才算存在盲點,在教養現場中，被被看見才算存在的內在敘事綁住，因此不敢做新的選擇，讓內在更難安定。,如果不按照被看見才算存在活，我就沒有價值。,被看見才算存在只是舊信念的語氣，不是你的本質。,哪個舊故事讓你把被看見才算存在當成唯一答案？,"[""信念"", ""被看見才算存在"", ""教養""]","[""親子"", ""教養""]",TruthOS seed dataset,belief 信念 BEL_004 被看見才算存在 教養現場中的被看見才算存在盲點 在教養現場中，被被看見才算存在的內在敘事綁住，因此不敢做新的選擇，讓內在更難安定。 如果不按照被看見才算存在活，我就沒有價值。 被看見才算存在只是舊信念的語氣，不是你的本質。 信念 被看見才算存在 教養 親子 教養,2026-06-04T10:25:52.059328+00:00,2026-06-04T10:25:52.059328+00:00,[],dialogue,,
tp_bel_048,belief,BEL_004,團隊回饋中的被看見才算存在盲點,在團隊回饋中，被被看見才算存在的內在敘事綁住，因此不敢做新的選擇，使互動落入重複循環。,如果不按照被看見才算存在活，我就沒有價值。,被看見才算存在只是舊信念的語氣，不是你的本質。,哪個舊故事讓你把被看見才算存在當成唯一答案？,"[""信念"", ""被看見才算存在"", ""回饋""]","[""團隊"", ""回饋""]",TruthOS seed dataset,belief 信念 BEL_004 被看見才算存在 團隊回饋中的被看見才算存在盲點 在團隊回饋中，被被看見才算存在的內在敘事綁住，因此不敢做新的選擇，使互動落入重複循環。 如果不按照被看見才算存在活，我就沒有價值。 被看見才算存在只是舊信念的語氣，不是你的本質。 信念 被看見才算存在 回饋 團隊 回饋,2026-06-04T10:25:52.059328+00:00,2026-06-04T10:25:52.059328+00:00,[],dialogue,,
tp_bel_049,belief,BEL_004,社群曝光中的被看見才算存在盲點,在社群曝光中，被被看見才算存在的內在敘事綁住，因此不敢做新的選擇，讓看見真相的空間縮小。,如果不按照被看見才算存在活，我就沒有價值。,被看見才算存在只是舊信念的語氣，不是你的本質。,哪個舊故事讓你把被看見才算存在當成唯一答案？,"[""信念"", ""被看見才算存在"", ""社群""]","[""社群"", ""自我價值""]",TruthOS seed dataset,belief 信念 BEL_004 被看見才算存在 社群曝光中的被看見才算存在盲點 在社群曝光中，被被看見才算存在的內在敘事綁住，因此不敢做新的選擇，讓看見真相的空間縮小。 如果不按照被看見才算存在活，我就沒有價值。 被看見才算存在只是舊信念的語氣，不是你的本質。 信念 被看見才算存在 社群 社群 自我價值,2026-06-04T10:25:52.059328+00:00,2026-06-04T10:25:52.059328+00:00,[],dialogue,,
tp_bel_050,belief,BEL_004,家庭對話中的被看見才算存在盲點,在家庭對話中，被被看見才算存在的內在敘事綁住，因此不敢做新的選擇，讓支持變成壓力。,如果不按照被看見才算存在活，我就沒有價值。,被看見才算存在只是舊信念的語氣，不是你的本質。,哪個舊故事讓你把被看見才算存在當成唯一答案？,"[""信念"", ""被看見才算存在"", ""家庭""]","[""家庭"", ""親子""]",TruthOS seed dataset,belief 信念 BEL_004 被看見才算存在 家庭對話中的被看見才算存在盲點 在家庭對話中，被被看見才算存在的內在敘事綁住，因此不敢做新的選擇，讓支持變成壓力。 如果不按照被看見才算存在活，我就沒有價值。 被看見才算存在只是舊信念的語氣，不是你的本質。 信念 被看見才算存在 家庭 家庭 親子,2026-06-04T10:25:52.059328+00:00,2026-06-04T10:25:52.059328+00:00,[],dialogue,,
tp_bel_051,belief,BEL_004,伴侶衝突中的被看見才算存在盲點,在伴侶衝突中，被被看見才算存在的內在敘事綁住，因此不敢做新的選擇，讓改變停在表面。,如果不按照被看見才算存在活，我就沒有價值。,被看見才算存在只是舊信念的語氣，不是你的本質。,哪個舊故事讓你把被看見才算存在當成唯一答案？,"[""信念"", ""被看見才算存在"", ""伴侶""]","[""伴侶"", ""界線""]",TruthOS seed dataset,belief 信念 BEL_004 被看見才算存在 伴侶衝突中的被看見才算存在盲點 在伴侶衝突中，被被看見才算存在的內在敘事綁住，因此不敢做新的選擇，讓改變停在表面。 如果不按照被看見才算存在活，我就沒有價值。 被看見才算存在只是舊信念的語氣，不是你的本質。 信念 被看見才算存在 伴侶 伴侶 界線,2026-06-04T10:25:52.059328+00:00,2026-06-04T10:25:52.059328+00:00,[],dialogue,,
tp_bel_052,belief,BEL_004,職場協作中的被看見才算存在盲點,在職場協作中，被被看見才算存在的內在敘事綁住，因此不敢做新的選擇，讓資源交換變得扭曲。,如果不按照被看見才算存在活，我就沒有價值。,被看見才算存在只是舊信念的語氣，不是你的本質。,哪個舊故事讓你把被看見才算存在當成唯一答案？,"[""信念"", ""被看見才算存在"", ""職場""]","[""工作"", ""團隊""]",TruthOS seed dataset,belief 信念 BEL_004 被看見才算存在 職場協作中的被看見才算存在盲點 在職場協作中，被被看見才算存在的內在敘事綁住，因此不敢做新的選擇，讓資源交換變得扭曲。 如果不按照被看見才算存在活，我就沒有價值。 被看見才算存在只是舊信念的語氣，不是你的本質。 信念 被看見才算存在 職場 工作 團隊,2026-06-04T10:25:52.059328+00:00,2026-06-04T10:25:52.059328+00:00,[],dialogue,,
tp_bel_053,belief,BEL_005,朋友互動中的服從才安全盲點,在朋友互動中，被服從才安全的內在敘事綁住，因此不敢做新的選擇，讓對話逐漸失衡。,如果不按照服從才安全活，我就沒有價值。,服從才安全只是舊信念的語氣，不是你的本質。,哪個舊故事讓你把服從才安全當成唯一答案？,"[""信念"", ""服從才安全"", ""友誼""]","[""友誼"", ""界線""]",TruthOS seed dataset,belief 信念 BEL_005 服從才安全 朋友互動中的服從才安全盲點 在朋友互動中，被服從才安全的內在敘事綁住，因此不敢做新的選擇，讓對話逐漸失衡。 如果不按照服從才安全活，我就沒有價值。 服從才安全只是舊信念的語氣，不是你的本質。 信念 服從才安全 友誼 友誼 界線,2026-06-04T10:25:52.059328+00:00,2026-06-04T10:25:52.059328+00:00,[],dialogue,,
tp_bel_054,belief,BEL_005,金錢選擇中的服從才安全盲點,在金錢選擇中，被服從才安全的內在敘事綁住，因此不敢做新的選擇，讓界線變得模糊。,如果不按照服從才安全活，我就沒有價值。,服從才安全只是舊信念的語氣，不是你的本質。,哪個舊故事讓你把服從才安全當成唯一答案？,"[""信念"", ""服從才安全"", ""金錢""]","[""金錢"", ""價值""]",TruthOS seed dataset,belief 信念 BEL_005 服從才安全 金錢選擇中的服從才安全盲點 在金錢選擇中，被服從才安全的內在敘事綁住，因此不敢做新的選擇，讓界線變得模糊。 如果不按照服從才安全活，我就沒有價值。 服從才安全只是舊信念的語氣，不是你的本質。 信念 服從才安全 金錢 金錢 價值,2026-06-04T10:25:52.059328+00:00,2026-06-04T10:25:52.059328+00:00,[],dialogue,,
tp_bel_055,belief,BEL_005,健康壓力中的服從才安全盲點,在健康壓力中，被服從才安全的內在敘事綁住，因此不敢做新的選擇，讓責任位置變得混亂。,如果不按照服從才安全活，我就沒有價值。,服從才安全只是舊信念的語氣，不是你的本質。,哪個舊故事讓你把服從才安全當成唯一答案？,"[""信念"", ""服從才安全"", ""健康""]","[""健康"", ""壓力""]",TruthOS seed dataset,belief 信念 BEL_005 服從才安全 健康壓力中的服從才安全盲點 在健康壓力中，被服從才安全的內在敘事綁住，因此不敢做新的選擇，讓責任位置變得混亂。 如果不按照服從才安全活，我就沒有價值。 服從才安全只是舊信念的語氣，不是你的本質。 信念 服從才安全 健康 健康 壓力,2026-06-04T10:25:52.059328+00:00,2026-06-04T10:25:52.059328+00:00,[],dialogue,,
tp_bel_056,belief,BEL_005,創作卡關中的服從才安全盲點,在創作卡關中，被服從才安全的內在敘事綁住，因此不敢做新的選擇，使真正的需求被遮住。,如果不按照服從才安全活，我就沒有價值。,服從才安全只是舊信念的語氣，不是你的本質。,哪個舊故事讓你把服從才安全當成唯一答案？,"[""信念"", ""服從才安全"", ""創作""]","[""創作"", ""表達""]",TruthOS seed dataset,belief 信念 BEL_005 服從才安全 創作卡關中的服從才安全盲點 在創作卡關中，被服從才安全的內在敘事綁住，因此不敢做新的選擇，使真正的需求被遮住。 如果不按照服從才安全活，我就沒有價值。 服從才安全只是舊信念的語氣，不是你的本質。 信念 服從才安全 創作 創作 表達,2026-06-04T10:25:52.059328+00:00,2026-06-04T10:25:52.059328+00:00,[],dialogue,,
tp_bel_057,belief,BEL_005,靈性實踐中的服從才安全盲點,在靈性實踐中，被服從才安全的內在敘事綁住，因此不敢做新的選擇，讓反饋失去作用。,如果不按照服從才安全活，我就沒有價值。,服從才安全只是舊信念的語氣，不是你的本質。,哪個舊故事讓你把服從才安全當成唯一答案？,"[""信念"", ""服從才安全"", ""靈性""]","[""靈性"", ""自我觀察""]",TruthOS seed dataset,belief 信念 BEL_005 服從才安全 靈性實踐中的服從才安全盲點 在靈性實踐中，被服從才安全的內在敘事綁住，因此不敢做新的選擇，讓反饋失去作用。 如果不按照服從才安全活，我就沒有價值。 服從才安全只是舊信念的語氣，不是你的本質。 信念 服從才安全 靈性 靈性 自我觀察,2026-06-04T10:25:52.059328+00:00,2026-06-04T10:25:52.059328+00:00,[],dialogue,,
tp_bel_058,belief,BEL_005,重大失落中的服從才安全盲點,在重大失落中，被服從才安全的內在敘事綁住，因此不敢做新的選擇，讓信任開始鬆動。,如果不按照服從才安全活，我就沒有價值。,服從才安全只是舊信念的語氣，不是你的本質。,哪個舊故事讓你把服從才安全當成唯一答案？,"[""信念"", ""服從才安全"", ""失落""]","[""失落"", ""轉化""]",TruthOS seed dataset,belief 信念 BEL_005 服從才安全 重大失落中的服從才安全盲點 在重大失落中，被服從才安全的內在敘事綁住，因此不敢做新的選擇，讓信任開始鬆動。 如果不按照服從才安全活，我就沒有價值。 服從才安全只是舊信念的語氣，不是你的本質。 信念 服從才安全 失落 失落 轉化,2026-06-04T10:25:52.059328+00:00,2026-06-04T10:25:52.059328+00:00,[],dialogue,,
tp_bel_059,belief,BEL_005,教養現場中的服從才安全盲點,在教養現場中，被服從才安全的內在敘事綁住，因此不敢做新的選擇，讓決定越來越僵硬。,如果不按照服從才安全活，我就沒有價值。,服從才安全只是舊信念的語氣，不是你的本質。,哪個舊故事讓你把服從才安全當成唯一答案？,"[""信念"", ""服從才安全"", ""教養""]","[""親子"", ""教養""]",TruthOS seed dataset,belief 信念 BEL_005 服從才安全 教養現場中的服從才安全盲點 在教養現場中，被服從才安全的內在敘事綁住，因此不敢做新的選擇，讓決定越來越僵硬。 如果不按照服從才安全活，我就沒有價值。 服從才安全只是舊信念的語氣，不是你的本質。 信念 服從才安全 教養 親子 教養,2026-06-04T10:25:52.059328+00:00,2026-06-04T10:25:52.059328+00:00,[],dialogue,,
tp_bel_060,belief,BEL_005,團隊回饋中的服從才安全盲點,在團隊回饋中，被服從才安全的內在敘事綁住，因此不敢做新的選擇，讓內在更難安定。,如果不按照服從才安全活，我就沒有價值。,服從才安全只是舊信念的語氣，不是你的本質。,哪個舊故事讓你把服從才安全當成唯一答案？,"[""信念"", ""服從才安全"", ""回饋""]","[""團隊"", ""回饋""]",TruthOS seed dataset,belief 信念 BEL_005 服從才安全 團隊回饋中的服從才安全盲點 在團隊回饋中，被服從才安全的內在敘事綁住，因此不敢做新的選擇，讓內在更難安定。 如果不按照服從才安全活，我就沒有價值。 服從才安全只是舊信念的語氣，不是你的本質。 信念 服從才安全 回饋 團隊 回饋,2026-06-04T10:25:52.059328+00:00,2026-06-04T10:25:52.059328+00:00,[],dialogue,,
tp_bel_061,belief,BEL_005,社群曝光中的服從才安全盲點,在社群曝光中，被服從才安全的內在敘事綁住，因此不敢做新的選擇，使互動落入重複循環。,如果不按照服從才安全活，我就沒有價值。,服從才安全只是舊信念的語氣，不是你的本質。,哪個舊故事讓你把服從才安全當成唯一答案？,"[""信念"", ""服從才安全"", ""社群""]","[""社群"", ""自我價值""]",TruthOS seed dataset,belief 信念 BEL_005 服從才安全 社群曝光中的服從才安全盲點 在社群曝光中，被服從才安全的內在敘事綁住，因此不敢做新的選擇，使互動落入重複循環。 如果不按照服從才安全活，我就沒有價值。 服從才安全只是舊信念的語氣，不是你的本質。 信念 服從才安全 社群 社群 自我價值,2026-06-04T10:25:52.059328+00:00,2026-06-04T10:25:52.059328+00:00,[],dialogue,,
tp_bel_062,belief,BEL_005,家庭對話中的服從才安全盲點,在家庭對話中，被服從才安全的內在敘事綁住，因此不敢做新的選擇，讓看見真相的空間縮小。,如果不按照服從才安全活，我就沒有價值。,服從才安全只是舊信念的語氣，不是你的本質。,哪個舊故事讓你把服從才安全當成唯一答案？,"[""信念"", ""服從才安全"", ""家庭""]","[""家庭"", ""親子""]",TruthOS seed dataset,belief 信念 BEL_005 服從才安全 家庭對話中的服從才安全盲點 在家庭對話中，被服從才安全的內在敘事綁住，因此不敢做新的選擇，讓看見真相的空間縮小。 如果不按照服從才安全活，我就沒有價值。 服從才安全只是舊信念的語氣，不是你的本質。 信念 服從才安全 家庭 家庭 親子,2026-06-04T10:25:52.059328+00:00,2026-06-04T10:25:52.059328+00:00,[],dialogue,,
tp_bel_063,belief,BEL_005,伴侶衝突中的服從才安全盲點,在伴侶衝突中，被服從才安全的內在敘事綁住，因此不敢做新的選擇，讓支持變成壓力。,如果不按照服從才安全活，我就沒有價值。,服從才安全只是舊信念的語氣，不是你的本質。,哪個舊故事讓你把服從才安全當成唯一答案？,"[""信念"", ""服從才安全"", ""伴侶""]","[""伴侶"", ""界線""]",TruthOS seed dataset,belief 信念 BEL_005 服從才安全 伴侶衝突中的服從才安全盲點 在伴侶衝突中，被服從才安全的內在敘事綁住，因此不敢做新的選擇，讓支持變成壓力。 如果不按照服從才安全活，我就沒有價值。 服從才安全只是舊信念的語氣，不是你的本質。 信念 服從才安全 伴侶 伴侶 界線,2026-06-04T10:25:52.059328+00:00,2026-06-04T10:25:52.059328+00:00,[],dialogue,,
tp_bel_064,belief,BEL_005,職場協作中的服從才安全盲點,在職場協作中，被服從才安全的內在敘事綁住，因此不敢做新的選擇，讓改變停在表面。,如果不按照服從才安全活，我就沒有價值。,服從才安全只是舊信念的語氣，不是你的本質。,哪個舊故事讓你把服從才安全當成唯一答案？,"[""信念"", ""服從才安全"", ""職場""]","[""工作"", ""團隊""]",TruthOS seed dataset,belief 信念 BEL_005 服從才安全 職場協作中的服從才安全盲點 在職場協作中，被服從才安全的內在敘事綁住，因此不敢做新的選擇，讓改變停在表面。 如果不按照服從才安全活，我就沒有價值。 服從才安全只是舊信念的語氣，不是你的本質。 信念 服從才安全 職場 工作 團隊,2026-06-04T10:25:52.059328+00:00,2026-06-04T10:25:52.059328+00:00,[],dialogue,,
tp_bel_065,belief,BEL_006,金錢選擇中的失敗等於否定盲點,在金錢選擇中，被失敗等於否定的內在敘事綁住，因此不敢做新的選擇，讓資源交換變得扭曲。,如果不按照失敗等於否定活，我就沒有價值。,失敗等於否定只是舊信念的語氣，不是你的本質。,哪個舊故事讓你把失敗等於否定當成唯一答案？,"[""信念"", ""失敗等於否定"", ""金錢""]","[""金錢"", ""價值""]",TruthOS seed dataset,belief 信念 BEL_006 失敗等於否定 金錢選擇中的失敗等於否定盲點 在金錢選擇中，被失敗等於否定的內在敘事綁住，因此不敢做新的選擇，讓資源交換變得扭曲。 如果不按照失敗等於否定活，我就沒有價值。 失敗等於否定只是舊信念的語氣，不是你的本質。 信念 失敗等於否定 金錢 金錢 價值,2026-06-04T10:25:52.059328+00:00,2026-06-04T10:25:52.059328+00:00,[],dialogue,,
tp_bel_066,belief,BEL_006,健康壓力中的失敗等於否定盲點,在健康壓力中，被失敗等於否定的內在敘事綁住，因此不敢做新的選擇，讓對話逐漸失衡。,如果不按照失敗等於否定活，我就沒有價值。,失敗等於否定只是舊信念的語氣，不是你的本質。,哪個舊故事讓你把失敗等於否定當成唯一答案？,"[""信念"", ""失敗等於否定"", ""健康""]","[""健康"", ""壓力""]",TruthOS seed dataset,belief 信念 BEL_006 失敗等於否定 健康壓力中的失敗等於否定盲點 在健康壓力中，被失敗等於否定的內在敘事綁住，因此不敢做新的選擇，讓對話逐漸失衡。 如果不按照失敗等於否定活，我就沒有價值。 失敗等於否定只是舊信念的語氣，不是你的本質。 信念 失敗等於否定 健康 健康 壓力,2026-06-04T10:25:52.059328+00:00,2026-06-04T10:25:52.059328+00:00,[],dialogue,,
tp_bel_067,belief,BEL_006,創作卡關中的失敗等於否定盲點,在創作卡關中，被失敗等於否定的內在敘事綁住，因此不敢做新的選擇，讓界線變得模糊。,如果不按照失敗等於否定活，我就沒有價值。,失敗等於否定只是舊信念的語氣，不是你的本質。,哪個舊故事讓你把失敗等於否定當成唯一答案？,"[""信念"", ""失敗等於否定"", ""創作""]","[""創作"", ""表達""]",TruthOS seed dataset,belief 信念 BEL_006 失敗等於否定 創作卡關中的失敗等於否定盲點 在創作卡關中，被失敗等於否定的內在敘事綁住，因此不敢做新的選擇，讓界線變得模糊。 如果不按照失敗等於否定活，我就沒有價值。 失敗等於否定只是舊信念的語氣，不是你的本質。 信念 失敗等於否定 創作 創作 表達,2026-06-04T10:25:52.059328+00:00,2026-06-04T10:25:52.059328+00:00,[],dialogue,,
tp_bel_068,belief,BEL_006,靈性實踐中的失敗等於否定盲點,在靈性實踐中，被失敗等於否定的內在敘事綁住，因此不敢做新的選擇，讓責任位置變得混亂。,如果不按照失敗等於否定活，我就沒有價值。,失敗等於否定只是舊信念的語氣，不是你的本質。,哪個舊故事讓你把失敗等於否定當成唯一答案？,"[""信念"", ""失敗等於否定"", ""靈性""]","[""靈性"", ""自我觀察""]",TruthOS seed dataset,belief 信念 BEL_006 失敗等於否定 靈性實踐中的失敗等於否定盲點 在靈性實踐中，被失敗等於否定的內在敘事綁住，因此不敢做新的選擇，讓責任位置變得混亂。 如果不按照失敗等於否定活，我就沒有價值。 失敗等於否定只是舊信念的語氣，不是你的本質。 信念 失敗等於否定 靈性 靈性 自我觀察,2026-06-04T10:25:52.059328+00:00,2026-06-04T10:25:52.059328+00:00,[],dialogue,,
tp_bel_069,belief,BEL_006,重大失落中的失敗等於否定盲點,在重大失落中，被失敗等於否定的內在敘事綁住，因此不敢做新的選擇，使真正的需求被遮住。,如果不按照失敗等於否定活，我就沒有價值。,失敗等於否定只是舊信念的語氣，不是你的本質。,哪個舊故事讓你把失敗等於否定當成唯一答案？,"[""信念"", ""失敗等於否定"", ""失落""]","[""失落"", ""轉化""]",TruthOS seed dataset,belief 信念 BEL_006 失敗等於否定 重大失落中的失敗等於否定盲點 在重大失落中，被失敗等於否定的內在敘事綁住，因此不敢做新的選擇，使真正的需求被遮住。 如果不按照失敗等於否定活，我就沒有價值。 失敗等於否定只是舊信念的語氣，不是你的本質。 信念 失敗等於否定 失落 失落 轉化,2026-06-04T10:25:52.059328+00:00,2026-06-04T10:25:52.059328+00:00,[],dialogue,,
tp_bel_070,belief,BEL_006,教養現場中的失敗等於否定盲點,在教養現場中，被失敗等於否定的內在敘事綁住，因此不敢做新的選擇，讓反饋失去作用。,如果不按照失敗等於否定活，我就沒有價值。,失敗等於否定只是舊信念的語氣，不是你的本質。,哪個舊故事讓你把失敗等於否定當成唯一答案？,"[""信念"", ""失敗等於否定"", ""教養""]","[""親子"", ""教養""]",TruthOS seed dataset,belief 信念 BEL_006 失敗等於否定 教養現場中的失敗等於否定盲點 在教養現場中，被失敗等於否定的內在敘事綁住，因此不敢做新的選擇，讓反饋失去作用。 如果不按照失敗等於否定活，我就沒有價值。 失敗等於否定只是舊信念的語氣，不是你的本質。 信念 失敗等於否定 教養 親子 教養,2026-06-04T10:25:52.059328+00:00,2026-06-04T10:25:52.059328+00:00,[],dialogue,,
tp_bel_071,belief,BEL_006,團隊回饋中的失敗等於否定盲點,在團隊回饋中，被失敗等於否定的內在敘事綁住，因此不敢做新的選擇，讓信任開始鬆動。,如果不按照失敗等於否定活，我就沒有價值。,失敗等於否定只是舊信念的語氣，不是你的本質。,哪個舊故事讓你把失敗等於否定當成唯一答案？,"[""信念"", ""失敗等於否定"", ""回饋""]","[""團隊"", ""回饋""]",TruthOS seed dataset,belief 信念 BEL_006 失敗等於否定 團隊回饋中的失敗等於否定盲點 在團隊回饋中，被失敗等於否定的內在敘事綁住，因此不敢做新的選擇，讓信任開始鬆動。 如果不按照失敗等於否定活，我就沒有價值。 失敗等於否定只是舊信念的語氣，不是你的本質。 信念 失敗等於否定 回饋 團隊 回饋,2026-06-04T10:25:52.059328+00:00,2026-06-04T10:25:52.059328+00:00,[],dialogue,,
tp_bel_072,belief,BEL_006,社群曝光中的失敗等於否定盲點,在社群曝光中，被失敗等於否定的內在敘事綁住，因此不敢做新的選擇，讓決定越來越僵硬。,如果不按照失敗等於否定活，我就沒有價值。,失敗等於否定只是舊信念的語氣，不是你的本質。,哪個舊故事讓你把失敗等於否定當成唯一答案？,"[""信念"", ""失敗等於否定"", ""社群""]","[""社群"", ""自我價值""]",TruthOS seed dataset,belief 信念 BEL_006 失敗等於否定 社群曝光中的失敗等於否定盲點 在社群曝光中，被失敗等於否定的內在敘事綁住，因此不敢做新的選擇，讓決定越來越僵硬。 如果不按照失敗等於否定活，我就沒有價值。 失敗等於否定只是舊信念的語氣，不是你的本質。 信念 失敗等於否定 社群 社群 自我價值,2026-06-04T10:25:52.059328+00:00,2026-06-04T10:25:52.059328+00:00,[],dialogue,,
tp_bel_073,belief,BEL_006,家庭對話中的失敗等於否定盲點,在家庭對話中，被失敗等於否定的內在敘事綁住，因此不敢做新的選擇，讓內在更難安定。,如果不按照失敗等於否定活，我就沒有價值。,失敗等於否定只是舊信念的語氣，不是你的本質。,哪個舊故事讓你把失敗等於否定當成唯一答案？,"[""信念"", ""失敗等於否定"", ""家庭""]","[""家庭"", ""親子""]",TruthOS seed dataset,belief 信念 BEL_006 失敗等於否定 家庭對話中的失敗等於否定盲點 在家庭對話中，被失敗等於否定的內在敘事綁住，因此不敢做新的選擇，讓內在更難安定。 如果不按照失敗等於否定活，我就沒有價值。 失敗等於否定只是舊信念的語氣，不是你的本質。 信念 失敗等於否定 家庭 家庭 親子,2026-06-04T10:25:52.059328+00:00,2026-06-04T10:25:52.059328+00:00,[],dialogue,,
tp_bel_074,belief,BEL_006,伴侶衝突中的失敗等於否定盲點,在伴侶衝突中，被失敗等於否定的內在敘事綁住，因此不敢做新的選擇，使互動落入重複循環。,如果不按照失敗等於否定活，我就沒有價值。,失敗等於否定只是舊信念的語氣，不是你的本質。,哪個舊故事讓你把失敗等於否定當成唯一答案？,"[""信念"", ""失敗等於否定"", ""伴侶""]","[""伴侶"", ""界線""]",TruthOS seed dataset,belief 信念 BEL_006 失敗等於否定 伴侶衝突中的失敗等於否定盲點 在伴侶衝突中，被失敗等於否定的內在敘事綁住，因此不敢做新的選擇，使互動落入重複循環。 如果不按照失敗等於否定活，我就沒有價值。 失敗等於否定只是舊信念的語氣，不是你的本質。 信念 失敗等於否定 伴侶 伴侶 界線,2026-06-04T10:25:52.059328+00:00,2026-06-04T10:25:52.059328+00:00,[],dialogue,,
tp_bel_075,belief,BEL_006,職場協作中的失敗等於否定盲點,在職場協作中，被失敗等於否定的內在敘事綁住，因此不敢做新的選擇，讓看見真相的空間縮小。,如果不按照失敗等於否定活，我就沒有價值。,失敗等於否定只是舊信念的語氣，不是你的本質。,哪個舊故事讓你把失敗等於否定當成唯一答案？,"[""信念"", ""失敗等於否定"", ""職場""]","[""工作"", ""團隊""]",TruthOS seed dataset,belief 信念 BEL_006 失敗等於否定 職場協作中的失敗等於否定盲點 在職場協作中，被失敗等於否定的內在敘事綁住，因此不敢做新的選擇，讓看見真相的空間縮小。 如果不按照失敗等於否定活，我就沒有價值。 失敗等於否定只是舊信念的語氣，不是你的本質。 信念 失敗等於否定 職場 工作 團隊,2026-06-04T10:25:52.059328+00:00,2026-06-04T10:25:52.059328+00:00,[],dialogue,,
tp_bel_076,belief,BEL_006,領導決策中的失敗等於否定盲點,在領導決策中，被失敗等於否定的內在敘事綁住，因此不敢做新的選擇，讓支持變成壓力。,如果不按照失敗等於否定活，我就沒有價值。,失敗等於否定只是舊信念的語氣，不是你的本質。,哪個舊故事讓你把失敗等於否定當成唯一答案？,"[""信念"", ""失敗等於否定"", ""領導""]","[""領導"", ""決策""]",TruthOS seed dataset,belief 信念 BEL_006 失敗等於否定 領導決策中的失敗等於否定盲點 在領導決策中，被失敗等於否定的內在敘事綁住，因此不敢做新的選擇，讓支持變成壓力。 如果不按照失敗等於否定活，我就沒有價值。 失敗等於否定只是舊信念的語氣，不是你的本質。 信念 失敗等於否定 領導 領導 決策,2026-06-04T10:25:52.059328+00:00,2026-06-04T10:25:52.059328+00:00,[],dialogue,,
tp_bel_077,belief,BEL_007,健康壓力中的需要證明盲點,在健康壓力中，被需要證明的內在敘事綁住，因此不敢做新的選擇，讓改變停在表面。,如果不按照需要證明活，我就沒有價值。,需要證明只是舊信念的語氣，不是你的本質。,哪個舊故事讓你把需要證明當成唯一答案？,"[""信念"", ""需要證明"", ""健康""]","[""健康"", ""壓力""]",TruthOS seed dataset,belief 信念 BEL_007 需要證明 健康壓力中的需要證明盲點 在健康壓力中，被需要證明的內在敘事綁住，因此不敢做新的選擇，讓改變停在表面。 如果不按照需要證明活，我就沒有價值。 需要證明只是舊信念的語氣，不是你的本質。 信念 需要證明 健康 健康 壓力,2026-06-04T10:25:52.059328+00:00,2026-06-04T10:25:52.059328+00:00,[],dialogue,,
tp_bel_078,belief,BEL_007,創作卡關中的需要證明盲點,在創作卡關中，被需要證明的內在敘事綁住，因此不敢做新的選擇，讓資源交換變得扭曲。,如果不按照需要證明活，我就沒有價值。,需要證明只是舊信念的語氣，不是你的本質。,哪個舊故事讓你把需要證明當成唯一答案？,"[""信念"", ""需要證明"", ""創作""]","[""創作"", ""表達""]",TruthOS seed dataset,belief 信念 BEL_007 需要證明 創作卡關中的需要證明盲點 在創作卡關中，被需要證明的內在敘事綁住，因此不敢做新的選擇，讓資源交換變得扭曲。 如果不按照需要證明活，我就沒有價值。 需要證明只是舊信念的語氣，不是你的本質。 信念 需要證明 創作 創作 表達,2026-06-04T10:25:52.059328+00:00,2026-06-04T10:25:52.059328+00:00,[],dialogue,,
tp_bel_079,belief,BEL_007,靈性實踐中的需要證明盲點,在靈性實踐中，被需要證明的內在敘事綁住，因此不敢做新的選擇，讓對話逐漸失衡。,如果不按照需要證明活，我就沒有價值。,需要證明只是舊信念的語氣，不是你的本質。,哪個舊故事讓你把需要證明當成唯一答案？,"[""信念"", ""需要證明"", ""靈性""]","[""靈性"", ""自我觀察""]",TruthOS seed dataset,belief 信念 BEL_007 需要證明 靈性實踐中的需要證明盲點 在靈性實踐中，被需要證明的內在敘事綁住，因此不敢做新的選擇，讓對話逐漸失衡。 如果不按照需要證明活，我就沒有價值。 需要證明只是舊信念的語氣，不是你的本質。 信念 需要證明 靈性 靈性 自我觀察,2026-06-04T10:25:52.059328+00:00,2026-06-04T10:25:52.059328+00:00,[],dialogue,,
tp_bel_080,belief,BEL_007,重大失落中的需要證明盲點,在重大失落中，被需要證明的內在敘事綁住，因此不敢做新的選擇，讓界線變得模糊。,如果不按照需要證明活，我就沒有價值。,需要證明只是舊信念的語氣，不是你的本質。,哪個舊故事讓你把需要證明當成唯一答案？,"[""信念"", ""需要證明"", ""失落""]","[""失落"", ""轉化""]",TruthOS seed dataset,belief 信念 BEL_007 需要證明 重大失落中的需要證明盲點 在重大失落中，被需要證明的內在敘事綁住，因此不敢做新的選擇，讓界線變得模糊。 如果不按照需要證明活，我就沒有價值。 需要證明只是舊信念的語氣，不是你的本質。 信念 需要證明 失落 失落 轉化,2026-06-04T10:25:52.059328+00:00,2026-06-04T10:25:52.059328+00:00,[],dialogue,,
tp_bel_081,belief,BEL_007,教養現場中的需要證明盲點,在教養現場中，被需要證明的內在敘事綁住，因此不敢做新的選擇，讓責任位置變得混亂。,如果不按照需要證明活，我就沒有價值。,需要證明只是舊信念的語氣，不是你的本質。,哪個舊故事讓你把需要證明當成唯一答案？,"[""信念"", ""需要證明"", ""教養""]","[""親子"", ""教養""]",TruthOS seed dataset,belief 信念 BEL_007 需要證明 教養現場中的需要證明盲點 在教養現場中，被需要證明的內在敘事綁住，因此不敢做新的選擇，讓責任位置變得混亂。 如果不按照需要證明活，我就沒有價值。 需要證明只是舊信念的語氣，不是你的本質。 信念 需要證明 教養 親子 教養,2026-06-04T10:25:52.059328+00:00,2026-06-04T10:25:52.059328+00:00,[],dialogue,,
tp_bel_082,belief,BEL_007,團隊回饋中的需要證明盲點,在團隊回饋中，被需要證明的內在敘事綁住，因此不敢做新的選擇，使真正的需求被遮住。,如果不按照需要證明活，我就沒有價值。,需要證明只是舊信念的語氣，不是你的本質。,哪個舊故事讓你把需要證明當成唯一答案？,"[""信念"", ""需要證明"", ""回饋""]","[""團隊"", ""回饋""]",TruthOS seed dataset,belief 信念 BEL_007 需要證明 團隊回饋中的需要證明盲點 在團隊回饋中，被需要證明的內在敘事綁住，因此不敢做新的選擇，使真正的需求被遮住。 如果不按照需要證明活，我就沒有價值。 需要證明只是舊信念的語氣，不是你的本質。 信念 需要證明 回饋 團隊 回饋,2026-06-04T10:25:52.059328+00:00,2026-06-04T10:25:52.059328+00:00,[],dialogue,,
tp_bel_083,belief,BEL_007,社群曝光中的需要證明盲點,在社群曝光中，被需要證明的內在敘事綁住，因此不敢做新的選擇，讓反饋失去作用。,如果不按照需要證明活，我就沒有價值。,需要證明只是舊信念的語氣，不是你的本質。,哪個舊故事讓你把需要證明當成唯一答案？,"[""信念"", ""需要證明"", ""社群""]","[""社群"", ""自我價值""]",TruthOS seed dataset,belief 信念 BEL_007 需要證明 社群曝光中的需要證明盲點 在社群曝光中，被需要證明的內在敘事綁住，因此不敢做新的選擇，讓反饋失去作用。 如果不按照需要證明活，我就沒有價值。 需要證明只是舊信念的語氣，不是你的本質。 信念 需要證明 社群 社群 自我價值,2026-06-04T10:25:52.059328+00:00,2026-06-04T10:25:52.059328+00:00,[],dialogue,,
tp_bel_084,belief,BEL_007,家庭對話中的需要證明盲點,在家庭對話中，被需要證明的內在敘事綁住，因此不敢做新的選擇，讓信任開始鬆動。,如果不按照需要證明活，我就沒有價值。,需要證明只是舊信念的語氣，不是你的本質。,哪個舊故事讓你把需要證明當成唯一答案？,"[""信念"", ""需要證明"", ""家庭""]","[""家庭"", ""親子""]",TruthOS seed dataset,belief 信念 BEL_007 需要證明 家庭對話中的需要證明盲點 在家庭對話中，被需要證明的內在敘事綁住，因此不敢做新的選擇，讓信任開始鬆動。 如果不按照需要證明活，我就沒有價值。 需要證明只是舊信念的語氣，不是你的本質。 信念 需要證明 家庭 家庭 親子,2026-06-04T10:25:52.059328+00:00,2026-06-04T10:25:52.059328+00:00,[],dialogue,,
tp_bel_085,belief,BEL_007,伴侶衝突中的需要證明盲點,在伴侶衝突中，被需要證明的內在敘事綁住，因此不敢做新的選擇，讓決定越來越僵硬。,如果不按照需要證明活，我就沒有價值。,需要證明只是舊信念的語氣，不是你的本質。,哪個舊故事讓你把需要證明當成唯一答案？,"[""信念"", ""需要證明"", ""伴侶""]","[""伴侶"", ""界線""]",TruthOS seed dataset,belief 信念 BEL_007 需要證明 伴侶衝突中的需要證明盲點 在伴侶衝突中，被需要證明的內在敘事綁住，因此不敢做新的選擇，讓決定越來越僵硬。 如果不按照需要證明活，我就沒有價值。 需要證明只是舊信念的語氣，不是你的本質。 信念 需要證明 伴侶 伴侶 界線,2026-06-04T10:25:52.059328+00:00,2026-06-04T10:25:52.059328+00:00,[],dialogue,,
tp_bel_086,belief,BEL_007,職場協作中的需要證明盲點,在職場協作中，被需要證明的內在敘事綁住，因此不敢做新的選擇，讓內在更難安定。,如果不按照需要證明活，我就沒有價值。,需要證明只是舊信念的語氣，不是你的本質。,哪個舊故事讓你把需要證明當成唯一答案？,"[""信念"", ""需要證明"", ""職場""]","[""工作"", ""團隊""]",TruthOS seed dataset,belief 信念 BEL_007 需要證明 職場協作中的需要證明盲點 在職場協作中，被需要證明的內在敘事綁住，因此不敢做新的選擇，讓內在更難安定。 如果不按照需要證明活，我就沒有價值。 需要證明只是舊信念的語氣，不是你的本質。 信念 需要證明 職場 工作 團隊,2026-06-04T10:25:52.059328+00:00,2026-06-04T10:25:52.059328+00:00,[],dialogue,,
tp_bel_087,belief,BEL_007,領導決策中的需要證明盲點,在領導決策中，被需要證明的內在敘事綁住，因此不敢做新的選擇，使互動落入重複循環。,如果不按照需要證明活，我就沒有價值。,需要證明只是舊信念的語氣，不是你的本質。,哪個舊故事讓你把需要證明當成唯一答案？,"[""信念"", ""需要證明"", ""領導""]","[""領導"", ""決策""]",TruthOS seed dataset,belief 信念 BEL_007 需要證明 領導決策中的需要證明盲點 在領導決策中，被需要證明的內在敘事綁住，因此不敢做新的選擇，使互動落入重複循環。 如果不按照需要證明活，我就沒有價值。 需要證明只是舊信念的語氣，不是你的本質。 信念 需要證明 領導 領導 決策,2026-06-04T10:25:52.059328+00:00,2026-06-04T10:25:52.059328+00:00,[],dialogue,,
tp_bel_088,belief,BEL_007,朋友互動中的需要證明盲點,在朋友互動中，被需要證明的內在敘事綁住，因此不敢做新的選擇，讓看見真相的空間縮小。,如果不按照需要證明活，我就沒有價值。,需要證明只是舊信念的語氣，不是你的本質。,哪個舊故事讓你把需要證明當成唯一答案？,"[""信念"", ""需要證明"", ""友誼""]","[""友誼"", ""界線""]",TruthOS seed dataset,belief 信念 BEL_007 需要證明 朋友互動中的需要證明盲點 在朋友互動中，被需要證明的內在敘事綁住，因此不敢做新的選擇，讓看見真相的空間縮小。 如果不按照需要證明活，我就沒有價值。 需要證明只是舊信念的語氣，不是你的本質。 信念 需要證明 友誼 友誼 界線,2026-06-04T10:25:52.059328+00:00,2026-06-04T10:25:52.059328+00:00,[],dialogue,,
tp_bel_089,belief,BEL_008,創作卡關中的改變很危險盲點,在創作卡關中，被改變很危險的內在敘事綁住，因此不敢做新的選擇，讓支持變成壓力。,如果不按照改變很危險活，我就沒有價值。,改變很危險只是舊信念的語氣，不是你的本質。,哪個舊故事讓你把改變很危險當成唯一答案？,"[""信念"", ""改變很危險"", ""創作""]","[""創作"", ""表達""]",TruthOS seed dataset,belief 信念 BEL_008 改變很危險 創作卡關中的改變很危險盲點 在創作卡關中，被改變很危險的內在敘事綁住，因此不敢做新的選擇，讓支持變成壓力。 如果不按照改變很危險活，我就沒有價值。 改變很危險只是舊信念的語氣，不是你的本質。 信念 改變很危險 創作 創作 表達,2026-06-04T10:25:52.059328+00:00,2026-06-04T10:25:52.059328+00:00,[],dialogue,,
tp_bel_090,belief,BEL_008,靈性實踐中的改變很危險盲點,在靈性實踐中，被改變很危險的內在敘事綁住，因此不敢做新的選擇，讓改變停在表面。,如果不按照改變很危險活，我就沒有價值。,改變很危險只是舊信念的語氣，不是你的本質。,哪個舊故事讓你把改變很危險當成唯一答案？,"[""信念"", ""改變很危險"", ""靈性""]","[""靈性"", ""自我觀察""]",TruthOS seed dataset,belief 信念 BEL_008 改變很危險 靈性實踐中的改變很危險盲點 在靈性實踐中，被改變很危險的內在敘事綁住，因此不敢做新的選擇，讓改變停在表面。 如果不按照改變很危險活，我就沒有價值。 改變很危險只是舊信念的語氣，不是你的本質。 信念 改變很危險 靈性 靈性 自我觀察,2026-06-04T10:25:52.059328+00:00,2026-06-04T10:25:52.059328+00:00,[],dialogue,,
tp_bel_091,belief,BEL_008,重大失落中的改變很危險盲點,在重大失落中，被改變很危險的內在敘事綁住，因此不敢做新的選擇，讓資源交換變得扭曲。,如果不按照改變很危險活，我就沒有價值。,改變很危險只是舊信念的語氣，不是你的本質。,哪個舊故事讓你把改變很危險當成唯一答案？,"[""信念"", ""改變很危險"", ""失落""]","[""失落"", ""轉化""]",TruthOS seed dataset,belief 信念 BEL_008 改變很危險 重大失落中的改變很危險盲點 在重大失落中，被改變很危險的內在敘事綁住，因此不敢做新的選擇，讓資源交換變得扭曲。 如果不按照改變很危險活，我就沒有價值。 改變很危險只是舊信念的語氣，不是你的本質。 信念 改變很危險 失落 失落 轉化,2026-06-04T10:25:52.059328+00:00,2026-06-04T10:25:52.059328+00:00,[],dialogue,,
tp_bel_092,belief,BEL_008,教養現場中的改變很危險盲點,在教養現場中，被改變很危險的內在敘事綁住，因此不敢做新的選擇，讓對話逐漸失衡。,如果不按照改變很危險活，我就沒有價值。,改變很危險只是舊信念的語氣，不是你的本質。,哪個舊故事讓你把改變很危險當成唯一答案？,"[""信念"", ""改變很危險"", ""教養""]","[""親子"", ""教養""]",TruthOS seed dataset,belief 信念 BEL_008 改變很危險 教養現場中的改變很危險盲點 在教養現場中，被改變很危險的內在敘事綁住，因此不敢做新的選擇，讓對話逐漸失衡。 如果不按照改變很危險活，我就沒有價值。 改變很危險只是舊信念的語氣，不是你的本質。 信念 改變很危險 教養 親子 教養,2026-06-04T10:25:52.059328+00:00,2026-06-04T10:25:52.059328+00:00,[],dialogue,,
tp_bel_093,belief,BEL_008,團隊回饋中的改變很危險盲點,在團隊回饋中，被改變很危險的內在敘事綁住，因此不敢做新的選擇，讓界線變得模糊。,如果不按照改變很危險活，我就沒有價值。,改變很危險只是舊信念的語氣，不是你的本質。,哪個舊故事讓你把改變很危險當成唯一答案？,"[""信念"", ""改變很危險"", ""回饋""]","[""團隊"", ""回饋""]",TruthOS seed dataset,belief 信念 BEL_008 改變很危險 團隊回饋中的改變很危險盲點 在團隊回饋中，被改變很危險的內在敘事綁住，因此不敢做新的選擇，讓界線變得模糊。 如果不按照改變很危險活，我就沒有價值。 改變很危險只是舊信念的語氣，不是你的本質。 信念 改變很危險 回饋 團隊 回饋,2026-06-04T10:25:52.059328+00:00,2026-06-04T10:25:52.059328+00:00,[],dialogue,,
tp_bel_094,belief,BEL_008,社群曝光中的改變很危險盲點,在社群曝光中，被改變很危險的內在敘事綁住，因此不敢做新的選擇，讓責任位置變得混亂。,如果不按照改變很危險活，我就沒有價值。,改變很危險只是舊信念的語氣，不是你的本質。,哪個舊故事讓你把改變很危險當成唯一答案？,"[""信念"", ""改變很危險"", ""社群""]","[""社群"", ""自我價值""]",TruthOS seed dataset,belief 信念 BEL_008 改變很危險 社群曝光中的改變很危險盲點 在社群曝光中，被改變很危險的內在敘事綁住，因此不敢做新的選擇，讓責任位置變得混亂。 如果不按照改變很危險活，我就沒有價值。 改變很危險只是舊信念的語氣，不是你的本質。 信念 改變很危險 社群 社群 自我價值,2026-06-04T10:25:52.059328+00:00,2026-06-04T10:25:52.059328+00:00,[],dialogue,,
tp_bel_095,belief,BEL_008,家庭對話中的改變很危險盲點,在家庭對話中，被改變很危險的內在敘事綁住，因此不敢做新的選擇，使真正的需求被遮住。,如果不按照改變很危險活，我就沒有價值。,改變很危險只是舊信念的語氣，不是你的本質。,哪個舊故事讓你把改變很危險當成唯一答案？,"[""信念"", ""改變很危險"", ""家庭""]","[""家庭"", ""親子""]",TruthOS seed dataset,belief 信念 BEL_008 改變很危險 家庭對話中的改變很危險盲點 在家庭對話中，被改變很危險的內在敘事綁住，因此不敢做新的選擇，使真正的需求被遮住。 如果不按照改變很危險活，我就沒有價值。 改變很危險只是舊信念的語氣，不是你的本質。 信念 改變很危險 家庭 家庭 親子,2026-06-04T10:25:52.059328+00:00,2026-06-04T10:25:52.059328+00:00,[],dialogue,,
tp_bel_096,belief,BEL_008,伴侶衝突中的改變很危險盲點,在伴侶衝突中，被改變很危險的內在敘事綁住，因此不敢做新的選擇，讓反饋失去作用。,如果不按照改變很危險活，我就沒有價值。,改變很危險只是舊信念的語氣，不是你的本質。,哪個舊故事讓你把改變很危險當成唯一答案？,"[""信念"", ""改變很危險"", ""伴侶""]","[""伴侶"", ""界線""]",TruthOS seed dataset,belief 信念 BEL_008 改變很危險 伴侶衝突中的改變很危險盲點 在伴侶衝突中，被改變很危險的內在敘事綁住，因此不敢做新的選擇，讓反饋失去作用。 如果不按照改變很危險活，我就沒有價值。 改變很危險只是舊信念的語氣，不是你的本質。 信念 改變很危險 伴侶 伴侶 界線,2026-06-04T10:25:52.059328+00:00,2026-06-04T10:25:52.059328+00:00,[],dialogue,,
tp_bel_097,belief,BEL_008,職場協作中的改變很危險盲點,在職場協作中，被改變很危險的內在敘事綁住，因此不敢做新的選擇，讓信任開始鬆動。,如果不按照改變很危險活，我就沒有價值。,改變很危險只是舊信念的語氣，不是你的本質。,哪個舊故事讓你把改變很危險當成唯一答案？,"[""信念"", ""改變很危險"", ""職場""]","[""工作"", ""團隊""]",TruthOS seed dataset,belief 信念 BEL_008 改變很危險 職場協作中的改變很危險盲點 在職場協作中，被改變很危險的內在敘事綁住，因此不敢做新的選擇，讓信任開始鬆動。 如果不按照改變很危險活，我就沒有價值。 改變很危險只是舊信念的語氣，不是你的本質。 信念 改變很危險 職場 工作 團隊,2026-06-04T10:25:52.059328+00:00,2026-06-04T10:25:52.059328+00:00,[],dialogue,,
tp_bel_098,belief,BEL_008,領導決策中的改變很危險盲點,在領導決策中，被改變很危險的內在敘事綁住，因此不敢做新的選擇，讓決定越來越僵硬。,如果不按照改變很危險活，我就沒有價值。,改變很危險只是舊信念的語氣，不是你的本質。,哪個舊故事讓你把改變很危險當成唯一答案？,"[""信念"", ""改變很危險"", ""領導""]","[""領導"", ""決策""]",TruthOS seed dataset,belief 信念 BEL_008 改變很危險 領導決策中的改變很危險盲點 在領導決策中，被改變很危險的內在敘事綁住，因此不敢做新的選擇，讓決定越來越僵硬。 如果不按照改變很危險活，我就沒有價值。 改變很危險只是舊信念的語氣，不是你的本質。 信念 改變很危險 領導 領導 決策,2026-06-04T10:25:52.059328+00:00,2026-06-04T10:25:52.059328+00:00,[],dialogue,,
tp_bel_099,belief,BEL_008,朋友互動中的改變很危險盲點,在朋友互動中，被改變很危險的內在敘事綁住，因此不敢做新的選擇，讓內在更難安定。,如果不按照改變很危險活，我就沒有價值。,改變很危險只是舊信念的語氣，不是你的本質。,哪個舊故事讓你把改變很危險當成唯一答案？,"[""信念"", ""改變很危險"", ""友誼""]","[""友誼"", ""界線""]",TruthOS seed dataset,belief 信念 BEL_008 改變很危險 朋友互動中的改變很危險盲點 在朋友互動中，被改變很危險的內在敘事綁住，因此不敢做新的選擇，讓內在更難安定。 如果不按照改變很危險活，我就沒有價值。 改變很危險只是舊信念的語氣，不是你的本質。 信念 改變很危險 友誼 友誼 界線,2026-06-04T10:25:52.059328+00:00,2026-06-04T10:25:52.059328+00:00,[],dialogue,,
tp_bel_100,belief,BEL_008,金錢選擇中的改變很危險盲點,在金錢選擇中，被改變很危險的內在敘事綁住，因此不敢做新的選擇，使互動落入重複循環。,如果不按照改變很危險活，我就沒有價值。,改變很危險只是舊信念的語氣，不是你的本質。,哪個舊故事讓你把改變很危險當成唯一答案？,"[""信念"", ""改變很危險"", ""金錢""]","[""金錢"", ""價值""]",TruthOS seed dataset,belief 信念 BEL_008 改變很危險 金錢選擇中的改變很危險盲點 在金錢選擇中，被改變很危險的內在敘事綁住，因此不敢做新的選擇，使互動落入重複循環。 如果不按照改變很危險活，我就沒有價值。 改變很危險只是舊信念的語氣，不是你的本質。 信念 改變很危險 金錢 金錢 價值,2026-06-04T10:25:52.059328+00:00,2026-06-04T10:25:52.059328+00:00,[],dialogue,,
tp_evo_001,evolution,EVO_001,家庭對話中的重複課題盲點,在家庭對話中，持續用重複課題看待成長，於是重複同一個課題，讓對話逐漸失衡。,我必須透過重複課題，才算真的在成長。,成長來自整合，不來自反覆抓住重複課題。,如果不再重演重複課題，下一步成熟會是什麼？,"[""進化"", ""重複課題"", ""家庭""]","[""家庭"", ""親子""]",TruthOS seed dataset,evolution 進化 EVO_001 重複課題 家庭對話中的重複課題盲點 在家庭對話中，持續用重複課題看待成長，於是重複同一個課題，讓對話逐漸失衡。 我必須透過重複課題，才算真的在成長。 成長來自整合，不來自反覆抓住重複課題。 進化 重複課題 家庭 家庭 親子,2026-06-04T10:25:52.059328+00:00,2026-06-04T10:25:52.059328+00:00,[],dialogue,,
tp_evo_002,evolution,EVO_001,伴侶衝突中的重複課題盲點,在伴侶衝突中，持續用重複課題看待成長，於是重複同一個課題，讓界線變得模糊。,我必須透過重複課題，才算真的在成長。,成長來自整合，不來自反覆抓住重複課題。,如果不再重演重複課題，下一步成熟會是什麼？,"[""進化"", ""重複課題"", ""伴侶""]","[""伴侶"", ""界線""]",TruthOS seed dataset,evolution 進化 EVO_001 重複課題 伴侶衝突中的重複課題盲點 在伴侶衝突中，持續用重複課題看待成長，於是重複同一個課題，讓界線變得模糊。 我必須透過重複課題，才算真的在成長。 成長來自整合，不來自反覆抓住重複課題。 進化 重複課題 伴侶 伴侶 界線,2026-06-04T10:25:52.059328+00:00,2026-06-04T10:25:52.059328+00:00,[],dialogue,,
tp_evo_003,evolution,EVO_001,職場協作中的重複課題盲點,在職場協作中，持續用重複課題看待成長，於是重複同一個課題，讓責任位置變得混亂。,我必須透過重複課題，才算真的在成長。,成長來自整合，不來自反覆抓住重複課題。,如果不再重演重複課題，下一步成熟會是什麼？,"[""進化"", ""重複課題"", ""職場""]","[""工作"", ""團隊""]",TruthOS seed dataset,evolution 進化 EVO_001 重複課題 職場協作中的重複課題盲點 在職場協作中，持續用重複課題看待成長，於是重複同一個課題，讓責任位置變得混亂。 我必須透過重複課題，才算真的在成長。 成長來自整合，不來自反覆抓住重複課題。 進化 重複課題 職場 工作 團隊,2026-06-04T10:25:52.059328+00:00,2026-06-04T10:25:52.059328+00:00,[],dialogue,,
tp_evo_004,evolution,EVO_001,領導決策中的重複課題盲點,在領導決策中，持續用重複課題看待成長，於是重複同一個課題，使真正的需求被遮住。,我必須透過重複課題，才算真的在成長。,成長來自整合，不來自反覆抓住重複課題。,如果不再重演重複課題，下一步成熟會是什麼？,"[""進化"", ""重複課題"", ""領導""]","[""領導"", ""決策""]",TruthOS seed dataset,evolution 進化 EVO_001 重複課題 領導決策中的重複課題盲點 在領導決策中，持續用重複課題看待成長，於是重複同一個課題，使真正的需求被遮住。 我必須透過重複課題，才算真的在成長。 成長來自整合，不來自反覆抓住重複課題。 進化 重複課題 領導 領導 決策,2026-06-04T10:25:52.059328+00:00,2026-06-04T10:25:52.059328+00:00,[],dialogue,,
tp_evo_005,evolution,EVO_001,朋友互動中的重複課題盲點,在朋友互動中，持續用重複課題看待成長，於是重複同一個課題，讓反饋失去作用。,我必須透過重複課題，才算真的在成長。,成長來自整合，不來自反覆抓住重複課題。,如果不再重演重複課題，下一步成熟會是什麼？,"[""進化"", ""重複課題"", ""友誼""]","[""友誼"", ""界線""]",TruthOS seed dataset,evolution 進化 EVO_001 重複課題 朋友互動中的重複課題盲點 在朋友互動中，持續用重複課題看待成長，於是重複同一個課題，讓反饋失去作用。 我必須透過重複課題，才算真的在成長。 成長來自整合，不來自反覆抓住重複課題。 進化 重複課題 友誼 友誼 界線,2026-06-04T10:25:52.059328+00:00,2026-06-04T10:25:52.059328+00:00,[],dialogue,,
tp_evo_006,evolution,EVO_001,金錢選擇中的重複課題盲點,在金錢選擇中，持續用重複課題看待成長，於是重複同一個課題，讓信任開始鬆動。,我必須透過重複課題，才算真的在成長。,成長來自整合，不來自反覆抓住重複課題。,如果不再重演重複課題，下一步成熟會是什麼？,"[""進化"", ""重複課題"", ""金錢""]","[""金錢"", ""價值""]",TruthOS seed dataset,evolution 進化 EVO_001 重複課題 金錢選擇中的重複課題盲點 在金錢選擇中，持續用重複課題看待成長，於是重複同一個課題，讓信任開始鬆動。 我必須透過重複課題，才算真的在成長。 成長來自整合，不來自反覆抓住重複課題。 進化 重複課題 金錢 金錢 價值,2026-06-04T10:25:52.059328+00:00,2026-06-04T10:25:52.059328+00:00,[],dialogue,,
tp_evo_007,evolution,EVO_001,健康壓力中的重複課題盲點,在健康壓力中，持續用重複課題看待成長，於是重複同一個課題，讓決定越來越僵硬。,我必須透過重複課題，才算真的在成長。,成長來自整合，不來自反覆抓住重複課題。,如果不再重演重複課題，下一步成熟會是什麼？,"[""進化"", ""重複課題"", ""健康""]","[""健康"", ""壓力""]",TruthOS seed dataset,evolution 進化 EVO_001 重複課題 健康壓力中的重複課題盲點 在健康壓力中，持續用重複課題看待成長，於是重複同一個課題，讓決定越來越僵硬。 我必須透過重複課題，才算真的在成長。 成長來自整合，不來自反覆抓住重複課題。 進化 重複課題 健康 健康 壓力,2026-06-04T10:25:52.059328+00:00,2026-06-04T10:25:52.059328+00:00,[],dialogue,,
tp_evo_008,evolution,EVO_001,創作卡關中的重複課題盲點,在創作卡關中，持續用重複課題看待成長，於是重複同一個課題，讓內在更難安定。,我必須透過重複課題，才算真的在成長。,成長來自整合，不來自反覆抓住重複課題。,如果不再重演重複課題，下一步成熟會是什麼？,"[""進化"", ""重複課題"", ""創作""]","[""創作"", ""表達""]",TruthOS seed dataset,evolution 進化 EVO_001 重複課題 創作卡關中的重複課題盲點 在創作卡關中，持續用重複課題看待成長，於是重複同一個課題，讓內在更難安定。 我必須透過重複課題，才算真的在成長。 成長來自整合，不來自反覆抓住重複課題。 進化 重複課題 創作 創作 表達,2026-06-04T10:25:52.059328+00:00,2026-06-04T10:25:52.059328+00:00,[],dialogue,,
tp_evo_009,evolution,EVO_001,靈性實踐中的重複課題盲點,在靈性實踐中，持續用重複課題看待成長，於是重複同一個課題，使互動落入重複循環。,我必須透過重複課題，才算真的在成長。,成長來自整合，不來自反覆抓住重複課題。,如果不再重演重複課題，下一步成熟會是什麼？,"[""進化"", ""重複課題"", ""靈性""]","[""靈性"", ""自我觀察""]",TruthOS seed dataset,evolution 進化 EVO_001 重複課題 靈性實踐中的重複課題盲點 在靈性實踐中，持續用重複課題看待成長，於是重複同一個課題，使互動落入重複循環。 我必須透過重複課題，才算真的在成長。 成長來自整合，不來自反覆抓住重複課題。 進化 重複課題 靈性 靈性 自我觀察,2026-06-04T10:25:52.059328+00:00,2026-06-04T10:25:52.059328+00:00,[],dialogue,,
tp_evo_010,evolution,EVO_001,重大失落中的重複課題盲點,在重大失落中，持續用重複課題看待成長，於是重複同一個課題，讓看見真相的空間縮小。,我必須透過重複課題，才算真的在成長。,成長來自整合，不來自反覆抓住重複課題。,如果不再重演重複課題，下一步成熟會是什麼？,"[""進化"", ""重複課題"", ""失落""]","[""失落"", ""轉化""]",TruthOS seed dataset,evolution 進化 EVO_001 重複課題 重大失落中的重複課題盲點 在重大失落中，持續用重複課題看待成長，於是重複同一個課題，讓看見真相的空間縮小。 我必須透過重複課題，才算真的在成長。 成長來自整合，不來自反覆抓住重複課題。 進化 重複課題 失落 失落 轉化,2026-06-04T10:25:52.059328+00:00,2026-06-04T10:25:52.059328+00:00,[],dialogue,,
tp_evo_011,evolution,EVO_001,教養現場中的重複課題盲點,在教養現場中，持續用重複課題看待成長，於是重複同一個課題，讓支持變成壓力。,我必須透過重複課題，才算真的在成長。,成長來自整合，不來自反覆抓住重複課題。,如果不再重演重複課題，下一步成熟會是什麼？,"[""進化"", ""重複課題"", ""教養""]","[""親子"", ""教養""]",TruthOS seed dataset,evolution 進化 EVO_001 重複課題 教養現場中的重複課題盲點 在教養現場中，持續用重複課題看待成長，於是重複同一個課題，讓支持變成壓力。 我必須透過重複課題，才算真的在成長。 成長來自整合，不來自反覆抓住重複課題。 進化 重複課題 教養 親子 教養,2026-06-04T10:25:52.059328+00:00,2026-06-04T10:25:52.059328+00:00,[],dialogue,,
tp_evo_012,evolution,EVO_001,團隊回饋中的重複課題盲點,在團隊回饋中，持續用重複課題看待成長，於是重複同一個課題，讓改變停在表面。,我必須透過重複課題，才算真的在成長。,成長來自整合，不來自反覆抓住重複課題。,如果不再重演重複課題，下一步成熟會是什麼？,"[""進化"", ""重複課題"", ""回饋""]","[""團隊"", ""回饋""]",TruthOS seed dataset,evolution 進化 EVO_001 重複課題 團隊回饋中的重複課題盲點 在團隊回饋中，持續用重複課題看待成長，於是重複同一個課題，讓改變停在表面。 我必須透過重複課題，才算真的在成長。 成長來自整合，不來自反覆抓住重複課題。 進化 重複課題 回饋 團隊 回饋,2026-06-04T10:25:52.059328+00:00,2026-06-04T10:25:52.059328+00:00,[],dialogue,,
tp_evo_013,evolution,EVO_001,社群曝光中的重複課題盲點,在社群曝光中，持續用重複課題看待成長，於是重複同一個課題，讓資源交換變得扭曲。,我必須透過重複課題，才算真的在成長。,成長來自整合，不來自反覆抓住重複課題。,如果不再重演重複課題，下一步成熟會是什麼？,"[""進化"", ""重複課題"", ""社群""]","[""社群"", ""自我價值""]",TruthOS seed dataset,evolution 進化 EVO_001 重複課題 社群曝光中的重複課題盲點 在社群曝光中，持續用重複課題看待成長，於是重複同一個課題，讓資源交換變得扭曲。 我必須透過重複課題，才算真的在成長。 成長來自整合，不來自反覆抓住重複課題。 進化 重複課題 社群 社群 自我價值,2026-06-04T10:25:52.059328+00:00,2026-06-04T10:25:52.059328+00:00,[],dialogue,,
tp_evo_014,evolution,EVO_002,伴侶衝突中的抗拒改變盲點,在伴侶衝突中，持續用抗拒改變看待成長，於是重複同一個課題，讓對話逐漸失衡。,我必須透過抗拒改變，才算真的在成長。,成長來自整合，不來自反覆抓住抗拒改變。,如果不再重演抗拒改變，下一步成熟會是什麼？,"[""進化"", ""抗拒改變"", ""伴侶""]","[""伴侶"", ""界線""]",TruthOS seed dataset,evolution 進化 EVO_002 抗拒改變 伴侶衝突中的抗拒改變盲點 在伴侶衝突中，持續用抗拒改變看待成長，於是重複同一個課題，讓對話逐漸失衡。 我必須透過抗拒改變，才算真的在成長。 成長來自整合，不來自反覆抓住抗拒改變。 進化 抗拒改變 伴侶 伴侶 界線,2026-06-04T10:25:52.059328+00:00,2026-06-04T10:25:52.059328+00:00,[],dialogue,,
tp_evo_015,evolution,EVO_002,職場協作中的抗拒改變盲點,在職場協作中，持續用抗拒改變看待成長，於是重複同一個課題，讓界線變得模糊。,我必須透過抗拒改變，才算真的在成長。,成長來自整合，不來自反覆抓住抗拒改變。,如果不再重演抗拒改變，下一步成熟會是什麼？,"[""進化"", ""抗拒改變"", ""職場""]","[""工作"", ""團隊""]",TruthOS seed dataset,evolution 進化 EVO_002 抗拒改變 職場協作中的抗拒改變盲點 在職場協作中，持續用抗拒改變看待成長，於是重複同一個課題，讓界線變得模糊。 我必須透過抗拒改變，才算真的在成長。 成長來自整合，不來自反覆抓住抗拒改變。 進化 抗拒改變 職場 工作 團隊,2026-06-04T10:25:52.059328+00:00,2026-06-04T10:25:52.059328+00:00,[],dialogue,,
tp_evo_016,evolution,EVO_002,領導決策中的抗拒改變盲點,在領導決策中，持續用抗拒改變看待成長，於是重複同一個課題，讓責任位置變得混亂。,我必須透過抗拒改變，才算真的在成長。,成長來自整合，不來自反覆抓住抗拒改變。,如果不再重演抗拒改變，下一步成熟會是什麼？,"[""進化"", ""抗拒改變"", ""領導""]","[""領導"", ""決策""]",TruthOS seed dataset,evolution 進化 EVO_002 抗拒改變 領導決策中的抗拒改變盲點 在領導決策中，持續用抗拒改變看待成長，於是重複同一個課題，讓責任位置變得混亂。 我必須透過抗拒改變，才算真的在成長。 成長來自整合，不來自反覆抓住抗拒改變。 進化 抗拒改變 領導 領導 決策,2026-06-04T10:25:52.059328+00:00,2026-06-04T10:25:52.059328+00:00,[],dialogue,,
tp_evo_017,evolution,EVO_002,朋友互動中的抗拒改變盲點,在朋友互動中，持續用抗拒改變看待成長，於是重複同一個課題，使真正的需求被遮住。,我必須透過抗拒改變，才算真的在成長。,成長來自整合，不來自反覆抓住抗拒改變。,如果不再重演抗拒改變，下一步成熟會是什麼？,"[""進化"", ""抗拒改變"", ""友誼""]","[""友誼"", ""界線""]",TruthOS seed dataset,evolution 進化 EVO_002 抗拒改變 朋友互動中的抗拒改變盲點 在朋友互動中，持續用抗拒改變看待成長，於是重複同一個課題，使真正的需求被遮住。 我必須透過抗拒改變，才算真的在成長。 成長來自整合，不來自反覆抓住抗拒改變。 進化 抗拒改變 友誼 友誼 界線,2026-06-04T10:25:52.059328+00:00,2026-06-04T10:25:52.059328+00:00,[],dialogue,,
tp_evo_018,evolution,EVO_002,金錢選擇中的抗拒改變盲點,在金錢選擇中，持續用抗拒改變看待成長，於是重複同一個課題，讓反饋失去作用。,我必須透過抗拒改變，才算真的在成長。,成長來自整合，不來自反覆抓住抗拒改變。,如果不再重演抗拒改變，下一步成熟會是什麼？,"[""進化"", ""抗拒改變"", ""金錢""]","[""金錢"", ""價值""]",TruthOS seed dataset,evolution 進化 EVO_002 抗拒改變 金錢選擇中的抗拒改變盲點 在金錢選擇中，持續用抗拒改變看待成長，於是重複同一個課題，讓反饋失去作用。 我必須透過抗拒改變，才算真的在成長。 成長來自整合，不來自反覆抓住抗拒改變。 進化 抗拒改變 金錢 金錢 價值,2026-06-04T10:25:52.059328+00:00,2026-06-04T10:25:52.059328+00:00,[],dialogue,,
tp_evo_019,evolution,EVO_002,健康壓力中的抗拒改變盲點,在健康壓力中，持續用抗拒改變看待成長，於是重複同一個課題，讓信任開始鬆動。,我必須透過抗拒改變，才算真的在成長。,成長來自整合，不來自反覆抓住抗拒改變。,如果不再重演抗拒改變，下一步成熟會是什麼？,"[""進化"", ""抗拒改變"", ""健康""]","[""健康"", ""壓力""]",TruthOS seed dataset,evolution 進化 EVO_002 抗拒改變 健康壓力中的抗拒改變盲點 在健康壓力中，持續用抗拒改變看待成長，於是重複同一個課題，讓信任開始鬆動。 我必須透過抗拒改變，才算真的在成長。 成長來自整合，不來自反覆抓住抗拒改變。 進化 抗拒改變 健康 健康 壓力,2026-06-04T10:25:52.059328+00:00,2026-06-04T10:25:52.059328+00:00,[],dialogue,,
tp_evo_020,evolution,EVO_002,創作卡關中的抗拒改變盲點,在創作卡關中，持續用抗拒改變看待成長，於是重複同一個課題，讓決定越來越僵硬。,我必須透過抗拒改變，才算真的在成長。,成長來自整合，不來自反覆抓住抗拒改變。,如果不再重演抗拒改變，下一步成熟會是什麼？,"[""進化"", ""抗拒改變"", ""創作""]","[""創作"", ""表達""]",TruthOS seed dataset,evolution 進化 EVO_002 抗拒改變 創作卡關中的抗拒改變盲點 在創作卡關中，持續用抗拒改變看待成長，於是重複同一個課題，讓決定越來越僵硬。 我必須透過抗拒改變，才算真的在成長。 成長來自整合，不來自反覆抓住抗拒改變。 進化 抗拒改變 創作 創作 表達,2026-06-04T10:25:52.059328+00:00,2026-06-04T10:25:52.059328+00:00,[],dialogue,,
tp_evo_021,evolution,EVO_002,靈性實踐中的抗拒改變盲點,在靈性實踐中，持續用抗拒改變看待成長，於是重複同一個課題，讓內在更難安定。,我必須透過抗拒改變，才算真的在成長。,成長來自整合，不來自反覆抓住抗拒改變。,如果不再重演抗拒改變，下一步成熟會是什麼？,"[""進化"", ""抗拒改變"", ""靈性""]","[""靈性"", ""自我觀察""]",TruthOS seed dataset,evolution 進化 EVO_002 抗拒改變 靈性實踐中的抗拒改變盲點 在靈性實踐中，持續用抗拒改變看待成長，於是重複同一個課題，讓內在更難安定。 我必須透過抗拒改變，才算真的在成長。 成長來自整合，不來自反覆抓住抗拒改變。 進化 抗拒改變 靈性 靈性 自我觀察,2026-06-04T10:25:52.059328+00:00,2026-06-04T10:25:52.059328+00:00,[],dialogue,,
tp_evo_022,evolution,EVO_002,重大失落中的抗拒改變盲點,在重大失落中，持續用抗拒改變看待成長，於是重複同一個課題，使互動落入重複循環。,我必須透過抗拒改變，才算真的在成長。,成長來自整合，不來自反覆抓住抗拒改變。,如果不再重演抗拒改變，下一步成熟會是什麼？,"[""進化"", ""抗拒改變"", ""失落""]","[""失落"", ""轉化""]",TruthOS seed dataset,evolution 進化 EVO_002 抗拒改變 重大失落中的抗拒改變盲點 在重大失落中，持續用抗拒改變看待成長，於是重複同一個課題，使互動落入重複循環。 我必須透過抗拒改變，才算真的在成長。 成長來自整合，不來自反覆抓住抗拒改變。 進化 抗拒改變 失落 失落 轉化,2026-06-04T10:25:52.059328+00:00,2026-06-04T10:25:52.059328+00:00,[],dialogue,,
tp_evo_023,evolution,EVO_002,教養現場中的抗拒改變盲點,在教養現場中，持續用抗拒改變看待成長，於是重複同一個課題，讓看見真相的空間縮小。,我必須透過抗拒改變，才算真的在成長。,成長來自整合，不來自反覆抓住抗拒改變。,如果不再重演抗拒改變，下一步成熟會是什麼？,"[""進化"", ""抗拒改變"", ""教養""]","[""親子"", ""教養""]",TruthOS seed dataset,evolution 進化 EVO_002 抗拒改變 教養現場中的抗拒改變盲點 在教養現場中，持續用抗拒改變看待成長，於是重複同一個課題，讓看見真相的空間縮小。 我必須透過抗拒改變，才算真的在成長。 成長來自整合，不來自反覆抓住抗拒改變。 進化 抗拒改變 教養 親子 教養,2026-06-04T10:25:52.059328+00:00,2026-06-04T10:25:52.059328+00:00,[],dialogue,,
tp_evo_024,evolution,EVO_002,團隊回饋中的抗拒改變盲點,在團隊回饋中，持續用抗拒改變看待成長，於是重複同一個課題，讓支持變成壓力。,我必須透過抗拒改變，才算真的在成長。,成長來自整合，不來自反覆抓住抗拒改變。,如果不再重演抗拒改變，下一步成熟會是什麼？,"[""進化"", ""抗拒改變"", ""回饋""]","[""團隊"", ""回饋""]",TruthOS seed dataset,evolution 進化 EVO_002 抗拒改變 團隊回饋中的抗拒改變盲點 在團隊回饋中，持續用抗拒改變看待成長，於是重複同一個課題，讓支持變成壓力。 我必須透過抗拒改變，才算真的在成長。 成長來自整合，不來自反覆抓住抗拒改變。 進化 抗拒改變 回饋 團隊 回饋,2026-06-04T10:25:52.059328+00:00,2026-06-04T10:25:52.059328+00:00,[],dialogue,,
tp_evo_025,evolution,EVO_002,社群曝光中的抗拒改變盲點,在社群曝光中，持續用抗拒改變看待成長，於是重複同一個課題，讓改變停在表面。,我必須透過抗拒改變，才算真的在成長。,成長來自整合，不來自反覆抓住抗拒改變。,如果不再重演抗拒改變，下一步成熟會是什麼？,"[""進化"", ""抗拒改變"", ""社群""]","[""社群"", ""自我價值""]",TruthOS seed dataset,evolution 進化 EVO_002 抗拒改變 社群曝光中的抗拒改變盲點 在社群曝光中，持續用抗拒改變看待成長，於是重複同一個課題，讓改變停在表面。 我必須透過抗拒改變，才算真的在成長。 成長來自整合，不來自反覆抓住抗拒改變。 進化 抗拒改變 社群 社群 自我價值,2026-06-04T10:25:52.059328+00:00,2026-06-04T10:25:52.059328+00:00,[],dialogue,,
tp_evo_026,evolution,EVO_002,家庭對話中的抗拒改變盲點,在家庭對話中，持續用抗拒改變看待成長，於是重複同一個課題，讓資源交換變得扭曲。,我必須透過抗拒改變，才算真的在成長。,成長來自整合，不來自反覆抓住抗拒改變。,如果不再重演抗拒改變，下一步成熟會是什麼？,"[""進化"", ""抗拒改變"", ""家庭""]","[""家庭"", ""親子""]",TruthOS seed dataset,evolution 進化 EVO_002 抗拒改變 家庭對話中的抗拒改變盲點 在家庭對話中，持續用抗拒改變看待成長，於是重複同一個課題，讓資源交換變得扭曲。 我必須透過抗拒改變，才算真的在成長。 成長來自整合，不來自反覆抓住抗拒改變。 進化 抗拒改變 家庭 家庭 親子,2026-06-04T10:25:52.059328+00:00,2026-06-04T10:25:52.059328+00:00,[],dialogue,,
tp_evo_027,evolution,EVO_003,職場協作中的停留舒適圈盲點,在職場協作中，持續用停留舒適圈看待成長，於是重複同一個課題，讓對話逐漸失衡。,我必須透過停留舒適圈，才算真的在成長。,成長來自整合，不來自反覆抓住停留舒適圈。,如果不再重演停留舒適圈，下一步成熟會是什麼？,"[""進化"", ""停留舒適圈"", ""職場""]","[""工作"", ""團隊""]",TruthOS seed dataset,evolution 進化 EVO_003 停留舒適圈 職場協作中的停留舒適圈盲點 在職場協作中，持續用停留舒適圈看待成長，於是重複同一個課題，讓對話逐漸失衡。 我必須透過停留舒適圈，才算真的在成長。 成長來自整合，不來自反覆抓住停留舒適圈。 進化 停留舒適圈 職場 工作 團隊,2026-06-04T10:25:52.059328+00:00,2026-06-04T10:25:52.059328+00:00,[],dialogue,,
tp_evo_028,evolution,EVO_003,領導決策中的停留舒適圈盲點,在領導決策中，持續用停留舒適圈看待成長，於是重複同一個課題，讓界線變得模糊。,我必須透過停留舒適圈，才算真的在成長。,成長來自整合，不來自反覆抓住停留舒適圈。,如果不再重演停留舒適圈，下一步成熟會是什麼？,"[""進化"", ""停留舒適圈"", ""領導""]","[""領導"", ""決策""]",TruthOS seed dataset,evolution 進化 EVO_003 停留舒適圈 領導決策中的停留舒適圈盲點 在領導決策中，持續用停留舒適圈看待成長，於是重複同一個課題，讓界線變得模糊。 我必須透過停留舒適圈，才算真的在成長。 成長來自整合，不來自反覆抓住停留舒適圈。 進化 停留舒適圈 領導 領導 決策,2026-06-04T10:25:52.059328+00:00,2026-06-04T10:25:52.059328+00:00,[],dialogue,,
tp_evo_029,evolution,EVO_003,朋友互動中的停留舒適圈盲點,在朋友互動中，持續用停留舒適圈看待成長，於是重複同一個課題，讓責任位置變得混亂。,我必須透過停留舒適圈，才算真的在成長。,成長來自整合，不來自反覆抓住停留舒適圈。,如果不再重演停留舒適圈，下一步成熟會是什麼？,"[""進化"", ""停留舒適圈"", ""友誼""]","[""友誼"", ""界線""]",TruthOS seed dataset,evolution 進化 EVO_003 停留舒適圈 朋友互動中的停留舒適圈盲點 在朋友互動中，持續用停留舒適圈看待成長，於是重複同一個課題，讓責任位置變得混亂。 我必須透過停留舒適圈，才算真的在成長。 成長來自整合，不來自反覆抓住停留舒適圈。 進化 停留舒適圈 友誼 友誼 界線,2026-06-04T10:25:52.059328+00:00,2026-06-04T10:25:52.059328+00:00,[],dialogue,,
tp_evo_030,evolution,EVO_003,金錢選擇中的停留舒適圈盲點,在金錢選擇中，持續用停留舒適圈看待成長，於是重複同一個課題，使真正的需求被遮住。,我必須透過停留舒適圈，才算真的在成長。,成長來自整合，不來自反覆抓住停留舒適圈。,如果不再重演停留舒適圈，下一步成熟會是什麼？,"[""進化"", ""停留舒適圈"", ""金錢""]","[""金錢"", ""價值""]",TruthOS seed dataset,evolution 進化 EVO_003 停留舒適圈 金錢選擇中的停留舒適圈盲點 在金錢選擇中，持續用停留舒適圈看待成長，於是重複同一個課題，使真正的需求被遮住。 我必須透過停留舒適圈，才算真的在成長。 成長來自整合，不來自反覆抓住停留舒適圈。 進化 停留舒適圈 金錢 金錢 價值,2026-06-04T10:25:52.059328+00:00,2026-06-04T10:25:52.059328+00:00,[],dialogue,,
tp_evo_031,evolution,EVO_003,健康壓力中的停留舒適圈盲點,在健康壓力中，持續用停留舒適圈看待成長，於是重複同一個課題，讓反饋失去作用。,我必須透過停留舒適圈，才算真的在成長。,成長來自整合，不來自反覆抓住停留舒適圈。,如果不再重演停留舒適圈，下一步成熟會是什麼？,"[""進化"", ""停留舒適圈"", ""健康""]","[""健康"", ""壓力""]",TruthOS seed dataset,evolution 進化 EVO_003 停留舒適圈 健康壓力中的停留舒適圈盲點 在健康壓力中，持續用停留舒適圈看待成長，於是重複同一個課題，讓反饋失去作用。 我必須透過停留舒適圈，才算真的在成長。 成長來自整合，不來自反覆抓住停留舒適圈。 進化 停留舒適圈 健康 健康 壓力,2026-06-04T10:25:52.059328+00:00,2026-06-04T10:25:52.059328+00:00,[],dialogue,,
tp_evo_032,evolution,EVO_003,創作卡關中的停留舒適圈盲點,在創作卡關中，持續用停留舒適圈看待成長，於是重複同一個課題，讓信任開始鬆動。,我必須透過停留舒適圈，才算真的在成長。,成長來自整合，不來自反覆抓住停留舒適圈。,如果不再重演停留舒適圈，下一步成熟會是什麼？,"[""進化"", ""停留舒適圈"", ""創作""]","[""創作"", ""表達""]",TruthOS seed dataset,evolution 進化 EVO_003 停留舒適圈 創作卡關中的停留舒適圈盲點 在創作卡關中，持續用停留舒適圈看待成長，於是重複同一個課題，讓信任開始鬆動。 我必須透過停留舒適圈，才算真的在成長。 成長來自整合，不來自反覆抓住停留舒適圈。 進化 停留舒適圈 創作 創作 表達,2026-06-04T10:25:52.059328+00:00,2026-06-04T10:25:52.059328+00:00,[],dialogue,,
tp_evo_033,evolution,EVO_003,靈性實踐中的停留舒適圈盲點,在靈性實踐中，持續用停留舒適圈看待成長，於是重複同一個課題，讓決定越來越僵硬。,我必須透過停留舒適圈，才算真的在成長。,成長來自整合，不來自反覆抓住停留舒適圈。,如果不再重演停留舒適圈，下一步成熟會是什麼？,"[""進化"", ""停留舒適圈"", ""靈性""]","[""靈性"", ""自我觀察""]",TruthOS seed dataset,evolution 進化 EVO_003 停留舒適圈 靈性實踐中的停留舒適圈盲點 在靈性實踐中，持續用停留舒適圈看待成長，於是重複同一個課題，讓決定越來越僵硬。 我必須透過停留舒適圈，才算真的在成長。 成長來自整合，不來自反覆抓住停留舒適圈。 進化 停留舒適圈 靈性 靈性 自我觀察,2026-06-04T10:25:52.059328+00:00,2026-06-04T10:25:52.059328+00:00,[],dialogue,,
tp_evo_034,evolution,EVO_003,重大失落中的停留舒適圈盲點,在重大失落中，持續用停留舒適圈看待成長，於是重複同一個課題，讓內在更難安定。,我必須透過停留舒適圈，才算真的在成長。,成長來自整合，不來自反覆抓住停留舒適圈。,如果不再重演停留舒適圈，下一步成熟會是什麼？,"[""進化"", ""停留舒適圈"", ""失落""]","[""失落"", ""轉化""]",TruthOS seed dataset,evolution 進化 EVO_003 停留舒適圈 重大失落中的停留舒適圈盲點 在重大失落中，持續用停留舒適圈看待成長，於是重複同一個課題，讓內在更難安定。 我必須透過停留舒適圈，才算真的在成長。 成長來自整合，不來自反覆抓住停留舒適圈。 進化 停留舒適圈 失落 失落 轉化,2026-06-04T10:25:52.059328+00:00,2026-06-04T10:25:52.059328+00:00,[],dialogue,,
tp_evo_035,evolution,EVO_003,教養現場中的停留舒適圈盲點,在教養現場中，持續用停留舒適圈看待成長，於是重複同一個課題，使互動落入重複循環。,我必須透過停留舒適圈，才算真的在成長。,成長來自整合，不來自反覆抓住停留舒適圈。,如果不再重演停留舒適圈，下一步成熟會是什麼？,"[""進化"", ""停留舒適圈"", ""教養""]","[""親子"", ""教養""]",TruthOS seed dataset,evolution 進化 EVO_003 停留舒適圈 教養現場中的停留舒適圈盲點 在教養現場中，持續用停留舒適圈看待成長，於是重複同一個課題，使互動落入重複循環。 我必須透過停留舒適圈，才算真的在成長。 成長來自整合，不來自反覆抓住停留舒適圈。 進化 停留舒適圈 教養 親子 教養,2026-06-04T10:25:52.059328+00:00,2026-06-04T10:25:52.059328+00:00,[],dialogue,,
tp_evo_036,evolution,EVO_003,團隊回饋中的停留舒適圈盲點,在團隊回饋中，持續用停留舒適圈看待成長，於是重複同一個課題，讓看見真相的空間縮小。,我必須透過停留舒適圈，才算真的在成長。,成長來自整合，不來自反覆抓住停留舒適圈。,如果不再重演停留舒適圈，下一步成熟會是什麼？,"[""進化"", ""停留舒適圈"", ""回饋""]","[""團隊"", ""回饋""]",TruthOS seed dataset,evolution 進化 EVO_003 停留舒適圈 團隊回饋中的停留舒適圈盲點 在團隊回饋中，持續用停留舒適圈看待成長，於是重複同一個課題，讓看見真相的空間縮小。 我必須透過停留舒適圈，才算真的在成長。 成長來自整合，不來自反覆抓住停留舒適圈。 進化 停留舒適圈 回饋 團隊 回饋,2026-06-04T10:25:52.059328+00:00,2026-06-04T10:25:52.059328+00:00,[],dialogue,,
tp_evo_037,evolution,EVO_003,社群曝光中的停留舒適圈盲點,在社群曝光中，持續用停留舒適圈看待成長，於是重複同一個課題，讓支持變成壓力。,我必須透過停留舒適圈，才算真的在成長。,成長來自整合，不來自反覆抓住停留舒適圈。,如果不再重演停留舒適圈，下一步成熟會是什麼？,"[""進化"", ""停留舒適圈"", ""社群""]","[""社群"", ""自我價值""]",TruthOS seed dataset,evolution 進化 EVO_003 停留舒適圈 社群曝光中的停留舒適圈盲點 在社群曝光中，持續用停留舒適圈看待成長，於是重複同一個課題，讓支持變成壓力。 我必須透過停留舒適圈，才算真的在成長。 成長來自整合，不來自反覆抓住停留舒適圈。 進化 停留舒適圈 社群 社群 自我價值,2026-06-04T10:25:52.059328+00:00,2026-06-04T10:25:52.059328+00:00,[],dialogue,,
tp_evo_038,evolution,EVO_003,家庭對話中的停留舒適圈盲點,在家庭對話中，持續用停留舒適圈看待成長，於是重複同一個課題，讓改變停在表面。,我必須透過停留舒適圈，才算真的在成長。,成長來自整合，不來自反覆抓住停留舒適圈。,如果不再重演停留舒適圈，下一步成熟會是什麼？,"[""進化"", ""停留舒適圈"", ""家庭""]","[""家庭"", ""親子""]",TruthOS seed dataset,evolution 進化 EVO_003 停留舒適圈 家庭對話中的停留舒適圈盲點 在家庭對話中，持續用停留舒適圈看待成長，於是重複同一個課題，讓改變停在表面。 我必須透過停留舒適圈，才算真的在成長。 成長來自整合，不來自反覆抓住停留舒適圈。 進化 停留舒適圈 家庭 家庭 親子,2026-06-04T10:25:52.059328+00:00,2026-06-04T10:25:52.059328+00:00,[],dialogue,,
tp_evo_039,evolution,EVO_003,伴侶衝突中的停留舒適圈盲點,在伴侶衝突中，持續用停留舒適圈看待成長，於是重複同一個課題，讓資源交換變得扭曲。,我必須透過停留舒適圈，才算真的在成長。,成長來自整合，不來自反覆抓住停留舒適圈。,如果不再重演停留舒適圈，下一步成熟會是什麼？,"[""進化"", ""停留舒適圈"", ""伴侶""]","[""伴侶"", ""界線""]",TruthOS seed dataset,evolution 進化 EVO_003 停留舒適圈 伴侶衝突中的停留舒適圈盲點 在伴侶衝突中，持續用停留舒適圈看待成長，於是重複同一個課題，讓資源交換變得扭曲。 我必須透過停留舒適圈，才算真的在成長。 成長來自整合，不來自反覆抓住停留舒適圈。 進化 停留舒適圈 伴侶 伴侶 界線,2026-06-04T10:25:52.059328+00:00,2026-06-04T10:25:52.059328+00:00,[],dialogue,,
tp_evo_040,evolution,EVO_004,領導決策中的把挫折當倒退盲點,在領導決策中，持續用把挫折當倒退看待成長，於是重複同一個課題，讓對話逐漸失衡。,我必須透過把挫折當倒退，才算真的在成長。,成長來自整合，不來自反覆抓住把挫折當倒退。,如果不再重演把挫折當倒退，下一步成熟會是什麼？,"[""進化"", ""把挫折當倒退"", ""領導""]","[""領導"", ""決策""]",TruthOS seed dataset,evolution 進化 EVO_004 把挫折當倒退 領導決策中的把挫折當倒退盲點 在領導決策中，持續用把挫折當倒退看待成長，於是重複同一個課題，讓對話逐漸失衡。 我必須透過把挫折當倒退，才算真的在成長。 成長來自整合，不來自反覆抓住把挫折當倒退。 進化 把挫折當倒退 領導 領導 決策,2026-06-04T10:25:52.059328+00:00,2026-06-04T10:25:52.059328+00:00,[],dialogue,,
tp_evo_041,evolution,EVO_004,朋友互動中的把挫折當倒退盲點,在朋友互動中，持續用把挫折當倒退看待成長，於是重複同一個課題，讓界線變得模糊。,我必須透過把挫折當倒退，才算真的在成長。,成長來自整合，不來自反覆抓住把挫折當倒退。,如果不再重演把挫折當倒退，下一步成熟會是什麼？,"[""進化"", ""把挫折當倒退"", ""友誼""]","[""友誼"", ""界線""]",TruthOS seed dataset,evolution 進化 EVO_004 把挫折當倒退 朋友互動中的把挫折當倒退盲點 在朋友互動中，持續用把挫折當倒退看待成長，於是重複同一個課題，讓界線變得模糊。 我必須透過把挫折當倒退，才算真的在成長。 成長來自整合，不來自反覆抓住把挫折當倒退。 進化 把挫折當倒退 友誼 友誼 界線,2026-06-04T10:25:52.059328+00:00,2026-06-04T10:25:52.059328+00:00,[],dialogue,,
tp_evo_042,evolution,EVO_004,金錢選擇中的把挫折當倒退盲點,在金錢選擇中，持續用把挫折當倒退看待成長，於是重複同一個課題，讓責任位置變得混亂。,我必須透過把挫折當倒退，才算真的在成長。,成長來自整合，不來自反覆抓住把挫折當倒退。,如果不再重演把挫折當倒退，下一步成熟會是什麼？,"[""進化"", ""把挫折當倒退"", ""金錢""]","[""金錢"", ""價值""]",TruthOS seed dataset,evolution 進化 EVO_004 把挫折當倒退 金錢選擇中的把挫折當倒退盲點 在金錢選擇中，持續用把挫折當倒退看待成長，於是重複同一個課題，讓責任位置變得混亂。 我必須透過把挫折當倒退，才算真的在成長。 成長來自整合，不來自反覆抓住把挫折當倒退。 進化 把挫折當倒退 金錢 金錢 價值,2026-06-04T10:25:52.059328+00:00,2026-06-04T10:25:52.059328+00:00,[],dialogue,,
tp_evo_043,evolution,EVO_004,健康壓力中的把挫折當倒退盲點,在健康壓力中，持續用把挫折當倒退看待成長，於是重複同一個課題，使真正的需求被遮住。,我必須透過把挫折當倒退，才算真的在成長。,成長來自整合，不來自反覆抓住把挫折當倒退。,如果不再重演把挫折當倒退，下一步成熟會是什麼？,"[""進化"", ""把挫折當倒退"", ""健康""]","[""健康"", ""壓力""]",TruthOS seed dataset,evolution 進化 EVO_004 把挫折當倒退 健康壓力中的把挫折當倒退盲點 在健康壓力中，持續用把挫折當倒退看待成長，於是重複同一個課題，使真正的需求被遮住。 我必須透過把挫折當倒退，才算真的在成長。 成長來自整合，不來自反覆抓住把挫折當倒退。 進化 把挫折當倒退 健康 健康 壓力,2026-06-04T10:25:52.059328+00:00,2026-06-04T10:25:52.059328+00:00,[],dialogue,,
tp_evo_044,evolution,EVO_004,創作卡關中的把挫折當倒退盲點,在創作卡關中，持續用把挫折當倒退看待成長，於是重複同一個課題，讓反饋失去作用。,我必須透過把挫折當倒退，才算真的在成長。,成長來自整合，不來自反覆抓住把挫折當倒退。,如果不再重演把挫折當倒退，下一步成熟會是什麼？,"[""進化"", ""把挫折當倒退"", ""創作""]","[""創作"", ""表達""]",TruthOS seed dataset,evolution 進化 EVO_004 把挫折當倒退 創作卡關中的把挫折當倒退盲點 在創作卡關中，持續用把挫折當倒退看待成長，於是重複同一個課題，讓反饋失去作用。 我必須透過把挫折當倒退，才算真的在成長。 成長來自整合，不來自反覆抓住把挫折當倒退。 進化 把挫折當倒退 創作 創作 表達,2026-06-04T10:25:52.059328+00:00,2026-06-04T10:25:52.059328+00:00,[],dialogue,,
tp_evo_045,evolution,EVO_004,靈性實踐中的把挫折當倒退盲點,在靈性實踐中，持續用把挫折當倒退看待成長，於是重複同一個課題，讓信任開始鬆動。,我必須透過把挫折當倒退，才算真的在成長。,成長來自整合，不來自反覆抓住把挫折當倒退。,如果不再重演把挫折當倒退，下一步成熟會是什麼？,"[""進化"", ""把挫折當倒退"", ""靈性""]","[""靈性"", ""自我觀察""]",TruthOS seed dataset,evolution 進化 EVO_004 把挫折當倒退 靈性實踐中的把挫折當倒退盲點 在靈性實踐中，持續用把挫折當倒退看待成長，於是重複同一個課題，讓信任開始鬆動。 我必須透過把挫折當倒退，才算真的在成長。 成長來自整合，不來自反覆抓住把挫折當倒退。 進化 把挫折當倒退 靈性 靈性 自我觀察,2026-06-04T10:25:52.059328+00:00,2026-06-04T10:25:52.059328+00:00,[],dialogue,,
tp_evo_046,evolution,EVO_004,重大失落中的把挫折當倒退盲點,在重大失落中，持續用把挫折當倒退看待成長，於是重複同一個課題，讓決定越來越僵硬。,我必須透過把挫折當倒退，才算真的在成長。,成長來自整合，不來自反覆抓住把挫折當倒退。,如果不再重演把挫折當倒退，下一步成熟會是什麼？,"[""進化"", ""把挫折當倒退"", ""失落""]","[""失落"", ""轉化""]",TruthOS seed dataset,evolution 進化 EVO_004 把挫折當倒退 重大失落中的把挫折當倒退盲點 在重大失落中，持續用把挫折當倒退看待成長，於是重複同一個課題，讓決定越來越僵硬。 我必須透過把挫折當倒退，才算真的在成長。 成長來自整合，不來自反覆抓住把挫折當倒退。 進化 把挫折當倒退 失落 失落 轉化,2026-06-04T10:25:52.059328+00:00,2026-06-04T10:25:52.059328+00:00,[],dialogue,,
tp_evo_047,evolution,EVO_004,教養現場中的把挫折當倒退盲點,在教養現場中，持續用把挫折當倒退看待成長，於是重複同一個課題，讓內在更難安定。,我必須透過把挫折當倒退，才算真的在成長。,成長來自整合，不來自反覆抓住把挫折當倒退。,如果不再重演把挫折當倒退，下一步成熟會是什麼？,"[""進化"", ""把挫折當倒退"", ""教養""]","[""親子"", ""教養""]",TruthOS seed dataset,evolution 進化 EVO_004 把挫折當倒退 教養現場中的把挫折當倒退盲點 在教養現場中，持續用把挫折當倒退看待成長，於是重複同一個課題，讓內在更難安定。 我必須透過把挫折當倒退，才算真的在成長。 成長來自整合，不來自反覆抓住把挫折當倒退。 進化 把挫折當倒退 教養 親子 教養,2026-06-04T10:25:52.059328+00:00,2026-06-04T10:25:52.059328+00:00,[],dialogue,,
tp_evo_048,evolution,EVO_004,團隊回饋中的把挫折當倒退盲點,在團隊回饋中，持續用把挫折當倒退看待成長，於是重複同一個課題，使互動落入重複循環。,我必須透過把挫折當倒退，才算真的在成長。,成長來自整合，不來自反覆抓住把挫折當倒退。,如果不再重演把挫折當倒退，下一步成熟會是什麼？,"[""進化"", ""把挫折當倒退"", ""回饋""]","[""團隊"", ""回饋""]",TruthOS seed dataset,evolution 進化 EVO_004 把挫折當倒退 團隊回饋中的把挫折當倒退盲點 在團隊回饋中，持續用把挫折當倒退看待成長，於是重複同一個課題，使互動落入重複循環。 我必須透過把挫折當倒退，才算真的在成長。 成長來自整合，不來自反覆抓住把挫折當倒退。 進化 把挫折當倒退 回饋 團隊 回饋,2026-06-04T10:25:52.059328+00:00,2026-06-04T10:25:52.059328+00:00,[],dialogue,,
tp_evo_049,evolution,EVO_004,社群曝光中的把挫折當倒退盲點,在社群曝光中，持續用把挫折當倒退看待成長，於是重複同一個課題，讓看見真相的空間縮小。,我必須透過把挫折當倒退，才算真的在成長。,成長來自整合，不來自反覆抓住把挫折當倒退。,如果不再重演把挫折當倒退，下一步成熟會是什麼？,"[""進化"", ""把挫折當倒退"", ""社群""]","[""社群"", ""自我價值""]",TruthOS seed dataset,evolution 進化 EVO_004 把挫折當倒退 社群曝光中的把挫折當倒退盲點 在社群曝光中，持續用把挫折當倒退看待成長，於是重複同一個課題，讓看見真相的空間縮小。 我必須透過把挫折當倒退，才算真的在成長。 成長來自整合，不來自反覆抓住把挫折當倒退。 進化 把挫折當倒退 社群 社群 自我價值,2026-06-04T10:25:52.059328+00:00,2026-06-04T10:25:52.059328+00:00,[],dialogue,,
tp_evo_050,evolution,EVO_004,家庭對話中的把挫折當倒退盲點,在家庭對話中，持續用把挫折當倒退看待成長，於是重複同一個課題，讓支持變成壓力。,我必須透過把挫折當倒退，才算真的在成長。,成長來自整合，不來自反覆抓住把挫折當倒退。,如果不再重演把挫折當倒退，下一步成熟會是什麼？,"[""進化"", ""把挫折當倒退"", ""家庭""]","[""家庭"", ""親子""]",TruthOS seed dataset,evolution 進化 EVO_004 把挫折當倒退 家庭對話中的把挫折當倒退盲點 在家庭對話中，持續用把挫折當倒退看待成長，於是重複同一個課題，讓支持變成壓力。 我必須透過把挫折當倒退，才算真的在成長。 成長來自整合，不來自反覆抓住把挫折當倒退。 進化 把挫折當倒退 家庭 家庭 親子,2026-06-04T10:25:52.059328+00:00,2026-06-04T10:25:52.059328+00:00,[],dialogue,,
tp_evo_051,evolution,EVO_004,伴侶衝突中的把挫折當倒退盲點,在伴侶衝突中，持續用把挫折當倒退看待成長，於是重複同一個課題，讓改變停在表面。,我必須透過把挫折當倒退，才算真的在成長。,成長來自整合，不來自反覆抓住把挫折當倒退。,如果不再重演把挫折當倒退，下一步成熟會是什麼？,"[""進化"", ""把挫折當倒退"", ""伴侶""]","[""伴侶"", ""界線""]",TruthOS seed dataset,evolution 進化 EVO_004 把挫折當倒退 伴侶衝突中的把挫折當倒退盲點 在伴侶衝突中，持續用把挫折當倒退看待成長，於是重複同一個課題，讓改變停在表面。 我必須透過把挫折當倒退，才算真的在成長。 成長來自整合，不來自反覆抓住把挫折當倒退。 進化 把挫折當倒退 伴侶 伴侶 界線,2026-06-04T10:25:52.059328+00:00,2026-06-04T10:25:52.059328+00:00,[],dialogue,,
tp_evo_052,evolution,EVO_004,職場協作中的把挫折當倒退盲點,在職場協作中，持續用把挫折當倒退看待成長，於是重複同一個課題，讓資源交換變得扭曲。,我必須透過把挫折當倒退，才算真的在成長。,成長來自整合，不來自反覆抓住把挫折當倒退。,如果不再重演把挫折當倒退，下一步成熟會是什麼？,"[""進化"", ""把挫折當倒退"", ""職場""]","[""工作"", ""團隊""]",TruthOS seed dataset,evolution 進化 EVO_004 把挫折當倒退 職場協作中的把挫折當倒退盲點 在職場協作中，持續用把挫折當倒退看待成長，於是重複同一個課題，讓資源交換變得扭曲。 我必須透過把挫折當倒退，才算真的在成長。 成長來自整合，不來自反覆抓住把挫折當倒退。 進化 把挫折當倒退 職場 工作 團隊,2026-06-04T10:25:52.059328+00:00,2026-06-04T10:25:52.059328+00:00,[],dialogue,,
tp_evo_053,evolution,EVO_005,朋友互動中的急著畢業盲點,在朋友互動中，持續用急著畢業看待成長，於是重複同一個課題，讓對話逐漸失衡。,我必須透過急著畢業，才算真的在成長。,成長來自整合，不來自反覆抓住急著畢業。,如果不再重演急著畢業，下一步成熟會是什麼？,"[""進化"", ""急著畢業"", ""友誼""]","[""友誼"", ""界線""]",TruthOS seed dataset,evolution 進化 EVO_005 急著畢業 朋友互動中的急著畢業盲點 在朋友互動中，持續用急著畢業看待成長，於是重複同一個課題，讓對話逐漸失衡。 我必須透過急著畢業，才算真的在成長。 成長來自整合，不來自反覆抓住急著畢業。 進化 急著畢業 友誼 友誼 界線,2026-06-04T10:25:52.059328+00:00,2026-06-04T10:25:52.059328+00:00,[],dialogue,,
tp_evo_054,evolution,EVO_005,金錢選擇中的急著畢業盲點,在金錢選擇中，持續用急著畢業看待成長，於是重複同一個課題，讓界線變得模糊。,我必須透過急著畢業，才算真的在成長。,成長來自整合，不來自反覆抓住急著畢業。,如果不再重演急著畢業，下一步成熟會是什麼？,"[""進化"", ""急著畢業"", ""金錢""]","[""金錢"", ""價值""]",TruthOS seed dataset,evolution 進化 EVO_005 急著畢業 金錢選擇中的急著畢業盲點 在金錢選擇中，持續用急著畢業看待成長，於是重複同一個課題，讓界線變得模糊。 我必須透過急著畢業，才算真的在成長。 成長來自整合，不來自反覆抓住急著畢業。 進化 急著畢業 金錢 金錢 價值,2026-06-04T10:25:52.059328+00:00,2026-06-04T10:25:52.059328+00:00,[],dialogue,,
tp_evo_055,evolution,EVO_005,健康壓力中的急著畢業盲點,在健康壓力中，持續用急著畢業看待成長，於是重複同一個課題，讓責任位置變得混亂。,我必須透過急著畢業，才算真的在成長。,成長來自整合，不來自反覆抓住急著畢業。,如果不再重演急著畢業，下一步成熟會是什麼？,"[""進化"", ""急著畢業"", ""健康""]","[""健康"", ""壓力""]",TruthOS seed dataset,evolution 進化 EVO_005 急著畢業 健康壓力中的急著畢業盲點 在健康壓力中，持續用急著畢業看待成長，於是重複同一個課題，讓責任位置變得混亂。 我必須透過急著畢業，才算真的在成長。 成長來自整合，不來自反覆抓住急著畢業。 進化 急著畢業 健康 健康 壓力,2026-06-04T10:25:52.059328+00:00,2026-06-04T10:25:52.059328+00:00,[],dialogue,,
tp_evo_056,evolution,EVO_005,創作卡關中的急著畢業盲點,在創作卡關中，持續用急著畢業看待成長，於是重複同一個課題，使真正的需求被遮住。,我必須透過急著畢業，才算真的在成長。,成長來自整合，不來自反覆抓住急著畢業。,如果不再重演急著畢業，下一步成熟會是什麼？,"[""進化"", ""急著畢業"", ""創作""]","[""創作"", ""表達""]",TruthOS seed dataset,evolution 進化 EVO_005 急著畢業 創作卡關中的急著畢業盲點 在創作卡關中，持續用急著畢業看待成長，於是重複同一個課題，使真正的需求被遮住。 我必須透過急著畢業，才算真的在成長。 成長來自整合，不來自反覆抓住急著畢業。 進化 急著畢業 創作 創作 表達,2026-06-04T10:25:52.059328+00:00,2026-06-04T10:25:52.059328+00:00,[],dialogue,,
tp_evo_057,evolution,EVO_005,靈性實踐中的急著畢業盲點,在靈性實踐中，持續用急著畢業看待成長，於是重複同一個課題，讓反饋失去作用。,我必須透過急著畢業，才算真的在成長。,成長來自整合，不來自反覆抓住急著畢業。,如果不再重演急著畢業，下一步成熟會是什麼？,"[""進化"", ""急著畢業"", ""靈性""]","[""靈性"", ""自我觀察""]",TruthOS seed dataset,evolution 進化 EVO_005 急著畢業 靈性實踐中的急著畢業盲點 在靈性實踐中，持續用急著畢業看待成長，於是重複同一個課題，讓反饋失去作用。 我必須透過急著畢業，才算真的在成長。 成長來自整合，不來自反覆抓住急著畢業。 進化 急著畢業 靈性 靈性 自我觀察,2026-06-04T10:25:52.059328+00:00,2026-06-04T10:25:52.059328+00:00,[],dialogue,,
tp_evo_058,evolution,EVO_005,重大失落中的急著畢業盲點,在重大失落中，持續用急著畢業看待成長，於是重複同一個課題，讓信任開始鬆動。,我必須透過急著畢業，才算真的在成長。,成長來自整合，不來自反覆抓住急著畢業。,如果不再重演急著畢業，下一步成熟會是什麼？,"[""進化"", ""急著畢業"", ""失落""]","[""失落"", ""轉化""]",TruthOS seed dataset,evolution 進化 EVO_005 急著畢業 重大失落中的急著畢業盲點 在重大失落中，持續用急著畢業看待成長，於是重複同一個課題，讓信任開始鬆動。 我必須透過急著畢業，才算真的在成長。 成長來自整合，不來自反覆抓住急著畢業。 進化 急著畢業 失落 失落 轉化,2026-06-04T10:25:52.059328+00:00,2026-06-04T10:25:52.059328+00:00,[],dialogue,,
tp_evo_059,evolution,EVO_005,教養現場中的急著畢業盲點,在教養現場中，持續用急著畢業看待成長，於是重複同一個課題，讓決定越來越僵硬。,我必須透過急著畢業，才算真的在成長。,成長來自整合，不來自反覆抓住急著畢業。,如果不再重演急著畢業，下一步成熟會是什麼？,"[""進化"", ""急著畢業"", ""教養""]","[""親子"", ""教養""]",TruthOS seed dataset,evolution 進化 EVO_005 急著畢業 教養現場中的急著畢業盲點 在教養現場中，持續用急著畢業看待成長，於是重複同一個課題，讓決定越來越僵硬。 我必須透過急著畢業，才算真的在成長。 成長來自整合，不來自反覆抓住急著畢業。 進化 急著畢業 教養 親子 教養,2026-06-04T10:25:52.059328+00:00,2026-06-04T10:25:52.059328+00:00,[],dialogue,,
tp_evo_060,evolution,EVO_005,團隊回饋中的急著畢業盲點,在團隊回饋中，持續用急著畢業看待成長，於是重複同一個課題，讓內在更難安定。,我必須透過急著畢業，才算真的在成長。,成長來自整合，不來自反覆抓住急著畢業。,如果不再重演急著畢業，下一步成熟會是什麼？,"[""進化"", ""急著畢業"", ""回饋""]","[""團隊"", ""回饋""]",TruthOS seed dataset,evolution 進化 EVO_005 急著畢業 團隊回饋中的急著畢業盲點 在團隊回饋中，持續用急著畢業看待成長，於是重複同一個課題，讓內在更難安定。 我必須透過急著畢業，才算真的在成長。 成長來自整合，不來自反覆抓住急著畢業。 進化 急著畢業 回饋 團隊 回饋,2026-06-04T10:25:52.059328+00:00,2026-06-04T10:25:52.059328+00:00,[],dialogue,,
tp_evo_061,evolution,EVO_005,社群曝光中的急著畢業盲點,在社群曝光中，持續用急著畢業看待成長，於是重複同一個課題，使互動落入重複循環。,我必須透過急著畢業，才算真的在成長。,成長來自整合，不來自反覆抓住急著畢業。,如果不再重演急著畢業，下一步成熟會是什麼？,"[""進化"", ""急著畢業"", ""社群""]","[""社群"", ""自我價值""]",TruthOS seed dataset,evolution 進化 EVO_005 急著畢業 社群曝光中的急著畢業盲點 在社群曝光中，持續用急著畢業看待成長，於是重複同一個課題，使互動落入重複循環。 我必須透過急著畢業，才算真的在成長。 成長來自整合，不來自反覆抓住急著畢業。 進化 急著畢業 社群 社群 自我價值,2026-06-04T10:25:52.059328+00:00,2026-06-04T10:25:52.059328+00:00,[],dialogue,,
tp_evo_062,evolution,EVO_005,家庭對話中的急著畢業盲點,在家庭對話中，持續用急著畢業看待成長，於是重複同一個課題，讓看見真相的空間縮小。,我必須透過急著畢業，才算真的在成長。,成長來自整合，不來自反覆抓住急著畢業。,如果不再重演急著畢業，下一步成熟會是什麼？,"[""進化"", ""急著畢業"", ""家庭""]","[""家庭"", ""親子""]",TruthOS seed dataset,evolution 進化 EVO_005 急著畢業 家庭對話中的急著畢業盲點 在家庭對話中，持續用急著畢業看待成長，於是重複同一個課題，讓看見真相的空間縮小。 我必須透過急著畢業，才算真的在成長。 成長來自整合，不來自反覆抓住急著畢業。 進化 急著畢業 家庭 家庭 親子,2026-06-04T10:25:52.059328+00:00,2026-06-04T10:25:52.059328+00:00,[],dialogue,,
tp_evo_063,evolution,EVO_005,伴侶衝突中的急著畢業盲點,在伴侶衝突中，持續用急著畢業看待成長，於是重複同一個課題，讓支持變成壓力。,我必須透過急著畢業，才算真的在成長。,成長來自整合，不來自反覆抓住急著畢業。,如果不再重演急著畢業，下一步成熟會是什麼？,"[""進化"", ""急著畢業"", ""伴侶""]","[""伴侶"", ""界線""]",TruthOS seed dataset,evolution 進化 EVO_005 急著畢業 伴侶衝突中的急著畢業盲點 在伴侶衝突中，持續用急著畢業看待成長，於是重複同一個課題，讓支持變成壓力。 我必須透過急著畢業，才算真的在成長。 成長來自整合，不來自反覆抓住急著畢業。 進化 急著畢業 伴侶 伴侶 界線,2026-06-04T10:25:52.059328+00:00,2026-06-04T10:25:52.059328+00:00,[],dialogue,,
tp_evo_064,evolution,EVO_005,職場協作中的急著畢業盲點,在職場協作中，持續用急著畢業看待成長，於是重複同一個課題，讓改變停在表面。,我必須透過急著畢業，才算真的在成長。,成長來自整合，不來自反覆抓住急著畢業。,如果不再重演急著畢業，下一步成熟會是什麼？,"[""進化"", ""急著畢業"", ""職場""]","[""工作"", ""團隊""]",TruthOS seed dataset,evolution 進化 EVO_005 急著畢業 職場協作中的急著畢業盲點 在職場協作中，持續用急著畢業看待成長，於是重複同一個課題，讓改變停在表面。 我必須透過急著畢業，才算真的在成長。 成長來自整合，不來自反覆抓住急著畢業。 進化 急著畢業 職場 工作 團隊,2026-06-04T10:25:52.059328+00:00,2026-06-04T10:25:52.059328+00:00,[],dialogue,,
tp_evo_065,evolution,EVO_006,金錢選擇中的模仿成長盲點,在金錢選擇中，持續用模仿成長看待成長，於是重複同一個課題，讓資源交換變得扭曲。,我必須透過模仿成長，才算真的在成長。,成長來自整合，不來自反覆抓住模仿成長。,如果不再重演模仿成長，下一步成熟會是什麼？,"[""進化"", ""模仿成長"", ""金錢""]","[""金錢"", ""價值""]",TruthOS seed dataset,evolution 進化 EVO_006 模仿成長 金錢選擇中的模仿成長盲點 在金錢選擇中，持續用模仿成長看待成長，於是重複同一個課題，讓資源交換變得扭曲。 我必須透過模仿成長，才算真的在成長。 成長來自整合，不來自反覆抓住模仿成長。 進化 模仿成長 金錢 金錢 價值,2026-06-04T10:25:52.059328+00:00,2026-06-04T10:25:52.059328+00:00,[],dialogue,,
tp_evo_066,evolution,EVO_006,健康壓力中的模仿成長盲點,在健康壓力中，持續用模仿成長看待成長，於是重複同一個課題，讓對話逐漸失衡。,我必須透過模仿成長，才算真的在成長。,成長來自整合，不來自反覆抓住模仿成長。,如果不再重演模仿成長，下一步成熟會是什麼？,"[""進化"", ""模仿成長"", ""健康""]","[""健康"", ""壓力""]",TruthOS seed dataset,evolution 進化 EVO_006 模仿成長 健康壓力中的模仿成長盲點 在健康壓力中，持續用模仿成長看待成長，於是重複同一個課題，讓對話逐漸失衡。 我必須透過模仿成長，才算真的在成長。 成長來自整合，不來自反覆抓住模仿成長。 進化 模仿成長 健康 健康 壓力,2026-06-04T10:25:52.059328+00:00,2026-06-04T10:25:52.059328+00:00,[],dialogue,,
tp_evo_067,evolution,EVO_006,創作卡關中的模仿成長盲點,在創作卡關中，持續用模仿成長看待成長，於是重複同一個課題，讓界線變得模糊。,我必須透過模仿成長，才算真的在成長。,成長來自整合，不來自反覆抓住模仿成長。,如果不再重演模仿成長，下一步成熟會是什麼？,"[""進化"", ""模仿成長"", ""創作""]","[""創作"", ""表達""]",TruthOS seed dataset,evolution 進化 EVO_006 模仿成長 創作卡關中的模仿成長盲點 在創作卡關中，持續用模仿成長看待成長，於是重複同一個課題，讓界線變得模糊。 我必須透過模仿成長，才算真的在成長。 成長來自整合，不來自反覆抓住模仿成長。 進化 模仿成長 創作 創作 表達,2026-06-04T10:25:52.059328+00:00,2026-06-04T10:25:52.059328+00:00,[],dialogue,,
tp_evo_068,evolution,EVO_006,靈性實踐中的模仿成長盲點,在靈性實踐中，持續用模仿成長看待成長，於是重複同一個課題，讓責任位置變得混亂。,我必須透過模仿成長，才算真的在成長。,成長來自整合，不來自反覆抓住模仿成長。,如果不再重演模仿成長，下一步成熟會是什麼？,"[""進化"", ""模仿成長"", ""靈性""]","[""靈性"", ""自我觀察""]",TruthOS seed dataset,evolution 進化 EVO_006 模仿成長 靈性實踐中的模仿成長盲點 在靈性實踐中，持續用模仿成長看待成長，於是重複同一個課題，讓責任位置變得混亂。 我必須透過模仿成長，才算真的在成長。 成長來自整合，不來自反覆抓住模仿成長。 進化 模仿成長 靈性 靈性 自我觀察,2026-06-04T10:25:52.059328+00:00,2026-06-04T10:25:52.059328+00:00,[],dialogue,,
tp_evo_069,evolution,EVO_006,重大失落中的模仿成長盲點,在重大失落中，持續用模仿成長看待成長，於是重複同一個課題，使真正的需求被遮住。,我必須透過模仿成長，才算真的在成長。,成長來自整合，不來自反覆抓住模仿成長。,如果不再重演模仿成長，下一步成熟會是什麼？,"[""進化"", ""模仿成長"", ""失落""]","[""失落"", ""轉化""]",TruthOS seed dataset,evolution 進化 EVO_006 模仿成長 重大失落中的模仿成長盲點 在重大失落中，持續用模仿成長看待成長，於是重複同一個課題，使真正的需求被遮住。 我必須透過模仿成長，才算真的在成長。 成長來自整合，不來自反覆抓住模仿成長。 進化 模仿成長 失落 失落 轉化,2026-06-04T10:25:52.059328+00:00,2026-06-04T10:25:52.059328+00:00,[],dialogue,,
tp_evo_070,evolution,EVO_006,教養現場中的模仿成長盲點,在教養現場中，持續用模仿成長看待成長，於是重複同一個課題，讓反饋失去作用。,我必須透過模仿成長，才算真的在成長。,成長來自整合，不來自反覆抓住模仿成長。,如果不再重演模仿成長，下一步成熟會是什麼？,"[""進化"", ""模仿成長"", ""教養""]","[""親子"", ""教養""]",TruthOS seed dataset,evolution 進化 EVO_006 模仿成長 教養現場中的模仿成長盲點 在教養現場中，持續用模仿成長看待成長，於是重複同一個課題，讓反饋失去作用。 我必須透過模仿成長，才算真的在成長。 成長來自整合，不來自反覆抓住模仿成長。 進化 模仿成長 教養 親子 教養,2026-06-04T10:25:52.059328+00:00,2026-06-04T10:25:52.059328+00:00,[],dialogue,,
tp_evo_071,evolution,EVO_006,團隊回饋中的模仿成長盲點,在團隊回饋中，持續用模仿成長看待成長，於是重複同一個課題，讓信任開始鬆動。,我必須透過模仿成長，才算真的在成長。,成長來自整合，不來自反覆抓住模仿成長。,如果不再重演模仿成長，下一步成熟會是什麼？,"[""進化"", ""模仿成長"", ""回饋""]","[""團隊"", ""回饋""]",TruthOS seed dataset,evolution 進化 EVO_006 模仿成長 團隊回饋中的模仿成長盲點 在團隊回饋中，持續用模仿成長看待成長，於是重複同一個課題，讓信任開始鬆動。 我必須透過模仿成長，才算真的在成長。 成長來自整合，不來自反覆抓住模仿成長。 進化 模仿成長 回饋 團隊 回饋,2026-06-04T10:25:52.059328+00:00,2026-06-04T10:25:52.059328+00:00,[],dialogue,,
tp_evo_072,evolution,EVO_006,社群曝光中的模仿成長盲點,在社群曝光中，持續用模仿成長看待成長，於是重複同一個課題，讓決定越來越僵硬。,我必須透過模仿成長，才算真的在成長。,成長來自整合，不來自反覆抓住模仿成長。,如果不再重演模仿成長，下一步成熟會是什麼？,"[""進化"", ""模仿成長"", ""社群""]","[""社群"", ""自我價值""]",TruthOS seed dataset,evolution 進化 EVO_006 模仿成長 社群曝光中的模仿成長盲點 在社群曝光中，持續用模仿成長看待成長，於是重複同一個課題，讓決定越來越僵硬。 我必須透過模仿成長，才算真的在成長。 成長來自整合，不來自反覆抓住模仿成長。 進化 模仿成長 社群 社群 自我價值,2026-06-04T10:25:52.059328+00:00,2026-06-04T10:25:52.059328+00:00,[],dialogue,,
tp_evo_073,evolution,EVO_006,家庭對話中的模仿成長盲點,在家庭對話中，持續用模仿成長看待成長，於是重複同一個課題，讓內在更難安定。,我必須透過模仿成長，才算真的在成長。,成長來自整合，不來自反覆抓住模仿成長。,如果不再重演模仿成長，下一步成熟會是什麼？,"[""進化"", ""模仿成長"", ""家庭""]","[""家庭"", ""親子""]",TruthOS seed dataset,evolution 進化 EVO_006 模仿成長 家庭對話中的模仿成長盲點 在家庭對話中，持續用模仿成長看待成長，於是重複同一個課題，讓內在更難安定。 我必須透過模仿成長，才算真的在成長。 成長來自整合，不來自反覆抓住模仿成長。 進化 模仿成長 家庭 家庭 親子,2026-06-04T10:25:52.059328+00:00,2026-06-04T10:25:52.059328+00:00,[],dialogue,,
tp_evo_074,evolution,EVO_006,伴侶衝突中的模仿成長盲點,在伴侶衝突中，持續用模仿成長看待成長，於是重複同一個課題，使互動落入重複循環。,我必須透過模仿成長，才算真的在成長。,成長來自整合，不來自反覆抓住模仿成長。,如果不再重演模仿成長，下一步成熟會是什麼？,"[""進化"", ""模仿成長"", ""伴侶""]","[""伴侶"", ""界線""]",TruthOS seed dataset,evolution 進化 EVO_006 模仿成長 伴侶衝突中的模仿成長盲點 在伴侶衝突中，持續用模仿成長看待成長，於是重複同一個課題，使互動落入重複循環。 我必須透過模仿成長，才算真的在成長。 成長來自整合，不來自反覆抓住模仿成長。 進化 模仿成長 伴侶 伴侶 界線,2026-06-04T10:25:52.059328+00:00,2026-06-04T10:25:52.059328+00:00,[],dialogue,,
tp_evo_075,evolution,EVO_006,職場協作中的模仿成長盲點,在職場協作中，持續用模仿成長看待成長，於是重複同一個課題，讓看見真相的空間縮小。,我必須透過模仿成長，才算真的在成長。,成長來自整合，不來自反覆抓住模仿成長。,如果不再重演模仿成長，下一步成熟會是什麼？,"[""進化"", ""模仿成長"", ""職場""]","[""工作"", ""團隊""]",TruthOS seed dataset,evolution 進化 EVO_006 模仿成長 職場協作中的模仿成長盲點 在職場協作中，持續用模仿成長看待成長，於是重複同一個課題，讓看見真相的空間縮小。 我必須透過模仿成長，才算真的在成長。 成長來自整合，不來自反覆抓住模仿成長。 進化 模仿成長 職場 工作 團隊,2026-06-04T10:25:52.059328+00:00,2026-06-04T10:25:52.059328+00:00,[],dialogue,,
tp_evo_076,evolution,EVO_006,領導決策中的模仿成長盲點,在領導決策中，持續用模仿成長看待成長，於是重複同一個課題，讓支持變成壓力。,我必須透過模仿成長，才算真的在成長。,成長來自整合，不來自反覆抓住模仿成長。,如果不再重演模仿成長，下一步成熟會是什麼？,"[""進化"", ""模仿成長"", ""領導""]","[""領導"", ""決策""]",TruthOS seed dataset,evolution 進化 EVO_006 模仿成長 領導決策中的模仿成長盲點 在領導決策中，持續用模仿成長看待成長，於是重複同一個課題，讓支持變成壓力。 我必須透過模仿成長，才算真的在成長。 成長來自整合，不來自反覆抓住模仿成長。 進化 模仿成長 領導 領導 決策,2026-06-04T10:25:52.059328+00:00,2026-06-04T10:25:52.059328+00:00,[],dialogue,,
tp_evo_077,evolution,EVO_007,健康壓力中的只收結果盲點,在健康壓力中，持續用只收結果看待成長，於是重複同一個課題，讓改變停在表面。,我必須透過只收結果，才算真的在成長。,成長來自整合，不來自反覆抓住只收結果。,如果不再重演只收結果，下一步成熟會是什麼？,"[""進化"", ""只收結果"", ""健康""]","[""健康"", ""壓力""]",TruthOS seed dataset,evolution 進化 EVO_007 只收結果 健康壓力中的只收結果盲點 在健康壓力中，持續用只收結果看待成長，於是重複同一個課題，讓改變停在表面。 我必須透過只收結果，才算真的在成長。 成長來自整合，不來自反覆抓住只收結果。 進化 只收結果 健康 健康 壓力,2026-06-04T10:25:52.059328+00:00,2026-06-04T10:25:52.059328+00:00,[],dialogue,,
tp_evo_078,evolution,EVO_007,創作卡關中的只收結果盲點,在創作卡關中，持續用只收結果看待成長，於是重複同一個課題，讓資源交換變得扭曲。,我必須透過只收結果，才算真的在成長。,成長來自整合，不來自反覆抓住只收結果。,如果不再重演只收結果，下一步成熟會是什麼？,"[""進化"", ""只收結果"", ""創作""]","[""創作"", ""表達""]",TruthOS seed dataset,evolution 進化 EVO_007 只收結果 創作卡關中的只收結果盲點 在創作卡關中，持續用只收結果看待成長，於是重複同一個課題，讓資源交換變得扭曲。 我必須透過只收結果，才算真的在成長。 成長來自整合，不來自反覆抓住只收結果。 進化 只收結果 創作 創作 表達,2026-06-04T10:25:52.059328+00:00,2026-06-04T10:25:52.059328+00:00,[],dialogue,,
tp_evo_079,evolution,EVO_007,靈性實踐中的只收結果盲點,在靈性實踐中，持續用只收結果看待成長，於是重複同一個課題，讓對話逐漸失衡。,我必須透過只收結果，才算真的在成長。,成長來自整合，不來自反覆抓住只收結果。,如果不再重演只收結果，下一步成熟會是什麼？,"[""進化"", ""只收結果"", ""靈性""]","[""靈性"", ""自我觀察""]",TruthOS seed dataset,evolution 進化 EVO_007 只收結果 靈性實踐中的只收結果盲點 在靈性實踐中，持續用只收結果看待成長，於是重複同一個課題，讓對話逐漸失衡。 我必須透過只收結果，才算真的在成長。 成長來自整合，不來自反覆抓住只收結果。 進化 只收結果 靈性 靈性 自我觀察,2026-06-04T10:25:52.059328+00:00,2026-06-04T10:25:52.059328+00:00,[],dialogue,,
tp_evo_080,evolution,EVO_007,重大失落中的只收結果盲點,在重大失落中，持續用只收結果看待成長，於是重複同一個課題，讓界線變得模糊。,我必須透過只收結果，才算真的在成長。,成長來自整合，不來自反覆抓住只收結果。,如果不再重演只收結果，下一步成熟會是什麼？,"[""進化"", ""只收結果"", ""失落""]","[""失落"", ""轉化""]",TruthOS seed dataset,evolution 進化 EVO_007 只收結果 重大失落中的只收結果盲點 在重大失落中，持續用只收結果看待成長，於是重複同一個課題，讓界線變得模糊。 我必須透過只收結果，才算真的在成長。 成長來自整合，不來自反覆抓住只收結果。 進化 只收結果 失落 失落 轉化,2026-06-04T10:25:52.059328+00:00,2026-06-04T10:25:52.059328+00:00,[],dialogue,,
tp_evo_081,evolution,EVO_007,教養現場中的只收結果盲點,在教養現場中，持續用只收結果看待成長，於是重複同一個課題，讓責任位置變得混亂。,我必須透過只收結果，才算真的在成長。,成長來自整合，不來自反覆抓住只收結果。,如果不再重演只收結果，下一步成熟會是什麼？,"[""進化"", ""只收結果"", ""教養""]","[""親子"", ""教養""]",TruthOS seed dataset,evolution 進化 EVO_007 只收結果 教養現場中的只收結果盲點 在教養現場中，持續用只收結果看待成長，於是重複同一個課題，讓責任位置變得混亂。 我必須透過只收結果，才算真的在成長。 成長來自整合，不來自反覆抓住只收結果。 進化 只收結果 教養 親子 教養,2026-06-04T10:25:52.059328+00:00,2026-06-04T10:25:52.059328+00:00,[],dialogue,,
tp_evo_082,evolution,EVO_007,團隊回饋中的只收結果盲點,在團隊回饋中，持續用只收結果看待成長，於是重複同一個課題，使真正的需求被遮住。,我必須透過只收結果，才算真的在成長。,成長來自整合，不來自反覆抓住只收結果。,如果不再重演只收結果，下一步成熟會是什麼？,"[""進化"", ""只收結果"", ""回饋""]","[""團隊"", ""回饋""]",TruthOS seed dataset,evolution 進化 EVO_007 只收結果 團隊回饋中的只收結果盲點 在團隊回饋中，持續用只收結果看待成長，於是重複同一個課題，使真正的需求被遮住。 我必須透過只收結果，才算真的在成長。 成長來自整合，不來自反覆抓住只收結果。 進化 只收結果 回饋 團隊 回饋,2026-06-04T10:25:52.059328+00:00,2026-06-04T10:25:52.059328+00:00,[],dialogue,,
tp_evo_083,evolution,EVO_007,社群曝光中的只收結果盲點,在社群曝光中，持續用只收結果看待成長，於是重複同一個課題，讓反饋失去作用。,我必須透過只收結果，才算真的在成長。,成長來自整合，不來自反覆抓住只收結果。,如果不再重演只收結果，下一步成熟會是什麼？,"[""進化"", ""只收結果"", ""社群""]","[""社群"", ""自我價值""]",TruthOS seed dataset,evolution 進化 EVO_007 只收結果 社群曝光中的只收結果盲點 在社群曝光中，持續用只收結果看待成長，於是重複同一個課題，讓反饋失去作用。 我必須透過只收結果，才算真的在成長。 成長來自整合，不來自反覆抓住只收結果。 進化 只收結果 社群 社群 自我價值,2026-06-04T10:25:52.059328+00:00,2026-06-04T10:25:52.059328+00:00,[],dialogue,,
tp_evo_084,evolution,EVO_007,家庭對話中的只收結果盲點,在家庭對話中，持續用只收結果看待成長，於是重複同一個課題，讓信任開始鬆動。,我必須透過只收結果，才算真的在成長。,成長來自整合，不來自反覆抓住只收結果。,如果不再重演只收結果，下一步成熟會是什麼？,"[""進化"", ""只收結果"", ""家庭""]","[""家庭"", ""親子""]",TruthOS seed dataset,evolution 進化 EVO_007 只收結果 家庭對話中的只收結果盲點 在家庭對話中，持續用只收結果看待成長，於是重複同一個課題，讓信任開始鬆動。 我必須透過只收結果，才算真的在成長。 成長來自整合，不來自反覆抓住只收結果。 進化 只收結果 家庭 家庭 親子,2026-06-04T10:25:52.059328+00:00,2026-06-04T10:25:52.059328+00:00,[],dialogue,,
tp_evo_085,evolution,EVO_007,伴侶衝突中的只收結果盲點,在伴侶衝突中，持續用只收結果看待成長，於是重複同一個課題，讓決定越來越僵硬。,我必須透過只收結果，才算真的在成長。,成長來自整合，不來自反覆抓住只收結果。,如果不再重演只收結果，下一步成熟會是什麼？,"[""進化"", ""只收結果"", ""伴侶""]","[""伴侶"", ""界線""]",TruthOS seed dataset,evolution 進化 EVO_007 只收結果 伴侶衝突中的只收結果盲點 在伴侶衝突中，持續用只收結果看待成長，於是重複同一個課題，讓決定越來越僵硬。 我必須透過只收結果，才算真的在成長。 成長來自整合，不來自反覆抓住只收結果。 進化 只收結果 伴侶 伴侶 界線,2026-06-04T10:25:52.059328+00:00,2026-06-04T10:25:52.059328+00:00,[],dialogue,,
tp_evo_086,evolution,EVO_007,職場協作中的只收結果盲點,在職場協作中，持續用只收結果看待成長，於是重複同一個課題，讓內在更難安定。,我必須透過只收結果，才算真的在成長。,成長來自整合，不來自反覆抓住只收結果。,如果不再重演只收結果，下一步成熟會是什麼？,"[""進化"", ""只收結果"", ""職場""]","[""工作"", ""團隊""]",TruthOS seed dataset,evolution 進化 EVO_007 只收結果 職場協作中的只收結果盲點 在職場協作中，持續用只收結果看待成長，於是重複同一個課題，讓內在更難安定。 我必須透過只收結果，才算真的在成長。 成長來自整合，不來自反覆抓住只收結果。 進化 只收結果 職場 工作 團隊,2026-06-04T10:25:52.059328+00:00,2026-06-04T10:25:52.059328+00:00,[],dialogue,,
tp_evo_087,evolution,EVO_007,領導決策中的只收結果盲點,在領導決策中，持續用只收結果看待成長，於是重複同一個課題，使互動落入重複循環。,我必須透過只收結果，才算真的在成長。,成長來自整合，不來自反覆抓住只收結果。,如果不再重演只收結果，下一步成熟會是什麼？,"[""進化"", ""只收結果"", ""領導""]","[""領導"", ""決策""]",TruthOS seed dataset,evolution 進化 EVO_007 只收結果 領導決策中的只收結果盲點 在領導決策中，持續用只收結果看待成長，於是重複同一個課題，使互動落入重複循環。 我必須透過只收結果，才算真的在成長。 成長來自整合，不來自反覆抓住只收結果。 進化 只收結果 領導 領導 決策,2026-06-04T10:25:52.059328+00:00,2026-06-04T10:25:52.059328+00:00,[],dialogue,,
tp_evo_088,evolution,EVO_007,朋友互動中的只收結果盲點,在朋友互動中，持續用只收結果看待成長，於是重複同一個課題，讓看見真相的空間縮小。,我必須透過只收結果，才算真的在成長。,成長來自整合，不來自反覆抓住只收結果。,如果不再重演只收結果，下一步成熟會是什麼？,"[""進化"", ""只收結果"", ""友誼""]","[""友誼"", ""界線""]",TruthOS seed dataset,evolution 進化 EVO_007 只收結果 朋友互動中的只收結果盲點 在朋友互動中，持續用只收結果看待成長，於是重複同一個課題，讓看見真相的空間縮小。 我必須透過只收結果，才算真的在成長。 成長來自整合，不來自反覆抓住只收結果。 進化 只收結果 友誼 友誼 界線,2026-06-04T10:25:52.059328+00:00,2026-06-04T10:25:52.059328+00:00,[],dialogue,,
tp_evo_089,evolution,EVO_008,創作卡關中的逃避整合盲點,在創作卡關中，持續用逃避整合看待成長，於是重複同一個課題，讓支持變成壓力。,我必須透過逃避整合，才算真的在成長。,成長來自整合，不來自反覆抓住逃避整合。,如果不再重演逃避整合，下一步成熟會是什麼？,"[""進化"", ""逃避整合"", ""創作""]","[""創作"", ""表達""]",TruthOS seed dataset,evolution 進化 EVO_008 逃避整合 創作卡關中的逃避整合盲點 在創作卡關中，持續用逃避整合看待成長，於是重複同一個課題，讓支持變成壓力。 我必須透過逃避整合，才算真的在成長。 成長來自整合，不來自反覆抓住逃避整合。 進化 逃避整合 創作 創作 表達,2026-06-04T10:25:52.059328+00:00,2026-06-04T10:25:52.059328+00:00,[],dialogue,,
tp_evo_090,evolution,EVO_008,靈性實踐中的逃避整合盲點,在靈性實踐中，持續用逃避整合看待成長，於是重複同一個課題，讓改變停在表面。,我必須透過逃避整合，才算真的在成長。,成長來自整合，不來自反覆抓住逃避整合。,如果不再重演逃避整合，下一步成熟會是什麼？,"[""進化"", ""逃避整合"", ""靈性""]","[""靈性"", ""自我觀察""]",TruthOS seed dataset,evolution 進化 EVO_008 逃避整合 靈性實踐中的逃避整合盲點 在靈性實踐中，持續用逃避整合看待成長，於是重複同一個課題，讓改變停在表面。 我必須透過逃避整合，才算真的在成長。 成長來自整合，不來自反覆抓住逃避整合。 進化 逃避整合 靈性 靈性 自我觀察,2026-06-04T10:25:52.059328+00:00,2026-06-04T10:25:52.059328+00:00,[],dialogue,,
tp_evo_091,evolution,EVO_008,重大失落中的逃避整合盲點,在重大失落中，持續用逃避整合看待成長，於是重複同一個課題，讓資源交換變得扭曲。,我必須透過逃避整合，才算真的在成長。,成長來自整合，不來自反覆抓住逃避整合。,如果不再重演逃避整合，下一步成熟會是什麼？,"[""進化"", ""逃避整合"", ""失落""]","[""失落"", ""轉化""]",TruthOS seed dataset,evolution 進化 EVO_008 逃避整合 重大失落中的逃避整合盲點 在重大失落中，持續用逃避整合看待成長，於是重複同一個課題，讓資源交換變得扭曲。 我必須透過逃避整合，才算真的在成長。 成長來自整合，不來自反覆抓住逃避整合。 進化 逃避整合 失落 失落 轉化,2026-06-04T10:25:52.059328+00:00,2026-06-04T10:25:52.059328+00:00,[],dialogue,,
tp_evo_092,evolution,EVO_008,教養現場中的逃避整合盲點,在教養現場中，持續用逃避整合看待成長，於是重複同一個課題，讓對話逐漸失衡。,我必須透過逃避整合，才算真的在成長。,成長來自整合，不來自反覆抓住逃避整合。,如果不再重演逃避整合，下一步成熟會是什麼？,"[""進化"", ""逃避整合"", ""教養""]","[""親子"", ""教養""]",TruthOS seed dataset,evolution 進化 EVO_008 逃避整合 教養現場中的逃避整合盲點 在教養現場中，持續用逃避整合看待成長，於是重複同一個課題，讓對話逐漸失衡。 我必須透過逃避整合，才算真的在成長。 成長來自整合，不來自反覆抓住逃避整合。 進化 逃避整合 教養 親子 教養,2026-06-04T10:25:52.059328+00:00,2026-06-04T10:25:52.059328+00:00,[],dialogue,,
tp_evo_093,evolution,EVO_008,團隊回饋中的逃避整合盲點,在團隊回饋中，持續用逃避整合看待成長，於是重複同一個課題，讓界線變得模糊。,我必須透過逃避整合，才算真的在成長。,成長來自整合，不來自反覆抓住逃避整合。,如果不再重演逃避整合，下一步成熟會是什麼？,"[""進化"", ""逃避整合"", ""回饋""]","[""團隊"", ""回饋""]",TruthOS seed dataset,evolution 進化 EVO_008 逃避整合 團隊回饋中的逃避整合盲點 在團隊回饋中，持續用逃避整合看待成長，於是重複同一個課題，讓界線變得模糊。 我必須透過逃避整合，才算真的在成長。 成長來自整合，不來自反覆抓住逃避整合。 進化 逃避整合 回饋 團隊 回饋,2026-06-04T10:25:52.059328+00:00,2026-06-04T10:25:52.059328+00:00,[],dialogue,,
tp_evo_094,evolution,EVO_008,社群曝光中的逃避整合盲點,在社群曝光中，持續用逃避整合看待成長，於是重複同一個課題，讓責任位置變得混亂。,我必須透過逃避整合，才算真的在成長。,成長來自整合，不來自反覆抓住逃避整合。,如果不再重演逃避整合，下一步成熟會是什麼？,"[""進化"", ""逃避整合"", ""社群""]","[""社群"", ""自我價值""]",TruthOS seed dataset,evolution 進化 EVO_008 逃避整合 社群曝光中的逃避整合盲點 在社群曝光中，持續用逃避整合看待成長，於是重複同一個課題，讓責任位置變得混亂。 我必須透過逃避整合，才算真的在成長。 成長來自整合，不來自反覆抓住逃避整合。 進化 逃避整合 社群 社群 自我價值,2026-06-04T10:25:52.059328+00:00,2026-06-04T10:25:52.059328+00:00,[],dialogue,,
tp_evo_095,evolution,EVO_008,家庭對話中的逃避整合盲點,在家庭對話中，持續用逃避整合看待成長，於是重複同一個課題，使真正的需求被遮住。,我必須透過逃避整合，才算真的在成長。,成長來自整合，不來自反覆抓住逃避整合。,如果不再重演逃避整合，下一步成熟會是什麼？,"[""進化"", ""逃避整合"", ""家庭""]","[""家庭"", ""親子""]",TruthOS seed dataset,evolution 進化 EVO_008 逃避整合 家庭對話中的逃避整合盲點 在家庭對話中，持續用逃避整合看待成長，於是重複同一個課題，使真正的需求被遮住。 我必須透過逃避整合，才算真的在成長。 成長來自整合，不來自反覆抓住逃避整合。 進化 逃避整合 家庭 家庭 親子,2026-06-04T10:25:52.059328+00:00,2026-06-04T10:25:52.059328+00:00,[],dialogue,,
tp_evo_096,evolution,EVO_008,伴侶衝突中的逃避整合盲點,在伴侶衝突中，持續用逃避整合看待成長，於是重複同一個課題，讓反饋失去作用。,我必須透過逃避整合，才算真的在成長。,成長來自整合，不來自反覆抓住逃避整合。,如果不再重演逃避整合，下一步成熟會是什麼？,"[""進化"", ""逃避整合"", ""伴侶""]","[""伴侶"", ""界線""]",TruthOS seed dataset,evolution 進化 EVO_008 逃避整合 伴侶衝突中的逃避整合盲點 在伴侶衝突中，持續用逃避整合看待成長，於是重複同一個課題，讓反饋失去作用。 我必須透過逃避整合，才算真的在成長。 成長來自整合，不來自反覆抓住逃避整合。 進化 逃避整合 伴侶 伴侶 界線,2026-06-04T10:25:52.059328+00:00,2026-06-04T10:25:52.059328+00:00,[],dialogue,,
tp_evo_097,evolution,EVO_008,職場協作中的逃避整合盲點,在職場協作中，持續用逃避整合看待成長，於是重複同一個課題，讓信任開始鬆動。,我必須透過逃避整合，才算真的在成長。,成長來自整合，不來自反覆抓住逃避整合。,如果不再重演逃避整合，下一步成熟會是什麼？,"[""進化"", ""逃避整合"", ""職場""]","[""工作"", ""團隊""]",TruthOS seed dataset,evolution 進化 EVO_008 逃避整合 職場協作中的逃避整合盲點 在職場協作中，持續用逃避整合看待成長，於是重複同一個課題，讓信任開始鬆動。 我必須透過逃避整合，才算真的在成長。 成長來自整合，不來自反覆抓住逃避整合。 進化 逃避整合 職場 工作 團隊,2026-06-04T10:25:52.059328+00:00,2026-06-04T10:25:52.059328+00:00,[],dialogue,,
tp_evo_098,evolution,EVO_008,領導決策中的逃避整合盲點,在領導決策中，持續用逃避整合看待成長，於是重複同一個課題，讓決定越來越僵硬。,我必須透過逃避整合，才算真的在成長。,成長來自整合，不來自反覆抓住逃避整合。,如果不再重演逃避整合，下一步成熟會是什麼？,"[""進化"", ""逃避整合"", ""領導""]","[""領導"", ""決策""]",TruthOS seed dataset,evolution 進化 EVO_008 逃避整合 領導決策中的逃避整合盲點 在領導決策中，持續用逃避整合看待成長，於是重複同一個課題，讓決定越來越僵硬。 我必須透過逃避整合，才算真的在成長。 成長來自整合，不來自反覆抓住逃避整合。 進化 逃避整合 領導 領導 決策,2026-06-04T10:25:52.059328+00:00,2026-06-04T10:25:52.059328+00:00,[],dialogue,,
tp_evo_099,evolution,EVO_008,朋友互動中的逃避整合盲點,在朋友互動中，持續用逃避整合看待成長，於是重複同一個課題，讓內在更難安定。,我必須透過逃避整合，才算真的在成長。,成長來自整合，不來自反覆抓住逃避整合。,如果不再重演逃避整合，下一步成熟會是什麼？,"[""進化"", ""逃避整合"", ""友誼""]","[""友誼"", ""界線""]",TruthOS seed dataset,evolution 進化 EVO_008 逃避整合 朋友互動中的逃避整合盲點 在朋友互動中，持續用逃避整合看待成長，於是重複同一個課題，讓內在更難安定。 我必須透過逃避整合，才算真的在成長。 成長來自整合，不來自反覆抓住逃避整合。 進化 逃避整合 友誼 友誼 界線,2026-06-04T10:25:52.059328+00:00,2026-06-04T10:25:52.059328+00:00,[],dialogue,,
tp_evo_100,evolution,EVO_008,金錢選擇中的逃避整合盲點,在金錢選擇中，持續用逃避整合看待成長，於是重複同一個課題，使互動落入重複循環。,我必須透過逃避整合，才算真的在成長。,成長來自整合，不來自反覆抓住逃避整合。,如果不再重演逃避整合，下一步成熟會是什麼？,"[""進化"", ""逃避整合"", ""金錢""]","[""金錢"", ""價值""]",TruthOS seed dataset,evolution 進化 EVO_008 逃避整合 金錢選擇中的逃避整合盲點 在金錢選擇中，持續用逃避整合看待成長，於是重複同一個課題，使互動落入重複循環。 我必須透過逃避整合，才算真的在成長。 成長來自整合，不來自反覆抓住逃避整合。 進化 逃避整合 金錢 金錢 價值,2026-06-04T10:25:52.059328+00:00,2026-06-04T10:25:52.059328+00:00,[],dialogue,,
tp_cau_001,causality,CAU_001,家庭對話中的推責盲點,在家庭對話中，因為忽略推責，看不見結果其實來自一連串選擇，讓對話逐漸失衡。,只要結果過得去，推責就不重要。,看見推責背後的選擇，才能真正改變結果。,這個結果之前，你在哪個選擇點忽略了推責？,"[""因果"", ""推責"", ""家庭""]","[""家庭"", ""親子""]",TruthOS seed dataset,causality 因果 CAU_001 推責 家庭對話中的推責盲點 在家庭對話中，因為忽略推責，看不見結果其實來自一連串選擇，讓對話逐漸失衡。 只要結果過得去，推責就不重要。 看見推責背後的選擇，才能真正改變結果。 因果 推責 家庭 家庭 親子,2026-06-04T10:25:52.059328+00:00,2026-06-04T10:25:52.059328+00:00,[],dialogue,,
tp_cau_002,causality,CAU_001,伴侶衝突中的推責盲點,在伴侶衝突中，因為忽略推責，看不見結果其實來自一連串選擇，讓界線變得模糊。,只要結果過得去，推責就不重要。,看見推責背後的選擇，才能真正改變結果。,這個結果之前，你在哪個選擇點忽略了推責？,"[""因果"", ""推責"", ""伴侶""]","[""伴侶"", ""界線""]",TruthOS seed dataset,causality 因果 CAU_001 推責 伴侶衝突中的推責盲點 在伴侶衝突中，因為忽略推責，看不見結果其實來自一連串選擇，讓界線變得模糊。 只要結果過得去，推責就不重要。 看見推責背後的選擇，才能真正改變結果。 因果 推責 伴侶 伴侶 界線,2026-06-04T10:25:52.059328+00:00,2026-06-04T10:25:52.059328+00:00,[],dialogue,,
tp_cau_003,causality,CAU_001,職場協作中的推責盲點,在職場協作中，因為忽略推責，看不見結果其實來自一連串選擇，讓責任位置變得混亂。,只要結果過得去，推責就不重要。,看見推責背後的選擇，才能真正改變結果。,這個結果之前，你在哪個選擇點忽略了推責？,"[""因果"", ""推責"", ""職場""]","[""工作"", ""團隊""]",TruthOS seed dataset,causality 因果 CAU_001 推責 職場協作中的推責盲點 在職場協作中，因為忽略推責，看不見結果其實來自一連串選擇，讓責任位置變得混亂。 只要結果過得去，推責就不重要。 看見推責背後的選擇，才能真正改變結果。 因果 推責 職場 工作 團隊,2026-06-04T10:25:52.059328+00:00,2026-06-04T10:25:52.059328+00:00,[],dialogue,,
tp_cau_004,causality,CAU_001,領導決策中的推責盲點,在領導決策中，因為忽略推責，看不見結果其實來自一連串選擇，使真正的需求被遮住。,只要結果過得去，推責就不重要。,看見推責背後的選擇，才能真正改變結果。,這個結果之前，你在哪個選擇點忽略了推責？,"[""因果"", ""推責"", ""領導""]","[""領導"", ""決策""]",TruthOS seed dataset,causality 因果 CAU_001 推責 領導決策中的推責盲點 在領導決策中，因為忽略推責，看不見結果其實來自一連串選擇，使真正的需求被遮住。 只要結果過得去，推責就不重要。 看見推責背後的選擇，才能真正改變結果。 因果 推責 領導 領導 決策,2026-06-04T10:25:52.059328+00:00,2026-06-04T10:25:52.059328+00:00,[],dialogue,,
tp_cau_005,causality,CAU_001,朋友互動中的推責盲點,在朋友互動中，因為忽略推責，看不見結果其實來自一連串選擇，讓反饋失去作用。,只要結果過得去，推責就不重要。,看見推責背後的選擇，才能真正改變結果。,這個結果之前，你在哪個選擇點忽略了推責？,"[""因果"", ""推責"", ""友誼""]","[""友誼"", ""界線""]",TruthOS seed dataset,causality 因果 CAU_001 推責 朋友互動中的推責盲點 在朋友互動中，因為忽略推責，看不見結果其實來自一連串選擇，讓反饋失去作用。 只要結果過得去，推責就不重要。 看見推責背後的選擇，才能真正改變結果。 因果 推責 友誼 友誼 界線,2026-06-04T10:25:52.059328+00:00,2026-06-04T10:25:52.059328+00:00,[],dialogue,,
tp_cau_006,causality,CAU_001,金錢選擇中的推責盲點,在金錢選擇中，因為忽略推責，看不見結果其實來自一連串選擇，讓信任開始鬆動。,只要結果過得去，推責就不重要。,看見推責背後的選擇，才能真正改變結果。,這個結果之前，你在哪個選擇點忽略了推責？,"[""因果"", ""推責"", ""金錢""]","[""金錢"", ""價值""]",TruthOS seed dataset,causality 因果 CAU_001 推責 金錢選擇中的推責盲點 在金錢選擇中，因為忽略推責，看不見結果其實來自一連串選擇，讓信任開始鬆動。 只要結果過得去，推責就不重要。 看見推責背後的選擇，才能真正改變結果。 因果 推責 金錢 金錢 價值,2026-06-04T10:25:52.059328+00:00,2026-06-04T10:25:52.059328+00:00,[],dialogue,,
tp_cau_007,causality,CAU_001,健康壓力中的推責盲點,在健康壓力中，因為忽略推責，看不見結果其實來自一連串選擇，讓決定越來越僵硬。,只要結果過得去，推責就不重要。,看見推責背後的選擇，才能真正改變結果。,這個結果之前，你在哪個選擇點忽略了推責？,"[""因果"", ""推責"", ""健康""]","[""健康"", ""壓力""]",TruthOS seed dataset,causality 因果 CAU_001 推責 健康壓力中的推責盲點 在健康壓力中，因為忽略推責，看不見結果其實來自一連串選擇，讓決定越來越僵硬。 只要結果過得去，推責就不重要。 看見推責背後的選擇，才能真正改變結果。 因果 推責 健康 健康 壓力,2026-06-04T10:25:52.059328+00:00,2026-06-04T10:25:52.059328+00:00,[],dialogue,,
tp_cau_008,causality,CAU_001,創作卡關中的推責盲點,在創作卡關中，因為忽略推責，看不見結果其實來自一連串選擇，讓內在更難安定。,只要結果過得去，推責就不重要。,看見推責背後的選擇，才能真正改變結果。,這個結果之前，你在哪個選擇點忽略了推責？,"[""因果"", ""推責"", ""創作""]","[""創作"", ""表達""]",TruthOS seed dataset,causality 因果 CAU_001 推責 創作卡關中的推責盲點 在創作卡關中，因為忽略推責，看不見結果其實來自一連串選擇，讓內在更難安定。 只要結果過得去，推責就不重要。 看見推責背後的選擇，才能真正改變結果。 因果 推責 創作 創作 表達,2026-06-04T10:25:52.059328+00:00,2026-06-04T10:25:52.059328+00:00,[],dialogue,,
tp_cau_009,causality,CAU_001,靈性實踐中的推責盲點,在靈性實踐中，因為忽略推責，看不見結果其實來自一連串選擇，使互動落入重複循環。,只要結果過得去，推責就不重要。,看見推責背後的選擇，才能真正改變結果。,這個結果之前，你在哪個選擇點忽略了推責？,"[""因果"", ""推責"", ""靈性""]","[""靈性"", ""自我觀察""]",TruthOS seed dataset,causality 因果 CAU_001 推責 靈性實踐中的推責盲點 在靈性實踐中，因為忽略推責，看不見結果其實來自一連串選擇，使互動落入重複循環。 只要結果過得去，推責就不重要。 看見推責背後的選擇，才能真正改變結果。 因果 推責 靈性 靈性 自我觀察,2026-06-04T10:25:52.059328+00:00,2026-06-04T10:25:52.059328+00:00,[],dialogue,,
tp_cau_010,causality,CAU_001,重大失落中的推責盲點,在重大失落中，因為忽略推責，看不見結果其實來自一連串選擇，讓看見真相的空間縮小。,只要結果過得去，推責就不重要。,看見推責背後的選擇，才能真正改變結果。,這個結果之前，你在哪個選擇點忽略了推責？,"[""因果"", ""推責"", ""失落""]","[""失落"", ""轉化""]",TruthOS seed dataset,causality 因果 CAU_001 推責 重大失落中的推責盲點 在重大失落中，因為忽略推責，看不見結果其實來自一連串選擇，讓看見真相的空間縮小。 只要結果過得去，推責就不重要。 看見推責背後的選擇，才能真正改變結果。 因果 推責 失落 失落 轉化,2026-06-04T10:25:52.059328+00:00,2026-06-04T10:25:52.059328+00:00,[],dialogue,,
tp_cau_011,causality,CAU_001,教養現場中的推責盲點,在教養現場中，因為忽略推責，看不見結果其實來自一連串選擇，讓支持變成壓力。,只要結果過得去，推責就不重要。,看見推責背後的選擇，才能真正改變結果。,這個結果之前，你在哪個選擇點忽略了推責？,"[""因果"", ""推責"", ""教養""]","[""親子"", ""教養""]",TruthOS seed dataset,causality 因果 CAU_001 推責 教養現場中的推責盲點 在教養現場中，因為忽略推責，看不見結果其實來自一連串選擇，讓支持變成壓力。 只要結果過得去，推責就不重要。 看見推責背後的選擇，才能真正改變結果。 因果 推責 教養 親子 教養,2026-06-04T10:25:52.059328+00:00,2026-06-04T10:25:52.059328+00:00,[],dialogue,,
tp_cau_012,causality,CAU_001,團隊回饋中的推責盲點,在團隊回饋中，因為忽略推責，看不見結果其實來自一連串選擇，讓改變停在表面。,只要結果過得去，推責就不重要。,看見推責背後的選擇，才能真正改變結果。,這個結果之前，你在哪個選擇點忽略了推責？,"[""因果"", ""推責"", ""回饋""]","[""團隊"", ""回饋""]",TruthOS seed dataset,causality 因果 CAU_001 推責 團隊回饋中的推責盲點 在團隊回饋中，因為忽略推責，看不見結果其實來自一連串選擇，讓改變停在表面。 只要結果過得去，推責就不重要。 看見推責背後的選擇，才能真正改變結果。 因果 推責 回饋 團隊 回饋,2026-06-04T10:25:52.059328+00:00,2026-06-04T10:25:52.059328+00:00,[],dialogue,,
tp_cau_013,causality,CAU_001,社群曝光中的推責盲點,在社群曝光中，因為忽略推責，看不見結果其實來自一連串選擇，讓資源交換變得扭曲。,只要結果過得去，推責就不重要。,看見推責背後的選擇，才能真正改變結果。,這個結果之前，你在哪個選擇點忽略了推責？,"[""因果"", ""推責"", ""社群""]","[""社群"", ""自我價值""]",TruthOS seed dataset,causality 因果 CAU_001 推責 社群曝光中的推責盲點 在社群曝光中，因為忽略推責，看不見結果其實來自一連串選擇，讓資源交換變得扭曲。 只要結果過得去，推責就不重要。 看見推責背後的選擇，才能真正改變結果。 因果 推責 社群 社群 自我價值,2026-06-04T10:25:52.059328+00:00,2026-06-04T10:25:52.059328+00:00,[],dialogue,,
tp_cau_014,causality,CAU_002,伴侶衝突中的短視近利盲點,在伴侶衝突中，因為忽略短視近利，看不見結果其實來自一連串選擇，讓對話逐漸失衡。,只要結果過得去，短視近利就不重要。,看見短視近利背後的選擇，才能真正改變結果。,這個結果之前，你在哪個選擇點忽略了短視近利？,"[""因果"", ""短視近利"", ""伴侶""]","[""伴侶"", ""界線""]",TruthOS seed dataset,causality 因果 CAU_002 短視近利 伴侶衝突中的短視近利盲點 在伴侶衝突中，因為忽略短視近利，看不見結果其實來自一連串選擇，讓對話逐漸失衡。 只要結果過得去，短視近利就不重要。 看見短視近利背後的選擇，才能真正改變結果。 因果 短視近利 伴侶 伴侶 界線,2026-06-04T10:25:52.059328+00:00,2026-06-04T10:25:52.059328+00:00,[],dialogue,,
tp_cau_015,causality,CAU_002,職場協作中的短視近利盲點,在職場協作中，因為忽略短視近利，看不見結果其實來自一連串選擇，讓界線變得模糊。,只要結果過得去，短視近利就不重要。,看見短視近利背後的選擇，才能真正改變結果。,這個結果之前，你在哪個選擇點忽略了短視近利？,"[""因果"", ""短視近利"", ""職場""]","[""工作"", ""團隊""]",TruthOS seed dataset,causality 因果 CAU_002 短視近利 職場協作中的短視近利盲點 在職場協作中，因為忽略短視近利，看不見結果其實來自一連串選擇，讓界線變得模糊。 只要結果過得去，短視近利就不重要。 看見短視近利背後的選擇，才能真正改變結果。 因果 短視近利 職場 工作 團隊,2026-06-04T10:25:52.059328+00:00,2026-06-04T10:25:52.059328+00:00,[],dialogue,,
tp_cau_016,causality,CAU_002,領導決策中的短視近利盲點,在領導決策中，因為忽略短視近利，看不見結果其實來自一連串選擇，讓責任位置變得混亂。,只要結果過得去，短視近利就不重要。,看見短視近利背後的選擇，才能真正改變結果。,這個結果之前，你在哪個選擇點忽略了短視近利？,"[""因果"", ""短視近利"", ""領導""]","[""領導"", ""決策""]",TruthOS seed dataset,causality 因果 CAU_002 短視近利 領導決策中的短視近利盲點 在領導決策中，因為忽略短視近利，看不見結果其實來自一連串選擇，讓責任位置變得混亂。 只要結果過得去，短視近利就不重要。 看見短視近利背後的選擇，才能真正改變結果。 因果 短視近利 領導 領導 決策,2026-06-04T10:25:52.059328+00:00,2026-06-04T10:25:52.059328+00:00,[],dialogue,,
tp_cau_017,causality,CAU_002,朋友互動中的短視近利盲點,在朋友互動中，因為忽略短視近利，看不見結果其實來自一連串選擇，使真正的需求被遮住。,只要結果過得去，短視近利就不重要。,看見短視近利背後的選擇，才能真正改變結果。,這個結果之前，你在哪個選擇點忽略了短視近利？,"[""因果"", ""短視近利"", ""友誼""]","[""友誼"", ""界線""]",TruthOS seed dataset,causality 因果 CAU_002 短視近利 朋友互動中的短視近利盲點 在朋友互動中，因為忽略短視近利，看不見結果其實來自一連串選擇，使真正的需求被遮住。 只要結果過得去，短視近利就不重要。 看見短視近利背後的選擇，才能真正改變結果。 因果 短視近利 友誼 友誼 界線,2026-06-04T10:25:52.059328+00:00,2026-06-04T10:25:52.059328+00:00,[],dialogue,,
tp_cau_018,causality,CAU_002,金錢選擇中的短視近利盲點,在金錢選擇中，因為忽略短視近利，看不見結果其實來自一連串選擇，讓反饋失去作用。,只要結果過得去，短視近利就不重要。,看見短視近利背後的選擇，才能真正改變結果。,這個結果之前，你在哪個選擇點忽略了短視近利？,"[""因果"", ""短視近利"", ""金錢""]","[""金錢"", ""價值""]",TruthOS seed dataset,causality 因果 CAU_002 短視近利 金錢選擇中的短視近利盲點 在金錢選擇中，因為忽略短視近利，看不見結果其實來自一連串選擇，讓反饋失去作用。 只要結果過得去，短視近利就不重要。 看見短視近利背後的選擇，才能真正改變結果。 因果 短視近利 金錢 金錢 價值,2026-06-04T10:25:52.059328+00:00,2026-06-04T10:25:52.059328+00:00,[],dialogue,,
tp_cau_019,causality,CAU_002,健康壓力中的短視近利盲點,在健康壓力中，因為忽略短視近利，看不見結果其實來自一連串選擇，讓信任開始鬆動。,只要結果過得去，短視近利就不重要。,看見短視近利背後的選擇，才能真正改變結果。,這個結果之前，你在哪個選擇點忽略了短視近利？,"[""因果"", ""短視近利"", ""健康""]","[""健康"", ""壓力""]",TruthOS seed dataset,causality 因果 CAU_002 短視近利 健康壓力中的短視近利盲點 在健康壓力中，因為忽略短視近利，看不見結果其實來自一連串選擇，讓信任開始鬆動。 只要結果過得去，短視近利就不重要。 看見短視近利背後的選擇，才能真正改變結果。 因果 短視近利 健康 健康 壓力,2026-06-04T10:25:52.059328+00:00,2026-06-04T10:25:52.059328+00:00,[],dialogue,,
tp_cau_020,causality,CAU_002,創作卡關中的短視近利盲點,在創作卡關中，因為忽略短視近利，看不見結果其實來自一連串選擇，讓決定越來越僵硬。,只要結果過得去，短視近利就不重要。,看見短視近利背後的選擇，才能真正改變結果。,這個結果之前，你在哪個選擇點忽略了短視近利？,"[""因果"", ""短視近利"", ""創作""]","[""創作"", ""表達""]",TruthOS seed dataset,causality 因果 CAU_002 短視近利 創作卡關中的短視近利盲點 在創作卡關中，因為忽略短視近利，看不見結果其實來自一連串選擇，讓決定越來越僵硬。 只要結果過得去，短視近利就不重要。 看見短視近利背後的選擇，才能真正改變結果。 因果 短視近利 創作 創作 表達,2026-06-04T10:25:52.059328+00:00,2026-06-04T10:25:52.059328+00:00,[],dialogue,,
tp_cau_021,causality,CAU_002,靈性實踐中的短視近利盲點,在靈性實踐中，因為忽略短視近利，看不見結果其實來自一連串選擇，讓內在更難安定。,只要結果過得去，短視近利就不重要。,看見短視近利背後的選擇，才能真正改變結果。,這個結果之前，你在哪個選擇點忽略了短視近利？,"[""因果"", ""短視近利"", ""靈性""]","[""靈性"", ""自我觀察""]",TruthOS seed dataset,causality 因果 CAU_002 短視近利 靈性實踐中的短視近利盲點 在靈性實踐中，因為忽略短視近利，看不見結果其實來自一連串選擇，讓內在更難安定。 只要結果過得去，短視近利就不重要。 看見短視近利背後的選擇，才能真正改變結果。 因果 短視近利 靈性 靈性 自我觀察,2026-06-04T10:25:52.059328+00:00,2026-06-04T10:25:52.059328+00:00,[],dialogue,,
tp_cau_022,causality,CAU_002,重大失落中的短視近利盲點,在重大失落中，因為忽略短視近利，看不見結果其實來自一連串選擇，使互動落入重複循環。,只要結果過得去，短視近利就不重要。,看見短視近利背後的選擇，才能真正改變結果。,這個結果之前，你在哪個選擇點忽略了短視近利？,"[""因果"", ""短視近利"", ""失落""]","[""失落"", ""轉化""]",TruthOS seed dataset,causality 因果 CAU_002 短視近利 重大失落中的短視近利盲點 在重大失落中，因為忽略短視近利，看不見結果其實來自一連串選擇，使互動落入重複循環。 只要結果過得去，短視近利就不重要。 看見短視近利背後的選擇，才能真正改變結果。 因果 短視近利 失落 失落 轉化,2026-06-04T10:25:52.059328+00:00,2026-06-04T10:25:52.059328+00:00,[],dialogue,,
tp_cau_023,causality,CAU_002,教養現場中的短視近利盲點,在教養現場中，因為忽略短視近利，看不見結果其實來自一連串選擇，讓看見真相的空間縮小。,只要結果過得去，短視近利就不重要。,看見短視近利背後的選擇，才能真正改變結果。,這個結果之前，你在哪個選擇點忽略了短視近利？,"[""因果"", ""短視近利"", ""教養""]","[""親子"", ""教養""]",TruthOS seed dataset,causality 因果 CAU_002 短視近利 教養現場中的短視近利盲點 在教養現場中，因為忽略短視近利，看不見結果其實來自一連串選擇，讓看見真相的空間縮小。 只要結果過得去，短視近利就不重要。 看見短視近利背後的選擇，才能真正改變結果。 因果 短視近利 教養 親子 教養,2026-06-04T10:25:52.059328+00:00,2026-06-04T10:25:52.059328+00:00,[],dialogue,,
tp_cau_024,causality,CAU_002,團隊回饋中的短視近利盲點,在團隊回饋中，因為忽略短視近利，看不見結果其實來自一連串選擇，讓支持變成壓力。,只要結果過得去，短視近利就不重要。,看見短視近利背後的選擇，才能真正改變結果。,這個結果之前，你在哪個選擇點忽略了短視近利？,"[""因果"", ""短視近利"", ""回饋""]","[""團隊"", ""回饋""]",TruthOS seed dataset,causality 因果 CAU_002 短視近利 團隊回饋中的短視近利盲點 在團隊回饋中，因為忽略短視近利，看不見結果其實來自一連串選擇，讓支持變成壓力。 只要結果過得去，短視近利就不重要。 看見短視近利背後的選擇，才能真正改變結果。 因果 短視近利 回饋 團隊 回饋,2026-06-04T10:25:52.059328+00:00,2026-06-04T10:25:52.059328+00:00,[],dialogue,,
tp_cau_025,causality,CAU_002,社群曝光中的短視近利盲點,在社群曝光中，因為忽略短視近利，看不見結果其實來自一連串選擇，讓改變停在表面。,只要結果過得去，短視近利就不重要。,看見短視近利背後的選擇，才能真正改變結果。,這個結果之前，你在哪個選擇點忽略了短視近利？,"[""因果"", ""短視近利"", ""社群""]","[""社群"", ""自我價值""]",TruthOS seed dataset,causality 因果 CAU_002 短視近利 社群曝光中的短視近利盲點 在社群曝光中，因為忽略短視近利，看不見結果其實來自一連串選擇，讓改變停在表面。 只要結果過得去，短視近利就不重要。 看見短視近利背後的選擇，才能真正改變結果。 因果 短視近利 社群 社群 自我價值,2026-06-04T10:25:52.059328+00:00,2026-06-04T10:25:52.059328+00:00,[],dialogue,,
tp_cau_026,causality,CAU_002,家庭對話中的短視近利盲點,在家庭對話中，因為忽略短視近利，看不見結果其實來自一連串選擇，讓資源交換變得扭曲。,只要結果過得去，短視近利就不重要。,看見短視近利背後的選擇，才能真正改變結果。,這個結果之前，你在哪個選擇點忽略了短視近利？,"[""因果"", ""短視近利"", ""家庭""]","[""家庭"", ""親子""]",TruthOS seed dataset,causality 因果 CAU_002 短視近利 家庭對話中的短視近利盲點 在家庭對話中，因為忽略短視近利，看不見結果其實來自一連串選擇，讓資源交換變得扭曲。 只要結果過得去，短視近利就不重要。 看見短視近利背後的選擇，才能真正改變結果。 因果 短視近利 家庭 家庭 親子,2026-06-04T10:25:52.059328+00:00,2026-06-04T10:25:52.059328+00:00,[],dialogue,,
tp_cau_027,causality,CAU_003,職場協作中的重複相同選擇盲點,在職場協作中，因為忽略重複相同選擇，看不見結果其實來自一連串選擇，讓對話逐漸失衡。,只要結果過得去，重複相同選擇就不重要。,看見重複相同選擇背後的選擇，才能真正改變結果。,這個結果之前，你在哪個選擇點忽略了重複相同選擇？,"[""因果"", ""重複相同選擇"", ""職場""]","[""工作"", ""團隊""]",TruthOS seed dataset,causality 因果 CAU_003 重複相同選擇 職場協作中的重複相同選擇盲點 在職場協作中，因為忽略重複相同選擇，看不見結果其實來自一連串選擇，讓對話逐漸失衡。 只要結果過得去，重複相同選擇就不重要。 看見重複相同選擇背後的選擇，才能真正改變結果。 因果 重複相同選擇 職場 工作 團隊,2026-06-04T10:25:52.059328+00:00,2026-06-04T10:25:52.059328+00:00,[],dialogue,,
tp_cau_028,causality,CAU_003,領導決策中的重複相同選擇盲點,在領導決策中，因為忽略重複相同選擇，看不見結果其實來自一連串選擇，讓界線變得模糊。,只要結果過得去，重複相同選擇就不重要。,看見重複相同選擇背後的選擇，才能真正改變結果。,這個結果之前，你在哪個選擇點忽略了重複相同選擇？,"[""因果"", ""重複相同選擇"", ""領導""]","[""領導"", ""決策""]",TruthOS seed dataset,causality 因果 CAU_003 重複相同選擇 領導決策中的重複相同選擇盲點 在領導決策中，因為忽略重複相同選擇，看不見結果其實來自一連串選擇，讓界線變得模糊。 只要結果過得去，重複相同選擇就不重要。 看見重複相同選擇背後的選擇，才能真正改變結果。 因果 重複相同選擇 領導 領導 決策,2026-06-04T10:25:52.059328+00:00,2026-06-04T10:25:52.059328+00:00,[],dialogue,,
tp_cau_029,causality,CAU_003,朋友互動中的重複相同選擇盲點,在朋友互動中，因為忽略重複相同選擇，看不見結果其實來自一連串選擇，讓責任位置變得混亂。,只要結果過得去，重複相同選擇就不重要。,看見重複相同選擇背後的選擇，才能真正改變結果。,這個結果之前，你在哪個選擇點忽略了重複相同選擇？,"[""因果"", ""重複相同選擇"", ""友誼""]","[""友誼"", ""界線""]",TruthOS seed dataset,causality 因果 CAU_003 重複相同選擇 朋友互動中的重複相同選擇盲點 在朋友互動中，因為忽略重複相同選擇，看不見結果其實來自一連串選擇，讓責任位置變得混亂。 只要結果過得去，重複相同選擇就不重要。 看見重複相同選擇背後的選擇，才能真正改變結果。 因果 重複相同選擇 友誼 友誼 界線,2026-06-04T10:25:52.059328+00:00,2026-06-04T10:25:52.059328+00:00,[],dialogue,,
tp_cau_030,causality,CAU_003,金錢選擇中的重複相同選擇盲點,在金錢選擇中，因為忽略重複相同選擇，看不見結果其實來自一連串選擇，使真正的需求被遮住。,只要結果過得去，重複相同選擇就不重要。,看見重複相同選擇背後的選擇，才能真正改變結果。,這個結果之前，你在哪個選擇點忽略了重複相同選擇？,"[""因果"", ""重複相同選擇"", ""金錢""]","[""金錢"", ""價值""]",TruthOS seed dataset,causality 因果 CAU_003 重複相同選擇 金錢選擇中的重複相同選擇盲點 在金錢選擇中，因為忽略重複相同選擇，看不見結果其實來自一連串選擇，使真正的需求被遮住。 只要結果過得去，重複相同選擇就不重要。 看見重複相同選擇背後的選擇，才能真正改變結果。 因果 重複相同選擇 金錢 金錢 價值,2026-06-04T10:25:52.059328+00:00,2026-06-04T10:25:52.059328+00:00,[],dialogue,,
tp_cau_031,causality,CAU_003,健康壓力中的重複相同選擇盲點,在健康壓力中，因為忽略重複相同選擇，看不見結果其實來自一連串選擇，讓反饋失去作用。,只要結果過得去，重複相同選擇就不重要。,看見重複相同選擇背後的選擇，才能真正改變結果。,這個結果之前，你在哪個選擇點忽略了重複相同選擇？,"[""因果"", ""重複相同選擇"", ""健康""]","[""健康"", ""壓力""]",TruthOS seed dataset,causality 因果 CAU_003 重複相同選擇 健康壓力中的重複相同選擇盲點 在健康壓力中，因為忽略重複相同選擇，看不見結果其實來自一連串選擇，讓反饋失去作用。 只要結果過得去，重複相同選擇就不重要。 看見重複相同選擇背後的選擇，才能真正改變結果。 因果 重複相同選擇 健康 健康 壓力,2026-06-04T10:25:52.059328+00:00,2026-06-04T10:25:52.059328+00:00,[],dialogue,,
tp_cau_032,causality,CAU_003,創作卡關中的重複相同選擇盲點,在創作卡關中，因為忽略重複相同選擇，看不見結果其實來自一連串選擇，讓信任開始鬆動。,只要結果過得去，重複相同選擇就不重要。,看見重複相同選擇背後的選擇，才能真正改變結果。,這個結果之前，你在哪個選擇點忽略了重複相同選擇？,"[""因果"", ""重複相同選擇"", ""創作""]","[""創作"", ""表達""]",TruthOS seed dataset,causality 因果 CAU_003 重複相同選擇 創作卡關中的重複相同選擇盲點 在創作卡關中，因為忽略重複相同選擇，看不見結果其實來自一連串選擇，讓信任開始鬆動。 只要結果過得去，重複相同選擇就不重要。 看見重複相同選擇背後的選擇，才能真正改變結果。 因果 重複相同選擇 創作 創作 表達,2026-06-04T10:25:52.059328+00:00,2026-06-04T10:25:52.059328+00:00,[],dialogue,,
tp_cau_033,causality,CAU_003,靈性實踐中的重複相同選擇盲點,在靈性實踐中，因為忽略重複相同選擇，看不見結果其實來自一連串選擇，讓決定越來越僵硬。,只要結果過得去，重複相同選擇就不重要。,看見重複相同選擇背後的選擇，才能真正改變結果。,這個結果之前，你在哪個選擇點忽略了重複相同選擇？,"[""因果"", ""重複相同選擇"", ""靈性""]","[""靈性"", ""自我觀察""]",TruthOS seed dataset,causality 因果 CAU_003 重複相同選擇 靈性實踐中的重複相同選擇盲點 在靈性實踐中，因為忽略重複相同選擇，看不見結果其實來自一連串選擇，讓決定越來越僵硬。 只要結果過得去，重複相同選擇就不重要。 看見重複相同選擇背後的選擇，才能真正改變結果。 因果 重複相同選擇 靈性 靈性 自我觀察,2026-06-04T10:25:52.059328+00:00,2026-06-04T10:25:52.059328+00:00,[],dialogue,,
tp_cau_034,causality,CAU_003,重大失落中的重複相同選擇盲點,在重大失落中，因為忽略重複相同選擇，看不見結果其實來自一連串選擇，讓內在更難安定。,只要結果過得去，重複相同選擇就不重要。,看見重複相同選擇背後的選擇，才能真正改變結果。,這個結果之前，你在哪個選擇點忽略了重複相同選擇？,"[""因果"", ""重複相同選擇"", ""失落""]","[""失落"", ""轉化""]",TruthOS seed dataset,causality 因果 CAU_003 重複相同選擇 重大失落中的重複相同選擇盲點 在重大失落中，因為忽略重複相同選擇，看不見結果其實來自一連串選擇，讓內在更難安定。 只要結果過得去，重複相同選擇就不重要。 看見重複相同選擇背後的選擇，才能真正改變結果。 因果 重複相同選擇 失落 失落 轉化,2026-06-04T10:25:52.059328+00:00,2026-06-04T10:25:52.059328+00:00,[],dialogue,,
tp_cau_035,causality,CAU_003,教養現場中的重複相同選擇盲點,在教養現場中，因為忽略重複相同選擇，看不見結果其實來自一連串選擇，使互動落入重複循環。,只要結果過得去，重複相同選擇就不重要。,看見重複相同選擇背後的選擇，才能真正改變結果。,這個結果之前，你在哪個選擇點忽略了重複相同選擇？,"[""因果"", ""重複相同選擇"", ""教養""]","[""親子"", ""教養""]",TruthOS seed dataset,causality 因果 CAU_003 重複相同選擇 教養現場中的重複相同選擇盲點 在教養現場中，因為忽略重複相同選擇，看不見結果其實來自一連串選擇，使互動落入重複循環。 只要結果過得去，重複相同選擇就不重要。 看見重複相同選擇背後的選擇，才能真正改變結果。 因果 重複相同選擇 教養 親子 教養,2026-06-04T10:25:52.059328+00:00,2026-06-04T10:25:52.059328+00:00,[],dialogue,,
tp_cau_036,causality,CAU_003,團隊回饋中的重複相同選擇盲點,在團隊回饋中，因為忽略重複相同選擇，看不見結果其實來自一連串選擇，讓看見真相的空間縮小。,只要結果過得去，重複相同選擇就不重要。,看見重複相同選擇背後的選擇，才能真正改變結果。,這個結果之前，你在哪個選擇點忽略了重複相同選擇？,"[""因果"", ""重複相同選擇"", ""回饋""]","[""團隊"", ""回饋""]",TruthOS seed dataset,causality 因果 CAU_003 重複相同選擇 團隊回饋中的重複相同選擇盲點 在團隊回饋中，因為忽略重複相同選擇，看不見結果其實來自一連串選擇，讓看見真相的空間縮小。 只要結果過得去，重複相同選擇就不重要。 看見重複相同選擇背後的選擇，才能真正改變結果。 因果 重複相同選擇 回饋 團隊 回饋,2026-06-04T10:25:52.059328+00:00,2026-06-04T10:25:52.059328+00:00,[],dialogue,,
tp_cau_037,causality,CAU_003,社群曝光中的重複相同選擇盲點,在社群曝光中，因為忽略重複相同選擇，看不見結果其實來自一連串選擇，讓支持變成壓力。,只要結果過得去，重複相同選擇就不重要。,看見重複相同選擇背後的選擇，才能真正改變結果。,這個結果之前，你在哪個選擇點忽略了重複相同選擇？,"[""因果"", ""重複相同選擇"", ""社群""]","[""社群"", ""自我價值""]",TruthOS seed dataset,causality 因果 CAU_003 重複相同選擇 社群曝光中的重複相同選擇盲點 在社群曝光中，因為忽略重複相同選擇，看不見結果其實來自一連串選擇，讓支持變成壓力。 只要結果過得去，重複相同選擇就不重要。 看見重複相同選擇背後的選擇，才能真正改變結果。 因果 重複相同選擇 社群 社群 自我價值,2026-06-04T10:25:52.059328+00:00,2026-06-04T10:25:52.059328+00:00,[],dialogue,,
tp_cau_038,causality,CAU_003,家庭對話中的重複相同選擇盲點,在家庭對話中，因為忽略重複相同選擇，看不見結果其實來自一連串選擇，讓改變停在表面。,只要結果過得去，重複相同選擇就不重要。,看見重複相同選擇背後的選擇，才能真正改變結果。,這個結果之前，你在哪個選擇點忽略了重複相同選擇？,"[""因果"", ""重複相同選擇"", ""家庭""]","[""家庭"", ""親子""]",TruthOS seed dataset,causality 因果 CAU_003 重複相同選擇 家庭對話中的重複相同選擇盲點 在家庭對話中，因為忽略重複相同選擇，看不見結果其實來自一連串選擇，讓改變停在表面。 只要結果過得去，重複相同選擇就不重要。 看見重複相同選擇背後的選擇，才能真正改變結果。 因果 重複相同選擇 家庭 家庭 親子,2026-06-04T10:25:52.059328+00:00,2026-06-04T10:25:52.059328+00:00,[],dialogue,,
tp_cau_039,causality,CAU_003,伴侶衝突中的重複相同選擇盲點,在伴侶衝突中，因為忽略重複相同選擇，看不見結果其實來自一連串選擇，讓資源交換變得扭曲。,只要結果過得去，重複相同選擇就不重要。,看見重複相同選擇背後的選擇，才能真正改變結果。,這個結果之前，你在哪個選擇點忽略了重複相同選擇？,"[""因果"", ""重複相同選擇"", ""伴侶""]","[""伴侶"", ""界線""]",TruthOS seed dataset,causality 因果 CAU_003 重複相同選擇 伴侶衝突中的重複相同選擇盲點 在伴侶衝突中，因為忽略重複相同選擇，看不見結果其實來自一連串選擇，讓資源交換變得扭曲。 只要結果過得去，重複相同選擇就不重要。 看見重複相同選擇背後的選擇，才能真正改變結果。 因果 重複相同選擇 伴侶 伴侶 界線,2026-06-04T10:25:52.059328+00:00,2026-06-04T10:25:52.059328+00:00,[],dialogue,,
tp_cau_040,causality,CAU_004,領導決策中的忽視代價盲點,在領導決策中，因為忽略忽視代價，看不見結果其實來自一連串選擇，讓對話逐漸失衡。,只要結果過得去，忽視代價就不重要。,看見忽視代價背後的選擇，才能真正改變結果。,這個結果之前，你在哪個選擇點忽略了忽視代價？,"[""因果"", ""忽視代價"", ""領導""]","[""領導"", ""決策""]",TruthOS seed dataset,causality 因果 CAU_004 忽視代價 領導決策中的忽視代價盲點 在領導決策中，因為忽略忽視代價，看不見結果其實來自一連串選擇，讓對話逐漸失衡。 只要結果過得去，忽視代價就不重要。 看見忽視代價背後的選擇，才能真正改變結果。 因果 忽視代價 領導 領導 決策,2026-06-04T10:25:52.059328+00:00,2026-06-04T10:25:52.059328+00:00,[],dialogue,,
tp_cau_041,causality,CAU_004,朋友互動中的忽視代價盲點,在朋友互動中，因為忽略忽視代價，看不見結果其實來自一連串選擇，讓界線變得模糊。,只要結果過得去，忽視代價就不重要。,看見忽視代價背後的選擇，才能真正改變結果。,這個結果之前，你在哪個選擇點忽略了忽視代價？,"[""因果"", ""忽視代價"", ""友誼""]","[""友誼"", ""界線""]",TruthOS seed dataset,causality 因果 CAU_004 忽視代價 朋友互動中的忽視代價盲點 在朋友互動中，因為忽略忽視代價，看不見結果其實來自一連串選擇，讓界線變得模糊。 只要結果過得去，忽視代價就不重要。 看見忽視代價背後的選擇，才能真正改變結果。 因果 忽視代價 友誼 友誼 界線,2026-06-04T10:25:52.059328+00:00,2026-06-04T10:25:52.059328+00:00,[],dialogue,,
tp_cau_042,causality,CAU_004,金錢選擇中的忽視代價盲點,在金錢選擇中，因為忽略忽視代價，看不見結果其實來自一連串選擇，讓責任位置變得混亂。,只要結果過得去，忽視代價就不重要。,看見忽視代價背後的選擇，才能真正改變結果。,這個結果之前，你在哪個選擇點忽略了忽視代價？,"[""因果"", ""忽視代價"", ""金錢""]","[""金錢"", ""價值""]",TruthOS seed dataset,causality 因果 CAU_004 忽視代價 金錢選擇中的忽視代價盲點 在金錢選擇中，因為忽略忽視代價，看不見結果其實來自一連串選擇，讓責任位置變得混亂。 只要結果過得去，忽視代價就不重要。 看見忽視代價背後的選擇，才能真正改變結果。 因果 忽視代價 金錢 金錢 價值,2026-06-04T10:25:52.059328+00:00,2026-06-04T10:25:52.059328+00:00,[],dialogue,,
tp_cau_043,causality,CAU_004,健康壓力中的忽視代價盲點,在健康壓力中，因為忽略忽視代價，看不見結果其實來自一連串選擇，使真正的需求被遮住。,只要結果過得去，忽視代價就不重要。,看見忽視代價背後的選擇，才能真正改變結果。,這個結果之前，你在哪個選擇點忽略了忽視代價？,"[""因果"", ""忽視代價"", ""健康""]","[""健康"", ""壓力""]",TruthOS seed dataset,causality 因果 CAU_004 忽視代價 健康壓力中的忽視代價盲點 在健康壓力中，因為忽略忽視代價，看不見結果其實來自一連串選擇，使真正的需求被遮住。 只要結果過得去，忽視代價就不重要。 看見忽視代價背後的選擇，才能真正改變結果。 因果 忽視代價 健康 健康 壓力,2026-06-04T10:25:52.059328+00:00,2026-06-04T10:25:52.059328+00:00,[],dialogue,,
tp_cau_044,causality,CAU_004,創作卡關中的忽視代價盲點,在創作卡關中，因為忽略忽視代價，看不見結果其實來自一連串選擇，讓反饋失去作用。,只要結果過得去，忽視代價就不重要。,看見忽視代價背後的選擇，才能真正改變結果。,這個結果之前，你在哪個選擇點忽略了忽視代價？,"[""因果"", ""忽視代價"", ""創作""]","[""創作"", ""表達""]",TruthOS seed dataset,causality 因果 CAU_004 忽視代價 創作卡關中的忽視代價盲點 在創作卡關中，因為忽略忽視代價，看不見結果其實來自一連串選擇，讓反饋失去作用。 只要結果過得去，忽視代價就不重要。 看見忽視代價背後的選擇，才能真正改變結果。 因果 忽視代價 創作 創作 表達,2026-06-04T10:25:52.059328+00:00,2026-06-04T10:25:52.059328+00:00,[],dialogue,,
tp_cau_045,causality,CAU_004,靈性實踐中的忽視代價盲點,在靈性實踐中，因為忽略忽視代價，看不見結果其實來自一連串選擇，讓信任開始鬆動。,只要結果過得去，忽視代價就不重要。,看見忽視代價背後的選擇，才能真正改變結果。,這個結果之前，你在哪個選擇點忽略了忽視代價？,"[""因果"", ""忽視代價"", ""靈性""]","[""靈性"", ""自我觀察""]",TruthOS seed dataset,causality 因果 CAU_004 忽視代價 靈性實踐中的忽視代價盲點 在靈性實踐中，因為忽略忽視代價，看不見結果其實來自一連串選擇，讓信任開始鬆動。 只要結果過得去，忽視代價就不重要。 看見忽視代價背後的選擇，才能真正改變結果。 因果 忽視代價 靈性 靈性 自我觀察,2026-06-04T10:25:52.059328+00:00,2026-06-04T10:25:52.059328+00:00,[],dialogue,,
tp_cau_046,causality,CAU_004,重大失落中的忽視代價盲點,在重大失落中，因為忽略忽視代價，看不見結果其實來自一連串選擇，讓決定越來越僵硬。,只要結果過得去，忽視代價就不重要。,看見忽視代價背後的選擇，才能真正改變結果。,這個結果之前，你在哪個選擇點忽略了忽視代價？,"[""因果"", ""忽視代價"", ""失落""]","[""失落"", ""轉化""]",TruthOS seed dataset,causality 因果 CAU_004 忽視代價 重大失落中的忽視代價盲點 在重大失落中，因為忽略忽視代價，看不見結果其實來自一連串選擇，讓決定越來越僵硬。 只要結果過得去，忽視代價就不重要。 看見忽視代價背後的選擇，才能真正改變結果。 因果 忽視代價 失落 失落 轉化,2026-06-04T10:25:52.059328+00:00,2026-06-04T10:25:52.059328+00:00,[],dialogue,,
tp_cau_047,causality,CAU_004,教養現場中的忽視代價盲點,在教養現場中，因為忽略忽視代價，看不見結果其實來自一連串選擇，讓內在更難安定。,只要結果過得去，忽視代價就不重要。,看見忽視代價背後的選擇，才能真正改變結果。,這個結果之前，你在哪個選擇點忽略了忽視代價？,"[""因果"", ""忽視代價"", ""教養""]","[""親子"", ""教養""]",TruthOS seed dataset,causality 因果 CAU_004 忽視代價 教養現場中的忽視代價盲點 在教養現場中，因為忽略忽視代價，看不見結果其實來自一連串選擇，讓內在更難安定。 只要結果過得去，忽視代價就不重要。 看見忽視代價背後的選擇，才能真正改變結果。 因果 忽視代價 教養 親子 教養,2026-06-04T10:25:52.059328+00:00,2026-06-04T10:25:52.059328+00:00,[],dialogue,,
tp_cau_048,causality,CAU_004,團隊回饋中的忽視代價盲點,在團隊回饋中，因為忽略忽視代價，看不見結果其實來自一連串選擇，使互動落入重複循環。,只要結果過得去，忽視代價就不重要。,看見忽視代價背後的選擇，才能真正改變結果。,這個結果之前，你在哪個選擇點忽略了忽視代價？,"[""因果"", ""忽視代價"", ""回饋""]","[""團隊"", ""回饋""]",TruthOS seed dataset,causality 因果 CAU_004 忽視代價 團隊回饋中的忽視代價盲點 在團隊回饋中，因為忽略忽視代價，看不見結果其實來自一連串選擇，使互動落入重複循環。 只要結果過得去，忽視代價就不重要。 看見忽視代價背後的選擇，才能真正改變結果。 因果 忽視代價 回饋 團隊 回饋,2026-06-04T10:25:52.059328+00:00,2026-06-04T10:25:52.059328+00:00,[],dialogue,,
tp_cau_049,causality,CAU_004,社群曝光中的忽視代價盲點,在社群曝光中，因為忽略忽視代價，看不見結果其實來自一連串選擇，讓看見真相的空間縮小。,只要結果過得去，忽視代價就不重要。,看見忽視代價背後的選擇，才能真正改變結果。,這個結果之前，你在哪個選擇點忽略了忽視代價？,"[""因果"", ""忽視代價"", ""社群""]","[""社群"", ""自我價值""]",TruthOS seed dataset,causality 因果 CAU_004 忽視代價 社群曝光中的忽視代價盲點 在社群曝光中，因為忽略忽視代價，看不見結果其實來自一連串選擇，讓看見真相的空間縮小。 只要結果過得去，忽視代價就不重要。 看見忽視代價背後的選擇，才能真正改變結果。 因果 忽視代價 社群 社群 自我價值,2026-06-04T10:25:52.059328+00:00,2026-06-04T10:25:52.059328+00:00,[],dialogue,,
tp_cau_050,causality,CAU_004,家庭對話中的忽視代價盲點,在家庭對話中，因為忽略忽視代價，看不見結果其實來自一連串選擇，讓支持變成壓力。,只要結果過得去，忽視代價就不重要。,看見忽視代價背後的選擇，才能真正改變結果。,這個結果之前，你在哪個選擇點忽略了忽視代價？,"[""因果"", ""忽視代價"", ""家庭""]","[""家庭"", ""親子""]",TruthOS seed dataset,causality 因果 CAU_004 忽視代價 家庭對話中的忽視代價盲點 在家庭對話中，因為忽略忽視代價，看不見結果其實來自一連串選擇，讓支持變成壓力。 只要結果過得去，忽視代價就不重要。 看見忽視代價背後的選擇，才能真正改變結果。 因果 忽視代價 家庭 家庭 親子,2026-06-04T10:25:52.059328+00:00,2026-06-04T10:25:52.059328+00:00,[],dialogue,,
tp_cau_051,causality,CAU_004,伴侶衝突中的忽視代價盲點,在伴侶衝突中，因為忽略忽視代價，看不見結果其實來自一連串選擇，讓改變停在表面。,只要結果過得去，忽視代價就不重要。,看見忽視代價背後的選擇，才能真正改變結果。,這個結果之前，你在哪個選擇點忽略了忽視代價？,"[""因果"", ""忽視代價"", ""伴侶""]","[""伴侶"", ""界線""]",TruthOS seed dataset,causality 因果 CAU_004 忽視代價 伴侶衝突中的忽視代價盲點 在伴侶衝突中，因為忽略忽視代價，看不見結果其實來自一連串選擇，讓改變停在表面。 只要結果過得去，忽視代價就不重要。 看見忽視代價背後的選擇，才能真正改變結果。 因果 忽視代價 伴侶 伴侶 界線,2026-06-04T10:25:52.059328+00:00,2026-06-04T10:25:52.059328+00:00,[],dialogue,,
tp_cau_052,causality,CAU_004,職場協作中的忽視代價盲點,在職場協作中，因為忽略忽視代價，看不見結果其實來自一連串選擇，讓資源交換變得扭曲。,只要結果過得去，忽視代價就不重要。,看見忽視代價背後的選擇，才能真正改變結果。,這個結果之前，你在哪個選擇點忽略了忽視代價？,"[""因果"", ""忽視代價"", ""職場""]","[""工作"", ""團隊""]",TruthOS seed dataset,causality 因果 CAU_004 忽視代價 職場協作中的忽視代價盲點 在職場協作中，因為忽略忽視代價，看不見結果其實來自一連串選擇，讓資源交換變得扭曲。 只要結果過得去，忽視代價就不重要。 看見忽視代價背後的選擇，才能真正改變結果。 因果 忽視代價 職場 工作 團隊,2026-06-04T10:25:52.059328+00:00,2026-06-04T10:25:52.059328+00:00,[],dialogue,,
tp_cau_053,causality,CAU_005,朋友互動中的只看結果盲點,在朋友互動中，因為忽略只看結果，看不見結果其實來自一連串選擇，讓對話逐漸失衡。,只要結果過得去，只看結果就不重要。,看見只看結果背後的選擇，才能真正改變結果。,這個結果之前，你在哪個選擇點忽略了只看結果？,"[""因果"", ""只看結果"", ""友誼""]","[""友誼"", ""界線""]",TruthOS seed dataset,causality 因果 CAU_005 只看結果 朋友互動中的只看結果盲點 在朋友互動中，因為忽略只看結果，看不見結果其實來自一連串選擇，讓對話逐漸失衡。 只要結果過得去，只看結果就不重要。 看見只看結果背後的選擇，才能真正改變結果。 因果 只看結果 友誼 友誼 界線,2026-06-04T10:25:52.059328+00:00,2026-06-04T10:25:52.059328+00:00,[],dialogue,,
tp_cau_054,causality,CAU_005,金錢選擇中的只看結果盲點,在金錢選擇中，因為忽略只看結果，看不見結果其實來自一連串選擇，讓界線變得模糊。,只要結果過得去，只看結果就不重要。,看見只看結果背後的選擇，才能真正改變結果。,這個結果之前，你在哪個選擇點忽略了只看結果？,"[""因果"", ""只看結果"", ""金錢""]","[""金錢"", ""價值""]",TruthOS seed dataset,causality 因果 CAU_005 只看結果 金錢選擇中的只看結果盲點 在金錢選擇中，因為忽略只看結果，看不見結果其實來自一連串選擇，讓界線變得模糊。 只要結果過得去，只看結果就不重要。 看見只看結果背後的選擇，才能真正改變結果。 因果 只看結果 金錢 金錢 價值,2026-06-04T10:25:52.059328+00:00,2026-06-04T10:25:52.059328+00:00,[],dialogue,,
tp_cau_055,causality,CAU_005,健康壓力中的只看結果盲點,在健康壓力中，因為忽略只看結果，看不見結果其實來自一連串選擇，讓責任位置變得混亂。,只要結果過得去，只看結果就不重要。,看見只看結果背後的選擇，才能真正改變結果。,這個結果之前，你在哪個選擇點忽略了只看結果？,"[""因果"", ""只看結果"", ""健康""]","[""健康"", ""壓力""]",TruthOS seed dataset,causality 因果 CAU_005 只看結果 健康壓力中的只看結果盲點 在健康壓力中，因為忽略只看結果，看不見結果其實來自一連串選擇，讓責任位置變得混亂。 只要結果過得去，只看結果就不重要。 看見只看結果背後的選擇，才能真正改變結果。 因果 只看結果 健康 健康 壓力,2026-06-04T10:25:52.059328+00:00,2026-06-04T10:25:52.059328+00:00,[],dialogue,,
tp_cau_056,causality,CAU_005,創作卡關中的只看結果盲點,在創作卡關中，因為忽略只看結果，看不見結果其實來自一連串選擇，使真正的需求被遮住。,只要結果過得去，只看結果就不重要。,看見只看結果背後的選擇，才能真正改變結果。,這個結果之前，你在哪個選擇點忽略了只看結果？,"[""因果"", ""只看結果"", ""創作""]","[""創作"", ""表達""]",TruthOS seed dataset,causality 因果 CAU_005 只看結果 創作卡關中的只看結果盲點 在創作卡關中，因為忽略只看結果，看不見結果其實來自一連串選擇，使真正的需求被遮住。 只要結果過得去，只看結果就不重要。 看見只看結果背後的選擇，才能真正改變結果。 因果 只看結果 創作 創作 表達,2026-06-04T10:25:52.059328+00:00,2026-06-04T10:25:52.059328+00:00,[],dialogue,,
tp_cau_057,causality,CAU_005,靈性實踐中的只看結果盲點,在靈性實踐中，因為忽略只看結果，看不見結果其實來自一連串選擇，讓反饋失去作用。,只要結果過得去，只看結果就不重要。,看見只看結果背後的選擇，才能真正改變結果。,這個結果之前，你在哪個選擇點忽略了只看結果？,"[""因果"", ""只看結果"", ""靈性""]","[""靈性"", ""自我觀察""]",TruthOS seed dataset,causality 因果 CAU_005 只看結果 靈性實踐中的只看結果盲點 在靈性實踐中，因為忽略只看結果，看不見結果其實來自一連串選擇，讓反饋失去作用。 只要結果過得去，只看結果就不重要。 看見只看結果背後的選擇，才能真正改變結果。 因果 只看結果 靈性 靈性 自我觀察,2026-06-04T10:25:52.059328+00:00,2026-06-04T10:25:52.059328+00:00,[],dialogue,,
tp_cau_058,causality,CAU_005,重大失落中的只看結果盲點,在重大失落中，因為忽略只看結果，看不見結果其實來自一連串選擇，讓信任開始鬆動。,只要結果過得去，只看結果就不重要。,看見只看結果背後的選擇，才能真正改變結果。,這個結果之前，你在哪個選擇點忽略了只看結果？,"[""因果"", ""只看結果"", ""失落""]","[""失落"", ""轉化""]",TruthOS seed dataset,causality 因果 CAU_005 只看結果 重大失落中的只看結果盲點 在重大失落中，因為忽略只看結果，看不見結果其實來自一連串選擇，讓信任開始鬆動。 只要結果過得去，只看結果就不重要。 看見只看結果背後的選擇，才能真正改變結果。 因果 只看結果 失落 失落 轉化,2026-06-04T10:25:52.059328+00:00,2026-06-04T10:25:52.059328+00:00,[],dialogue,,
tp_cau_059,causality,CAU_005,教養現場中的只看結果盲點,在教養現場中，因為忽略只看結果，看不見結果其實來自一連串選擇，讓決定越來越僵硬。,只要結果過得去，只看結果就不重要。,看見只看結果背後的選擇，才能真正改變結果。,這個結果之前，你在哪個選擇點忽略了只看結果？,"[""因果"", ""只看結果"", ""教養""]","[""親子"", ""教養""]",TruthOS seed dataset,causality 因果 CAU_005 只看結果 教養現場中的只看結果盲點 在教養現場中，因為忽略只看結果，看不見結果其實來自一連串選擇，讓決定越來越僵硬。 只要結果過得去，只看結果就不重要。 看見只看結果背後的選擇，才能真正改變結果。 因果 只看結果 教養 親子 教養,2026-06-04T10:25:52.059328+00:00,2026-06-04T10:25:52.059328+00:00,[],dialogue,,
tp_cau_060,causality,CAU_005,團隊回饋中的只看結果盲點,在團隊回饋中，因為忽略只看結果，看不見結果其實來自一連串選擇，讓內在更難安定。,只要結果過得去，只看結果就不重要。,看見只看結果背後的選擇，才能真正改變結果。,這個結果之前，你在哪個選擇點忽略了只看結果？,"[""因果"", ""只看結果"", ""回饋""]","[""團隊"", ""回饋""]",TruthOS seed dataset,causality 因果 CAU_005 只看結果 團隊回饋中的只看結果盲點 在團隊回饋中，因為忽略只看結果，看不見結果其實來自一連串選擇，讓內在更難安定。 只要結果過得去，只看結果就不重要。 看見只看結果背後的選擇，才能真正改變結果。 因果 只看結果 回饋 團隊 回饋,2026-06-04T10:25:52.059328+00:00,2026-06-04T10:25:52.059328+00:00,[],dialogue,,
tp_cau_061,causality,CAU_005,社群曝光中的只看結果盲點,在社群曝光中，因為忽略只看結果，看不見結果其實來自一連串選擇，使互動落入重複循環。,只要結果過得去，只看結果就不重要。,看見只看結果背後的選擇，才能真正改變結果。,這個結果之前，你在哪個選擇點忽略了只看結果？,"[""因果"", ""只看結果"", ""社群""]","[""社群"", ""自我價值""]",TruthOS seed dataset,causality 因果 CAU_005 只看結果 社群曝光中的只看結果盲點 在社群曝光中，因為忽略只看結果，看不見結果其實來自一連串選擇，使互動落入重複循環。 只要結果過得去，只看結果就不重要。 看見只看結果背後的選擇，才能真正改變結果。 因果 只看結果 社群 社群 自我價值,2026-06-04T10:25:52.059328+00:00,2026-06-04T10:25:52.059328+00:00,[],dialogue,,
tp_cau_062,causality,CAU_005,家庭對話中的只看結果盲點,在家庭對話中，因為忽略只看結果，看不見結果其實來自一連串選擇，讓看見真相的空間縮小。,只要結果過得去，只看結果就不重要。,看見只看結果背後的選擇，才能真正改變結果。,這個結果之前，你在哪個選擇點忽略了只看結果？,"[""因果"", ""只看結果"", ""家庭""]","[""家庭"", ""親子""]",TruthOS seed dataset,causality 因果 CAU_005 只看結果 家庭對話中的只看結果盲點 在家庭對話中，因為忽略只看結果，看不見結果其實來自一連串選擇，讓看見真相的空間縮小。 只要結果過得去，只看結果就不重要。 看見只看結果背後的選擇，才能真正改變結果。 因果 只看結果 家庭 家庭 親子,2026-06-04T10:25:52.059328+00:00,2026-06-04T10:25:52.059328+00:00,[],dialogue,,
tp_cau_063,causality,CAU_005,伴侶衝突中的只看結果盲點,在伴侶衝突中，因為忽略只看結果，看不見結果其實來自一連串選擇，讓支持變成壓力。,只要結果過得去，只看結果就不重要。,看見只看結果背後的選擇，才能真正改變結果。,這個結果之前，你在哪個選擇點忽略了只看結果？,"[""因果"", ""只看結果"", ""伴侶""]","[""伴侶"", ""界線""]",TruthOS seed dataset,causality 因果 CAU_005 只看結果 伴侶衝突中的只看結果盲點 在伴侶衝突中，因為忽略只看結果，看不見結果其實來自一連串選擇，讓支持變成壓力。 只要結果過得去，只看結果就不重要。 看見只看結果背後的選擇，才能真正改變結果。 因果 只看結果 伴侶 伴侶 界線,2026-06-04T10:25:52.059328+00:00,2026-06-04T10:25:52.059328+00:00,[],dialogue,,
tp_cau_064,causality,CAU_005,職場協作中的只看結果盲點,在職場協作中，因為忽略只看結果，看不見結果其實來自一連串選擇，讓改變停在表面。,只要結果過得去，只看結果就不重要。,看見只看結果背後的選擇，才能真正改變結果。,這個結果之前，你在哪個選擇點忽略了只看結果？,"[""因果"", ""只看結果"", ""職場""]","[""工作"", ""團隊""]",TruthOS seed dataset,causality 因果 CAU_005 只看結果 職場協作中的只看結果盲點 在職場協作中，因為忽略只看結果，看不見結果其實來自一連串選擇，讓改變停在表面。 只要結果過得去，只看結果就不重要。 看見只看結果背後的選擇，才能真正改變結果。 因果 只看結果 職場 工作 團隊,2026-06-04T10:25:52.059328+00:00,2026-06-04T10:25:52.059328+00:00,[],dialogue,,
tp_cau_065,causality,CAU_006,金錢選擇中的情緒下決定盲點,在金錢選擇中，因為忽略情緒下決定，看不見結果其實來自一連串選擇，讓資源交換變得扭曲。,只要結果過得去，情緒下決定就不重要。,看見情緒下決定背後的選擇，才能真正改變結果。,這個結果之前，你在哪個選擇點忽略了情緒下決定？,"[""因果"", ""情緒下決定"", ""金錢""]","[""金錢"", ""價值""]",TruthOS seed dataset,causality 因果 CAU_006 情緒下決定 金錢選擇中的情緒下決定盲點 在金錢選擇中，因為忽略情緒下決定，看不見結果其實來自一連串選擇，讓資源交換變得扭曲。 只要結果過得去，情緒下決定就不重要。 看見情緒下決定背後的選擇，才能真正改變結果。 因果 情緒下決定 金錢 金錢 價值,2026-06-04T10:25:52.059328+00:00,2026-06-04T10:25:52.059328+00:00,[],dialogue,,
tp_cau_066,causality,CAU_006,健康壓力中的情緒下決定盲點,在健康壓力中，因為忽略情緒下決定，看不見結果其實來自一連串選擇，讓對話逐漸失衡。,只要結果過得去，情緒下決定就不重要。,看見情緒下決定背後的選擇，才能真正改變結果。,這個結果之前，你在哪個選擇點忽略了情緒下決定？,"[""因果"", ""情緒下決定"", ""健康""]","[""健康"", ""壓力""]",TruthOS seed dataset,causality 因果 CAU_006 情緒下決定 健康壓力中的情緒下決定盲點 在健康壓力中，因為忽略情緒下決定，看不見結果其實來自一連串選擇，讓對話逐漸失衡。 只要結果過得去，情緒下決定就不重要。 看見情緒下決定背後的選擇，才能真正改變結果。 因果 情緒下決定 健康 健康 壓力,2026-06-04T10:25:52.059328+00:00,2026-06-04T10:25:52.059328+00:00,[],dialogue,,
tp_cau_067,causality,CAU_006,創作卡關中的情緒下決定盲點,在創作卡關中，因為忽略情緒下決定，看不見結果其實來自一連串選擇，讓界線變得模糊。,只要結果過得去，情緒下決定就不重要。,看見情緒下決定背後的選擇，才能真正改變結果。,這個結果之前，你在哪個選擇點忽略了情緒下決定？,"[""因果"", ""情緒下決定"", ""創作""]","[""創作"", ""表達""]",TruthOS seed dataset,causality 因果 CAU_006 情緒下決定 創作卡關中的情緒下決定盲點 在創作卡關中，因為忽略情緒下決定，看不見結果其實來自一連串選擇，讓界線變得模糊。 只要結果過得去，情緒下決定就不重要。 看見情緒下決定背後的選擇，才能真正改變結果。 因果 情緒下決定 創作 創作 表達,2026-06-04T10:25:52.059328+00:00,2026-06-04T10:25:52.059328+00:00,[],dialogue,,
tp_cau_068,causality,CAU_006,靈性實踐中的情緒下決定盲點,在靈性實踐中，因為忽略情緒下決定，看不見結果其實來自一連串選擇，讓責任位置變得混亂。,只要結果過得去，情緒下決定就不重要。,看見情緒下決定背後的選擇，才能真正改變結果。,這個結果之前，你在哪個選擇點忽略了情緒下決定？,"[""因果"", ""情緒下決定"", ""靈性""]","[""靈性"", ""自我觀察""]",TruthOS seed dataset,causality 因果 CAU_006 情緒下決定 靈性實踐中的情緒下決定盲點 在靈性實踐中，因為忽略情緒下決定，看不見結果其實來自一連串選擇，讓責任位置變得混亂。 只要結果過得去，情緒下決定就不重要。 看見情緒下決定背後的選擇，才能真正改變結果。 因果 情緒下決定 靈性 靈性 自我觀察,2026-06-04T10:25:52.059328+00:00,2026-06-04T10:25:52.059328+00:00,[],dialogue,,
tp_cau_069,causality,CAU_006,重大失落中的情緒下決定盲點,在重大失落中，因為忽略情緒下決定，看不見結果其實來自一連串選擇，使真正的需求被遮住。,只要結果過得去，情緒下決定就不重要。,看見情緒下決定背後的選擇，才能真正改變結果。,這個結果之前，你在哪個選擇點忽略了情緒下決定？,"[""因果"", ""情緒下決定"", ""失落""]","[""失落"", ""轉化""]",TruthOS seed dataset,causality 因果 CAU_006 情緒下決定 重大失落中的情緒下決定盲點 在重大失落中，因為忽略情緒下決定，看不見結果其實來自一連串選擇，使真正的需求被遮住。 只要結果過得去，情緒下決定就不重要。 看見情緒下決定背後的選擇，才能真正改變結果。 因果 情緒下決定 失落 失落 轉化,2026-06-04T10:25:52.059328+00:00,2026-06-04T10:25:52.059328+00:00,[],dialogue,,
tp_cau_070,causality,CAU_006,教養現場中的情緒下決定盲點,在教養現場中，因為忽略情緒下決定，看不見結果其實來自一連串選擇，讓反饋失去作用。,只要結果過得去，情緒下決定就不重要。,看見情緒下決定背後的選擇，才能真正改變結果。,這個結果之前，你在哪個選擇點忽略了情緒下決定？,"[""因果"", ""情緒下決定"", ""教養""]","[""親子"", ""教養""]",TruthOS seed dataset,causality 因果 CAU_006 情緒下決定 教養現場中的情緒下決定盲點 在教養現場中，因為忽略情緒下決定，看不見結果其實來自一連串選擇，讓反饋失去作用。 只要結果過得去，情緒下決定就不重要。 看見情緒下決定背後的選擇，才能真正改變結果。 因果 情緒下決定 教養 親子 教養,2026-06-04T10:25:52.059328+00:00,2026-06-04T10:25:52.059328+00:00,[],dialogue,,
tp_cau_071,causality,CAU_006,團隊回饋中的情緒下決定盲點,在團隊回饋中，因為忽略情緒下決定，看不見結果其實來自一連串選擇，讓信任開始鬆動。,只要結果過得去，情緒下決定就不重要。,看見情緒下決定背後的選擇，才能真正改變結果。,這個結果之前，你在哪個選擇點忽略了情緒下決定？,"[""因果"", ""情緒下決定"", ""回饋""]","[""團隊"", ""回饋""]",TruthOS seed dataset,causality 因果 CAU_006 情緒下決定 團隊回饋中的情緒下決定盲點 在團隊回饋中，因為忽略情緒下決定，看不見結果其實來自一連串選擇，讓信任開始鬆動。 只要結果過得去，情緒下決定就不重要。 看見情緒下決定背後的選擇，才能真正改變結果。 因果 情緒下決定 回饋 團隊 回饋,2026-06-04T10:25:52.059328+00:00,2026-06-04T10:25:52.059328+00:00,[],dialogue,,
tp_cau_072,causality,CAU_006,社群曝光中的情緒下決定盲點,在社群曝光中，因為忽略情緒下決定，看不見結果其實來自一連串選擇，讓決定越來越僵硬。,只要結果過得去，情緒下決定就不重要。,看見情緒下決定背後的選擇，才能真正改變結果。,這個結果之前，你在哪個選擇點忽略了情緒下決定？,"[""因果"", ""情緒下決定"", ""社群""]","[""社群"", ""自我價值""]",TruthOS seed dataset,causality 因果 CAU_006 情緒下決定 社群曝光中的情緒下決定盲點 在社群曝光中，因為忽略情緒下決定，看不見結果其實來自一連串選擇，讓決定越來越僵硬。 只要結果過得去，情緒下決定就不重要。 看見情緒下決定背後的選擇，才能真正改變結果。 因果 情緒下決定 社群 社群 自我價值,2026-06-04T10:25:52.059328+00:00,2026-06-04T10:25:52.059328+00:00,[],dialogue,,
tp_cau_073,causality,CAU_006,家庭對話中的情緒下決定盲點,在家庭對話中，因為忽略情緒下決定，看不見結果其實來自一連串選擇，讓內在更難安定。,只要結果過得去，情緒下決定就不重要。,看見情緒下決定背後的選擇，才能真正改變結果。,這個結果之前，你在哪個選擇點忽略了情緒下決定？,"[""因果"", ""情緒下決定"", ""家庭""]","[""家庭"", ""親子""]",TruthOS seed dataset,causality 因果 CAU_006 情緒下決定 家庭對話中的情緒下決定盲點 在家庭對話中，因為忽略情緒下決定，看不見結果其實來自一連串選擇，讓內在更難安定。 只要結果過得去，情緒下決定就不重要。 看見情緒下決定背後的選擇，才能真正改變結果。 因果 情緒下決定 家庭 家庭 親子,2026-06-04T10:25:52.059328+00:00,2026-06-04T10:25:52.059328+00:00,[],dialogue,,
tp_cau_074,causality,CAU_006,伴侶衝突中的情緒下決定盲點,在伴侶衝突中，因為忽略情緒下決定，看不見結果其實來自一連串選擇，使互動落入重複循環。,只要結果過得去，情緒下決定就不重要。,看見情緒下決定背後的選擇，才能真正改變結果。,這個結果之前，你在哪個選擇點忽略了情緒下決定？,"[""因果"", ""情緒下決定"", ""伴侶""]","[""伴侶"", ""界線""]",TruthOS seed dataset,causality 因果 CAU_006 情緒下決定 伴侶衝突中的情緒下決定盲點 在伴侶衝突中，因為忽略情緒下決定，看不見結果其實來自一連串選擇，使互動落入重複循環。 只要結果過得去，情緒下決定就不重要。 看見情緒下決定背後的選擇，才能真正改變結果。 因果 情緒下決定 伴侶 伴侶 界線,2026-06-04T10:25:52.059328+00:00,2026-06-04T10:25:52.059328+00:00,[],dialogue,,
tp_cau_075,causality,CAU_006,職場協作中的情緒下決定盲點,在職場協作中，因為忽略情緒下決定，看不見結果其實來自一連串選擇，讓看見真相的空間縮小。,只要結果過得去，情緒下決定就不重要。,看見情緒下決定背後的選擇，才能真正改變結果。,這個結果之前，你在哪個選擇點忽略了情緒下決定？,"[""因果"", ""情緒下決定"", ""職場""]","[""工作"", ""團隊""]",TruthOS seed dataset,causality 因果 CAU_006 情緒下決定 職場協作中的情緒下決定盲點 在職場協作中，因為忽略情緒下決定，看不見結果其實來自一連串選擇，讓看見真相的空間縮小。 只要結果過得去，情緒下決定就不重要。 看見情緒下決定背後的選擇，才能真正改變結果。 因果 情緒下決定 職場 工作 團隊,2026-06-04T10:25:52.059328+00:00,2026-06-04T10:25:52.059328+00:00,[],dialogue,,
tp_cau_076,causality,CAU_006,領導決策中的情緒下決定盲點,在領導決策中，因為忽略情緒下決定，看不見結果其實來自一連串選擇，讓支持變成壓力。,只要結果過得去，情緒下決定就不重要。,看見情緒下決定背後的選擇，才能真正改變結果。,這個結果之前，你在哪個選擇點忽略了情緒下決定？,"[""因果"", ""情緒下決定"", ""領導""]","[""領導"", ""決策""]",TruthOS seed dataset,causality 因果 CAU_006 情緒下決定 領導決策中的情緒下決定盲點 在領導決策中，因為忽略情緒下決定，看不見結果其實來自一連串選擇，讓支持變成壓力。 只要結果過得去，情緒下決定就不重要。 看見情緒下決定背後的選擇，才能真正改變結果。 因果 情緒下決定 領導 領導 決策,2026-06-04T10:25:52.059328+00:00,2026-06-04T10:25:52.059328+00:00,[],dialogue,,
tp_cau_077,causality,CAU_007,健康壓力中的拖延盲點,在健康壓力中，因為忽略拖延，看不見結果其實來自一連串選擇，讓改變停在表面。,只要結果過得去，拖延就不重要。,看見拖延背後的選擇，才能真正改變結果。,這個結果之前，你在哪個選擇點忽略了拖延？,"[""因果"", ""拖延"", ""健康""]","[""健康"", ""壓力""]",TruthOS seed dataset,causality 因果 CAU_007 拖延 健康壓力中的拖延盲點 在健康壓力中，因為忽略拖延，看不見結果其實來自一連串選擇，讓改變停在表面。 只要結果過得去，拖延就不重要。 看見拖延背後的選擇，才能真正改變結果。 因果 拖延 健康 健康 壓力,2026-06-04T10:25:52.059328+00:00,2026-06-04T10:25:52.059328+00:00,[],dialogue,,
tp_cau_078,causality,CAU_007,創作卡關中的拖延盲點,在創作卡關中，因為忽略拖延，看不見結果其實來自一連串選擇，讓資源交換變得扭曲。,只要結果過得去，拖延就不重要。,看見拖延背後的選擇，才能真正改變結果。,這個結果之前，你在哪個選擇點忽略了拖延？,"[""因果"", ""拖延"", ""創作""]","[""創作"", ""表達""]",TruthOS seed dataset,causality 因果 CAU_007 拖延 創作卡關中的拖延盲點 在創作卡關中，因為忽略拖延，看不見結果其實來自一連串選擇，讓資源交換變得扭曲。 只要結果過得去，拖延就不重要。 看見拖延背後的選擇，才能真正改變結果。 因果 拖延 創作 創作 表達,2026-06-04T10:25:52.059328+00:00,2026-06-04T10:25:52.059328+00:00,[],dialogue,,
tp_cau_079,causality,CAU_007,靈性實踐中的拖延盲點,在靈性實踐中，因為忽略拖延，看不見結果其實來自一連串選擇，讓對話逐漸失衡。,只要結果過得去，拖延就不重要。,看見拖延背後的選擇，才能真正改變結果。,這個結果之前，你在哪個選擇點忽略了拖延？,"[""因果"", ""拖延"", ""靈性""]","[""靈性"", ""自我觀察""]",TruthOS seed dataset,causality 因果 CAU_007 拖延 靈性實踐中的拖延盲點 在靈性實踐中，因為忽略拖延，看不見結果其實來自一連串選擇，讓對話逐漸失衡。 只要結果過得去，拖延就不重要。 看見拖延背後的選擇，才能真正改變結果。 因果 拖延 靈性 靈性 自我觀察,2026-06-04T10:25:52.059328+00:00,2026-06-04T10:25:52.059328+00:00,[],dialogue,,
tp_cau_080,causality,CAU_007,重大失落中的拖延盲點,在重大失落中，因為忽略拖延，看不見結果其實來自一連串選擇，讓界線變得模糊。,只要結果過得去，拖延就不重要。,看見拖延背後的選擇，才能真正改變結果。,這個結果之前，你在哪個選擇點忽略了拖延？,"[""因果"", ""拖延"", ""失落""]","[""失落"", ""轉化""]",TruthOS seed dataset,causality 因果 CAU_007 拖延 重大失落中的拖延盲點 在重大失落中，因為忽略拖延，看不見結果其實來自一連串選擇，讓界線變得模糊。 只要結果過得去，拖延就不重要。 看見拖延背後的選擇，才能真正改變結果。 因果 拖延 失落 失落 轉化,2026-06-04T10:25:52.059328+00:00,2026-06-04T10:25:52.059328+00:00,[],dialogue,,
tp_cau_081,causality,CAU_007,教養現場中的拖延盲點,在教養現場中，因為忽略拖延，看不見結果其實來自一連串選擇，讓責任位置變得混亂。,只要結果過得去，拖延就不重要。,看見拖延背後的選擇，才能真正改變結果。,這個結果之前，你在哪個選擇點忽略了拖延？,"[""因果"", ""拖延"", ""教養""]","[""親子"", ""教養""]",TruthOS seed dataset,causality 因果 CAU_007 拖延 教養現場中的拖延盲點 在教養現場中，因為忽略拖延，看不見結果其實來自一連串選擇，讓責任位置變得混亂。 只要結果過得去，拖延就不重要。 看見拖延背後的選擇，才能真正改變結果。 因果 拖延 教養 親子 教養,2026-06-04T10:25:52.059328+00:00,2026-06-04T10:25:52.059328+00:00,[],dialogue,,
tp_cau_082,causality,CAU_007,團隊回饋中的拖延盲點,在團隊回饋中，因為忽略拖延，看不見結果其實來自一連串選擇，使真正的需求被遮住。,只要結果過得去，拖延就不重要。,看見拖延背後的選擇，才能真正改變結果。,這個結果之前，你在哪個選擇點忽略了拖延？,"[""因果"", ""拖延"", ""回饋""]","[""團隊"", ""回饋""]",TruthOS seed dataset,causality 因果 CAU_007 拖延 團隊回饋中的拖延盲點 在團隊回饋中，因為忽略拖延，看不見結果其實來自一連串選擇，使真正的需求被遮住。 只要結果過得去，拖延就不重要。 看見拖延背後的選擇，才能真正改變結果。 因果 拖延 回饋 團隊 回饋,2026-06-04T10:25:52.059328+00:00,2026-06-04T10:25:52.059328+00:00,[],dialogue,,
tp_cau_083,causality,CAU_007,社群曝光中的拖延盲點,在社群曝光中，因為忽略拖延，看不見結果其實來自一連串選擇，讓反饋失去作用。,只要結果過得去，拖延就不重要。,看見拖延背後的選擇，才能真正改變結果。,這個結果之前，你在哪個選擇點忽略了拖延？,"[""因果"", ""拖延"", ""社群""]","[""社群"", ""自我價值""]",TruthOS seed dataset,causality 因果 CAU_007 拖延 社群曝光中的拖延盲點 在社群曝光中，因為忽略拖延，看不見結果其實來自一連串選擇，讓反饋失去作用。 只要結果過得去，拖延就不重要。 看見拖延背後的選擇，才能真正改變結果。 因果 拖延 社群 社群 自我價值,2026-06-04T10:25:52.059328+00:00,2026-06-04T10:25:52.059328+00:00,[],dialogue,,
tp_cau_084,causality,CAU_007,家庭對話中的拖延盲點,在家庭對話中，因為忽略拖延，看不見結果其實來自一連串選擇，讓信任開始鬆動。,只要結果過得去，拖延就不重要。,看見拖延背後的選擇，才能真正改變結果。,這個結果之前，你在哪個選擇點忽略了拖延？,"[""因果"", ""拖延"", ""家庭""]","[""家庭"", ""親子""]",TruthOS seed dataset,causality 因果 CAU_007 拖延 家庭對話中的拖延盲點 在家庭對話中，因為忽略拖延，看不見結果其實來自一連串選擇，讓信任開始鬆動。 只要結果過得去，拖延就不重要。 看見拖延背後的選擇，才能真正改變結果。 因果 拖延 家庭 家庭 親子,2026-06-04T10:25:52.059328+00:00,2026-06-04T10:25:52.059328+00:00,[],dialogue,,
tp_cau_085,causality,CAU_007,伴侶衝突中的拖延盲點,在伴侶衝突中，因為忽略拖延，看不見結果其實來自一連串選擇，讓決定越來越僵硬。,只要結果過得去，拖延就不重要。,看見拖延背後的選擇，才能真正改變結果。,這個結果之前，你在哪個選擇點忽略了拖延？,"[""因果"", ""拖延"", ""伴侶""]","[""伴侶"", ""界線""]",TruthOS seed dataset,causality 因果 CAU_007 拖延 伴侶衝突中的拖延盲點 在伴侶衝突中，因為忽略拖延，看不見結果其實來自一連串選擇，讓決定越來越僵硬。 只要結果過得去，拖延就不重要。 看見拖延背後的選擇，才能真正改變結果。 因果 拖延 伴侶 伴侶 界線,2026-06-04T10:25:52.059328+00:00,2026-06-04T10:25:52.059328+00:00,[],dialogue,,
tp_cau_086,causality,CAU_007,職場協作中的拖延盲點,在職場協作中，因為忽略拖延，看不見結果其實來自一連串選擇，讓內在更難安定。,只要結果過得去，拖延就不重要。,看見拖延背後的選擇，才能真正改變結果。,這個結果之前，你在哪個選擇點忽略了拖延？,"[""因果"", ""拖延"", ""職場""]","[""工作"", ""團隊""]",TruthOS seed dataset,causality 因果 CAU_007 拖延 職場協作中的拖延盲點 在職場協作中，因為忽略拖延，看不見結果其實來自一連串選擇，讓內在更難安定。 只要結果過得去，拖延就不重要。 看見拖延背後的選擇，才能真正改變結果。 因果 拖延 職場 工作 團隊,2026-06-04T10:25:52.059328+00:00,2026-06-04T10:25:52.059328+00:00,[],dialogue,,
tp_cau_087,causality,CAU_007,領導決策中的拖延盲點,在領導決策中，因為忽略拖延，看不見結果其實來自一連串選擇，使互動落入重複循環。,只要結果過得去，拖延就不重要。,看見拖延背後的選擇，才能真正改變結果。,這個結果之前，你在哪個選擇點忽略了拖延？,"[""因果"", ""拖延"", ""領導""]","[""領導"", ""決策""]",TruthOS seed dataset,causality 因果 CAU_007 拖延 領導決策中的拖延盲點 在領導決策中，因為忽略拖延，看不見結果其實來自一連串選擇，使互動落入重複循環。 只要結果過得去，拖延就不重要。 看見拖延背後的選擇，才能真正改變結果。 因果 拖延 領導 領導 決策,2026-06-04T10:25:52.059328+00:00,2026-06-04T10:25:52.059328+00:00,[],dialogue,,
tp_cau_088,causality,CAU_007,朋友互動中的拖延盲點,在朋友互動中，因為忽略拖延，看不見結果其實來自一連串選擇，讓看見真相的空間縮小。,只要結果過得去，拖延就不重要。,看見拖延背後的選擇，才能真正改變結果。,這個結果之前，你在哪個選擇點忽略了拖延？,"[""因果"", ""拖延"", ""友誼""]","[""友誼"", ""界線""]",TruthOS seed dataset,causality 因果 CAU_007 拖延 朋友互動中的拖延盲點 在朋友互動中，因為忽略拖延，看不見結果其實來自一連串選擇，讓看見真相的空間縮小。 只要結果過得去，拖延就不重要。 看見拖延背後的選擇，才能真正改變結果。 因果 拖延 友誼 友誼 界線,2026-06-04T10:25:52.059328+00:00,2026-06-04T10:25:52.059328+00:00,[],dialogue,,
tp_cau_089,causality,CAU_008,創作卡關中的切斷反饋盲點,在創作卡關中，因為忽略切斷反饋，看不見結果其實來自一連串選擇，讓支持變成壓力。,只要結果過得去，切斷反饋就不重要。,看見切斷反饋背後的選擇，才能真正改變結果。,這個結果之前，你在哪個選擇點忽略了切斷反饋？,"[""因果"", ""切斷反饋"", ""創作""]","[""創作"", ""表達""]",TruthOS seed dataset,causality 因果 CAU_008 切斷反饋 創作卡關中的切斷反饋盲點 在創作卡關中，因為忽略切斷反饋，看不見結果其實來自一連串選擇，讓支持變成壓力。 只要結果過得去，切斷反饋就不重要。 看見切斷反饋背後的選擇，才能真正改變結果。 因果 切斷反饋 創作 創作 表達,2026-06-04T10:25:52.059328+00:00,2026-06-04T10:25:52.059328+00:00,[],dialogue,,
tp_cau_090,causality,CAU_008,靈性實踐中的切斷反饋盲點,在靈性實踐中，因為忽略切斷反饋，看不見結果其實來自一連串選擇，讓改變停在表面。,只要結果過得去，切斷反饋就不重要。,看見切斷反饋背後的選擇，才能真正改變結果。,這個結果之前，你在哪個選擇點忽略了切斷反饋？,"[""因果"", ""切斷反饋"", ""靈性""]","[""靈性"", ""自我觀察""]",TruthOS seed dataset,causality 因果 CAU_008 切斷反饋 靈性實踐中的切斷反饋盲點 在靈性實踐中，因為忽略切斷反饋，看不見結果其實來自一連串選擇，讓改變停在表面。 只要結果過得去，切斷反饋就不重要。 看見切斷反饋背後的選擇，才能真正改變結果。 因果 切斷反饋 靈性 靈性 自我觀察,2026-06-04T10:25:52.059328+00:00,2026-06-04T10:25:52.059328+00:00,[],dialogue,,
tp_cau_091,causality,CAU_008,重大失落中的切斷反饋盲點,在重大失落中，因為忽略切斷反饋，看不見結果其實來自一連串選擇，讓資源交換變得扭曲。,只要結果過得去，切斷反饋就不重要。,看見切斷反饋背後的選擇，才能真正改變結果。,這個結果之前，你在哪個選擇點忽略了切斷反饋？,"[""因果"", ""切斷反饋"", ""失落""]","[""失落"", ""轉化""]",TruthOS seed dataset,causality 因果 CAU_008 切斷反饋 重大失落中的切斷反饋盲點 在重大失落中，因為忽略切斷反饋，看不見結果其實來自一連串選擇，讓資源交換變得扭曲。 只要結果過得去，切斷反饋就不重要。 看見切斷反饋背後的選擇，才能真正改變結果。 因果 切斷反饋 失落 失落 轉化,2026-06-04T10:25:52.059328+00:00,2026-06-04T10:25:52.059328+00:00,[],dialogue,,
tp_cau_092,causality,CAU_008,教養現場中的切斷反饋盲點,在教養現場中，因為忽略切斷反饋，看不見結果其實來自一連串選擇，讓對話逐漸失衡。,只要結果過得去，切斷反饋就不重要。,看見切斷反饋背後的選擇，才能真正改變結果。,這個結果之前，你在哪個選擇點忽略了切斷反饋？,"[""因果"", ""切斷反饋"", ""教養""]","[""親子"", ""教養""]",TruthOS seed dataset,causality 因果 CAU_008 切斷反饋 教養現場中的切斷反饋盲點 在教養現場中，因為忽略切斷反饋，看不見結果其實來自一連串選擇，讓對話逐漸失衡。 只要結果過得去，切斷反饋就不重要。 看見切斷反饋背後的選擇，才能真正改變結果。 因果 切斷反饋 教養 親子 教養,2026-06-04T10:25:52.059328+00:00,2026-06-04T10:25:52.059328+00:00,[],dialogue,,
tp_cau_093,causality,CAU_008,團隊回饋中的切斷反饋盲點,在團隊回饋中，因為忽略切斷反饋，看不見結果其實來自一連串選擇，讓界線變得模糊。,只要結果過得去，切斷反饋就不重要。,看見切斷反饋背後的選擇，才能真正改變結果。,這個結果之前，你在哪個選擇點忽略了切斷反饋？,"[""因果"", ""切斷反饋"", ""回饋""]","[""團隊"", ""回饋""]",TruthOS seed dataset,causality 因果 CAU_008 切斷反饋 團隊回饋中的切斷反饋盲點 在團隊回饋中，因為忽略切斷反饋，看不見結果其實來自一連串選擇，讓界線變得模糊。 只要結果過得去，切斷反饋就不重要。 看見切斷反饋背後的選擇，才能真正改變結果。 因果 切斷反饋 回饋 團隊 回饋,2026-06-04T10:25:52.059328+00:00,2026-06-04T10:25:52.059328+00:00,[],dialogue,,
tp_cau_094,causality,CAU_008,社群曝光中的切斷反饋盲點,在社群曝光中，因為忽略切斷反饋，看不見結果其實來自一連串選擇，讓責任位置變得混亂。,只要結果過得去，切斷反饋就不重要。,看見切斷反饋背後的選擇，才能真正改變結果。,這個結果之前，你在哪個選擇點忽略了切斷反饋？,"[""因果"", ""切斷反饋"", ""社群""]","[""社群"", ""自我價值""]",TruthOS seed dataset,causality 因果 CAU_008 切斷反饋 社群曝光中的切斷反饋盲點 在社群曝光中，因為忽略切斷反饋，看不見結果其實來自一連串選擇，讓責任位置變得混亂。 只要結果過得去，切斷反饋就不重要。 看見切斷反饋背後的選擇，才能真正改變結果。 因果 切斷反饋 社群 社群 自我價值,2026-06-04T10:25:52.059328+00:00,2026-06-04T10:25:52.059328+00:00,[],dialogue,,
tp_cau_095,causality,CAU_008,家庭對話中的切斷反饋盲點,在家庭對話中，因為忽略切斷反饋，看不見結果其實來自一連串選擇，使真正的需求被遮住。,只要結果過得去，切斷反饋就不重要。,看見切斷反饋背後的選擇，才能真正改變結果。,這個結果之前，你在哪個選擇點忽略了切斷反饋？,"[""因果"", ""切斷反饋"", ""家庭""]","[""家庭"", ""親子""]",TruthOS seed dataset,causality 因果 CAU_008 切斷反饋 家庭對話中的切斷反饋盲點 在家庭對話中，因為忽略切斷反饋，看不見結果其實來自一連串選擇，使真正的需求被遮住。 只要結果過得去，切斷反饋就不重要。 看見切斷反饋背後的選擇，才能真正改變結果。 因果 切斷反饋 家庭 家庭 親子,2026-06-04T10:25:52.059328+00:00,2026-06-04T10:25:52.059328+00:00,[],dialogue,,
tp_cau_096,causality,CAU_008,伴侶衝突中的切斷反饋盲點,在伴侶衝突中，因為忽略切斷反饋，看不見結果其實來自一連串選擇，讓反饋失去作用。,只要結果過得去，切斷反饋就不重要。,看見切斷反饋背後的選擇，才能真正改變結果。,這個結果之前，你在哪個選擇點忽略了切斷反饋？,"[""因果"", ""切斷反饋"", ""伴侶""]","[""伴侶"", ""界線""]",TruthOS seed dataset,causality 因果 CAU_008 切斷反饋 伴侶衝突中的切斷反饋盲點 在伴侶衝突中，因為忽略切斷反饋，看不見結果其實來自一連串選擇，讓反饋失去作用。 只要結果過得去，切斷反饋就不重要。 看見切斷反饋背後的選擇，才能真正改變結果。 因果 切斷反饋 伴侶 伴侶 界線,2026-06-04T10:25:52.059328+00:00,2026-06-04T10:25:52.059328+00:00,[],dialogue,,
tp_cau_097,causality,CAU_008,職場協作中的切斷反饋盲點,在職場協作中，因為忽略切斷反饋，看不見結果其實來自一連串選擇，讓信任開始鬆動。,只要結果過得去，切斷反饋就不重要。,看見切斷反饋背後的選擇，才能真正改變結果。,這個結果之前，你在哪個選擇點忽略了切斷反饋？,"[""因果"", ""切斷反饋"", ""職場""]","[""工作"", ""團隊""]",TruthOS seed dataset,causality 因果 CAU_008 切斷反饋 職場協作中的切斷反饋盲點 在職場協作中，因為忽略切斷反饋，看不見結果其實來自一連串選擇，讓信任開始鬆動。 只要結果過得去，切斷反饋就不重要。 看見切斷反饋背後的選擇，才能真正改變結果。 因果 切斷反饋 職場 工作 團隊,2026-06-04T10:25:52.059328+00:00,2026-06-04T10:25:52.059328+00:00,[],dialogue,,
tp_cau_098,causality,CAU_008,領導決策中的切斷反饋盲點,在領導決策中，因為忽略切斷反饋，看不見結果其實來自一連串選擇，讓決定越來越僵硬。,只要結果過得去，切斷反饋就不重要。,看見切斷反饋背後的選擇，才能真正改變結果。,這個結果之前，你在哪個選擇點忽略了切斷反饋？,"[""因果"", ""切斷反饋"", ""領導""]","[""領導"", ""決策""]",TruthOS seed dataset,causality 因果 CAU_008 切斷反饋 領導決策中的切斷反饋盲點 在領導決策中，因為忽略切斷反饋，看不見結果其實來自一連串選擇，讓決定越來越僵硬。 只要結果過得去，切斷反饋就不重要。 看見切斷反饋背後的選擇，才能真正改變結果。 因果 切斷反饋 領導 領導 決策,2026-06-04T10:25:52.059328+00:00,2026-06-04T10:25:52.059328+00:00,[],dialogue,,
tp_cau_099,causality,CAU_008,朋友互動中的切斷反饋盲點,在朋友互動中，因為忽略切斷反饋，看不見結果其實來自一連串選擇，讓內在更難安定。,只要結果過得去，切斷反饋就不重要。,看見切斷反饋背後的選擇，才能真正改變結果。,這個結果之前，你在哪個選擇點忽略了切斷反饋？,"[""因果"", ""切斷反饋"", ""友誼""]","[""友誼"", ""界線""]",TruthOS seed dataset,causality 因果 CAU_008 切斷反饋 朋友互動中的切斷反饋盲點 在朋友互動中，因為忽略切斷反饋，看不見結果其實來自一連串選擇，讓內在更難安定。 只要結果過得去，切斷反饋就不重要。 看見切斷反饋背後的選擇，才能真正改變結果。 因果 切斷反饋 友誼 友誼 界線,2026-06-04T10:25:52.059328+00:00,2026-06-04T10:25:52.059328+00:00,[],dialogue,,
tp_cau_100,causality,CAU_008,金錢選擇中的切斷反饋盲點,在金錢選擇中，因為忽略切斷反饋，看不見結果其實來自一連串選擇，使互動落入重複循環。,只要結果過得去，切斷反饋就不重要。,看見切斷反饋背後的選擇，才能真正改變結果。,這個結果之前，你在哪個選擇點忽略了切斷反饋？,"[""因果"", ""切斷反饋"", ""金錢""]","[""金錢"", ""價值""]",TruthOS seed dataset,causality 因果 CAU_008 切斷反饋 金錢選擇中的切斷反饋盲點 在金錢選擇中，因為忽略切斷反饋，看不見結果其實來自一連串選擇，使互動落入重複循環。 只要結果過得去，切斷反饋就不重要。 看見切斷反饋背後的選擇，才能真正改變結果。 因果 切斷反饋 金錢 金錢 價值,2026-06-04T10:25:52.059328+00:00,2026-06-04T10:25:52.059328+00:00,[],dialogue,,
tp_man_001,manifestation,MAN_001,家庭對話中的匱乏感盲點,在家庭對話中，想要創造結果，卻被匱乏感拉回匱乏與緊抓，讓對話逐漸失衡。,只有靠匱乏感，我才能得到想要的資源。,價值交換比匱乏感更能穩定地帶來資源。,若不再用匱乏感追資源，你真正要交換的是什麼價值？,"[""顯化"", ""匱乏感"", ""家庭""]","[""家庭"", ""親子""]",TruthOS seed dataset,manifestation 顯化 MAN_001 匱乏感 家庭對話中的匱乏感盲點 在家庭對話中，想要創造結果，卻被匱乏感拉回匱乏與緊抓，讓對話逐漸失衡。 只有靠匱乏感，我才能得到想要的資源。 價值交換比匱乏感更能穩定地帶來資源。 顯化 匱乏感 家庭 家庭 親子,2026-06-04T10:25:52.059328+00:00,2026-06-04T10:25:52.059328+00:00,[],dialogue,,
tp_man_002,manifestation,MAN_001,伴侶衝突中的匱乏感盲點,在伴侶衝突中，想要創造結果，卻被匱乏感拉回匱乏與緊抓，讓界線變得模糊。,只有靠匱乏感，我才能得到想要的資源。,價值交換比匱乏感更能穩定地帶來資源。,若不再用匱乏感追資源，你真正要交換的是什麼價值？,"[""顯化"", ""匱乏感"", ""伴侶""]","[""伴侶"", ""界線""]",TruthOS seed dataset,manifestation 顯化 MAN_001 匱乏感 伴侶衝突中的匱乏感盲點 在伴侶衝突中，想要創造結果，卻被匱乏感拉回匱乏與緊抓，讓界線變得模糊。 只有靠匱乏感，我才能得到想要的資源。 價值交換比匱乏感更能穩定地帶來資源。 顯化 匱乏感 伴侶 伴侶 界線,2026-06-04T10:25:52.059328+00:00,2026-06-04T10:25:52.059328+00:00,[],dialogue,,
tp_man_003,manifestation,MAN_001,職場協作中的匱乏感盲點,在職場協作中，想要創造結果，卻被匱乏感拉回匱乏與緊抓，讓責任位置變得混亂。,只有靠匱乏感，我才能得到想要的資源。,價值交換比匱乏感更能穩定地帶來資源。,若不再用匱乏感追資源，你真正要交換的是什麼價值？,"[""顯化"", ""匱乏感"", ""職場""]","[""工作"", ""團隊""]",TruthOS seed dataset,manifestation 顯化 MAN_001 匱乏感 職場協作中的匱乏感盲點 在職場協作中，想要創造結果，卻被匱乏感拉回匱乏與緊抓，讓責任位置變得混亂。 只有靠匱乏感，我才能得到想要的資源。 價值交換比匱乏感更能穩定地帶來資源。 顯化 匱乏感 職場 工作 團隊,2026-06-04T10:25:52.059328+00:00,2026-06-04T10:25:52.059328+00:00,[],dialogue,,
tp_man_004,manifestation,MAN_001,領導決策中的匱乏感盲點,在領導決策中，想要創造結果，卻被匱乏感拉回匱乏與緊抓，使真正的需求被遮住。,只有靠匱乏感，我才能得到想要的資源。,價值交換比匱乏感更能穩定地帶來資源。,若不再用匱乏感追資源，你真正要交換的是什麼價值？,"[""顯化"", ""匱乏感"", ""領導""]","[""領導"", ""決策""]",TruthOS seed dataset,manifestation 顯化 MAN_001 匱乏感 領導決策中的匱乏感盲點 在領導決策中，想要創造結果，卻被匱乏感拉回匱乏與緊抓，使真正的需求被遮住。 只有靠匱乏感，我才能得到想要的資源。 價值交換比匱乏感更能穩定地帶來資源。 顯化 匱乏感 領導 領導 決策,2026-06-04T10:25:52.059328+00:00,2026-06-04T10:25:52.059328+00:00,[],dialogue,,
tp_man_005,manifestation,MAN_001,朋友互動中的匱乏感盲點,在朋友互動中，想要創造結果，卻被匱乏感拉回匱乏與緊抓，讓反饋失去作用。,只有靠匱乏感，我才能得到想要的資源。,價值交換比匱乏感更能穩定地帶來資源。,若不再用匱乏感追資源，你真正要交換的是什麼價值？,"[""顯化"", ""匱乏感"", ""友誼""]","[""友誼"", ""界線""]",TruthOS seed dataset,manifestation 顯化 MAN_001 匱乏感 朋友互動中的匱乏感盲點 在朋友互動中，想要創造結果，卻被匱乏感拉回匱乏與緊抓，讓反饋失去作用。 只有靠匱乏感，我才能得到想要的資源。 價值交換比匱乏感更能穩定地帶來資源。 顯化 匱乏感 友誼 友誼 界線,2026-06-04T10:25:52.059328+00:00,2026-06-04T10:25:52.059328+00:00,[],dialogue,,
tp_man_006,manifestation,MAN_001,金錢選擇中的匱乏感盲點,在金錢選擇中，想要創造結果，卻被匱乏感拉回匱乏與緊抓，讓信任開始鬆動。,只有靠匱乏感，我才能得到想要的資源。,價值交換比匱乏感更能穩定地帶來資源。,若不再用匱乏感追資源，你真正要交換的是什麼價值？,"[""顯化"", ""匱乏感"", ""金錢""]","[""金錢"", ""價值""]",TruthOS seed dataset,manifestation 顯化 MAN_001 匱乏感 金錢選擇中的匱乏感盲點 在金錢選擇中，想要創造結果，卻被匱乏感拉回匱乏與緊抓，讓信任開始鬆動。 只有靠匱乏感，我才能得到想要的資源。 價值交換比匱乏感更能穩定地帶來資源。 顯化 匱乏感 金錢 金錢 價值,2026-06-04T10:25:52.059328+00:00,2026-06-04T10:25:52.059328+00:00,[],dialogue,,
tp_man_007,manifestation,MAN_001,健康壓力中的匱乏感盲點,在健康壓力中，想要創造結果，卻被匱乏感拉回匱乏與緊抓，讓決定越來越僵硬。,只有靠匱乏感，我才能得到想要的資源。,價值交換比匱乏感更能穩定地帶來資源。,若不再用匱乏感追資源，你真正要交換的是什麼價值？,"[""顯化"", ""匱乏感"", ""健康""]","[""健康"", ""壓力""]",TruthOS seed dataset,manifestation 顯化 MAN_001 匱乏感 健康壓力中的匱乏感盲點 在健康壓力中，想要創造結果，卻被匱乏感拉回匱乏與緊抓，讓決定越來越僵硬。 只有靠匱乏感，我才能得到想要的資源。 價值交換比匱乏感更能穩定地帶來資源。 顯化 匱乏感 健康 健康 壓力,2026-06-04T10:25:52.059328+00:00,2026-06-04T10:25:52.059328+00:00,[],dialogue,,
tp_man_008,manifestation,MAN_001,創作卡關中的匱乏感盲點,在創作卡關中，想要創造結果，卻被匱乏感拉回匱乏與緊抓，讓內在更難安定。,只有靠匱乏感，我才能得到想要的資源。,價值交換比匱乏感更能穩定地帶來資源。,若不再用匱乏感追資源，你真正要交換的是什麼價值？,"[""顯化"", ""匱乏感"", ""創作""]","[""創作"", ""表達""]",TruthOS seed dataset,manifestation 顯化 MAN_001 匱乏感 創作卡關中的匱乏感盲點 在創作卡關中，想要創造結果，卻被匱乏感拉回匱乏與緊抓，讓內在更難安定。 只有靠匱乏感，我才能得到想要的資源。 價值交換比匱乏感更能穩定地帶來資源。 顯化 匱乏感 創作 創作 表達,2026-06-04T10:25:52.059328+00:00,2026-06-04T10:25:52.059328+00:00,[],dialogue,,
tp_man_009,manifestation,MAN_001,靈性實踐中的匱乏感盲點,在靈性實踐中，想要創造結果，卻被匱乏感拉回匱乏與緊抓，使互動落入重複循環。,只有靠匱乏感，我才能得到想要的資源。,價值交換比匱乏感更能穩定地帶來資源。,若不再用匱乏感追資源，你真正要交換的是什麼價值？,"[""顯化"", ""匱乏感"", ""靈性""]","[""靈性"", ""自我觀察""]",TruthOS seed dataset,manifestation 顯化 MAN_001 匱乏感 靈性實踐中的匱乏感盲點 在靈性實踐中，想要創造結果，卻被匱乏感拉回匱乏與緊抓，使互動落入重複循環。 只有靠匱乏感，我才能得到想要的資源。 價值交換比匱乏感更能穩定地帶來資源。 顯化 匱乏感 靈性 靈性 自我觀察,2026-06-04T10:25:52.059328+00:00,2026-06-04T10:25:52.059328+00:00,[],dialogue,,
tp_man_010,manifestation,MAN_001,重大失落中的匱乏感盲點,在重大失落中，想要創造結果，卻被匱乏感拉回匱乏與緊抓，讓看見真相的空間縮小。,只有靠匱乏感，我才能得到想要的資源。,價值交換比匱乏感更能穩定地帶來資源。,若不再用匱乏感追資源，你真正要交換的是什麼價值？,"[""顯化"", ""匱乏感"", ""失落""]","[""失落"", ""轉化""]",TruthOS seed dataset,manifestation 顯化 MAN_001 匱乏感 重大失落中的匱乏感盲點 在重大失落中，想要創造結果，卻被匱乏感拉回匱乏與緊抓，讓看見真相的空間縮小。 只有靠匱乏感，我才能得到想要的資源。 價值交換比匱乏感更能穩定地帶來資源。 顯化 匱乏感 失落 失落 轉化,2026-06-04T10:25:52.059328+00:00,2026-06-04T10:25:52.059328+00:00,[],dialogue,,
tp_man_011,manifestation,MAN_001,教養現場中的匱乏感盲點,在教養現場中，想要創造結果，卻被匱乏感拉回匱乏與緊抓，讓支持變成壓力。,只有靠匱乏感，我才能得到想要的資源。,價值交換比匱乏感更能穩定地帶來資源。,若不再用匱乏感追資源，你真正要交換的是什麼價值？,"[""顯化"", ""匱乏感"", ""教養""]","[""親子"", ""教養""]",TruthOS seed dataset,manifestation 顯化 MAN_001 匱乏感 教養現場中的匱乏感盲點 在教養現場中，想要創造結果，卻被匱乏感拉回匱乏與緊抓，讓支持變成壓力。 只有靠匱乏感，我才能得到想要的資源。 價值交換比匱乏感更能穩定地帶來資源。 顯化 匱乏感 教養 親子 教養,2026-06-04T10:25:52.059328+00:00,2026-06-04T10:25:52.059328+00:00,[],dialogue,,
tp_man_012,manifestation,MAN_001,團隊回饋中的匱乏感盲點,在團隊回饋中，想要創造結果，卻被匱乏感拉回匱乏與緊抓，讓改變停在表面。,只有靠匱乏感，我才能得到想要的資源。,價值交換比匱乏感更能穩定地帶來資源。,若不再用匱乏感追資源，你真正要交換的是什麼價值？,"[""顯化"", ""匱乏感"", ""回饋""]","[""團隊"", ""回饋""]",TruthOS seed dataset,manifestation 顯化 MAN_001 匱乏感 團隊回饋中的匱乏感盲點 在團隊回饋中，想要創造結果，卻被匱乏感拉回匱乏與緊抓，讓改變停在表面。 只有靠匱乏感，我才能得到想要的資源。 價值交換比匱乏感更能穩定地帶來資源。 顯化 匱乏感 回饋 團隊 回饋,2026-06-04T10:25:52.059328+00:00,2026-06-04T10:25:52.059328+00:00,[],dialogue,,
tp_man_013,manifestation,MAN_001,社群曝光中的匱乏感盲點,在社群曝光中，想要創造結果，卻被匱乏感拉回匱乏與緊抓，讓資源交換變得扭曲。,只有靠匱乏感，我才能得到想要的資源。,價值交換比匱乏感更能穩定地帶來資源。,若不再用匱乏感追資源，你真正要交換的是什麼價值？,"[""顯化"", ""匱乏感"", ""社群""]","[""社群"", ""自我價值""]",TruthOS seed dataset,manifestation 顯化 MAN_001 匱乏感 社群曝光中的匱乏感盲點 在社群曝光中，想要創造結果，卻被匱乏感拉回匱乏與緊抓，讓資源交換變得扭曲。 只有靠匱乏感，我才能得到想要的資源。 價值交換比匱乏感更能穩定地帶來資源。 顯化 匱乏感 社群 社群 自我價值,2026-06-04T10:25:52.059328+00:00,2026-06-04T10:25:52.059328+00:00,[],dialogue,,
tp_man_014,manifestation,MAN_002,伴侶衝突中的價格焦慮盲點,在伴侶衝突中，想要創造結果，卻被價格焦慮拉回匱乏與緊抓，讓對話逐漸失衡。,只有靠價格焦慮，我才能得到想要的資源。,價值交換比價格焦慮更能穩定地帶來資源。,若不再用價格焦慮追資源，你真正要交換的是什麼價值？,"[""顯化"", ""價格焦慮"", ""伴侶""]","[""伴侶"", ""界線""]",TruthOS seed dataset,manifestation 顯化 MAN_002 價格焦慮 伴侶衝突中的價格焦慮盲點 在伴侶衝突中，想要創造結果，卻被價格焦慮拉回匱乏與緊抓，讓對話逐漸失衡。 只有靠價格焦慮，我才能得到想要的資源。 價值交換比價格焦慮更能穩定地帶來資源。 顯化 價格焦慮 伴侶 伴侶 界線,2026-06-04T10:25:52.059328+00:00,2026-06-04T10:25:52.059328+00:00,[],dialogue,,
tp_man_015,manifestation,MAN_002,職場協作中的價格焦慮盲點,在職場協作中，想要創造結果，卻被價格焦慮拉回匱乏與緊抓，讓界線變得模糊。,只有靠價格焦慮，我才能得到想要的資源。,價值交換比價格焦慮更能穩定地帶來資源。,若不再用價格焦慮追資源，你真正要交換的是什麼價值？,"[""顯化"", ""價格焦慮"", ""職場""]","[""工作"", ""團隊""]",TruthOS seed dataset,manifestation 顯化 MAN_002 價格焦慮 職場協作中的價格焦慮盲點 在職場協作中，想要創造結果，卻被價格焦慮拉回匱乏與緊抓，讓界線變得模糊。 只有靠價格焦慮，我才能得到想要的資源。 價值交換比價格焦慮更能穩定地帶來資源。 顯化 價格焦慮 職場 工作 團隊,2026-06-04T10:25:52.059328+00:00,2026-06-04T10:25:52.059328+00:00,[],dialogue,,
tp_man_016,manifestation,MAN_002,領導決策中的價格焦慮盲點,在領導決策中，想要創造結果，卻被價格焦慮拉回匱乏與緊抓，讓責任位置變得混亂。,只有靠價格焦慮，我才能得到想要的資源。,價值交換比價格焦慮更能穩定地帶來資源。,若不再用價格焦慮追資源，你真正要交換的是什麼價值？,"[""顯化"", ""價格焦慮"", ""領導""]","[""領導"", ""決策""]",TruthOS seed dataset,manifestation 顯化 MAN_002 價格焦慮 領導決策中的價格焦慮盲點 在領導決策中，想要創造結果，卻被價格焦慮拉回匱乏與緊抓，讓責任位置變得混亂。 只有靠價格焦慮，我才能得到想要的資源。 價值交換比價格焦慮更能穩定地帶來資源。 顯化 價格焦慮 領導 領導 決策,2026-06-04T10:25:52.059328+00:00,2026-06-04T10:25:52.059328+00:00,[],dialogue,,
tp_man_017,manifestation,MAN_002,朋友互動中的價格焦慮盲點,在朋友互動中，想要創造結果，卻被價格焦慮拉回匱乏與緊抓，使真正的需求被遮住。,只有靠價格焦慮，我才能得到想要的資源。,價值交換比價格焦慮更能穩定地帶來資源。,若不再用價格焦慮追資源，你真正要交換的是什麼價值？,"[""顯化"", ""價格焦慮"", ""友誼""]","[""友誼"", ""界線""]",TruthOS seed dataset,manifestation 顯化 MAN_002 價格焦慮 朋友互動中的價格焦慮盲點 在朋友互動中，想要創造結果，卻被價格焦慮拉回匱乏與緊抓，使真正的需求被遮住。 只有靠價格焦慮，我才能得到想要的資源。 價值交換比價格焦慮更能穩定地帶來資源。 顯化 價格焦慮 友誼 友誼 界線,2026-06-04T10:25:52.059328+00:00,2026-06-04T10:25:52.059328+00:00,[],dialogue,,
tp_man_018,manifestation,MAN_002,金錢選擇中的價格焦慮盲點,在金錢選擇中，想要創造結果，卻被價格焦慮拉回匱乏與緊抓，讓反饋失去作用。,只有靠價格焦慮，我才能得到想要的資源。,價值交換比價格焦慮更能穩定地帶來資源。,若不再用價格焦慮追資源，你真正要交換的是什麼價值？,"[""顯化"", ""價格焦慮"", ""金錢""]","[""金錢"", ""價值""]",TruthOS seed dataset,manifestation 顯化 MAN_002 價格焦慮 金錢選擇中的價格焦慮盲點 在金錢選擇中，想要創造結果，卻被價格焦慮拉回匱乏與緊抓，讓反饋失去作用。 只有靠價格焦慮，我才能得到想要的資源。 價值交換比價格焦慮更能穩定地帶來資源。 顯化 價格焦慮 金錢 金錢 價值,2026-06-04T10:25:52.059328+00:00,2026-06-04T10:25:52.059328+00:00,[],dialogue,,
tp_man_019,manifestation,MAN_002,健康壓力中的價格焦慮盲點,在健康壓力中，想要創造結果，卻被價格焦慮拉回匱乏與緊抓，讓信任開始鬆動。,只有靠價格焦慮，我才能得到想要的資源。,價值交換比價格焦慮更能穩定地帶來資源。,若不再用價格焦慮追資源，你真正要交換的是什麼價值？,"[""顯化"", ""價格焦慮"", ""健康""]","[""健康"", ""壓力""]",TruthOS seed dataset,manifestation 顯化 MAN_002 價格焦慮 健康壓力中的價格焦慮盲點 在健康壓力中，想要創造結果，卻被價格焦慮拉回匱乏與緊抓，讓信任開始鬆動。 只有靠價格焦慮，我才能得到想要的資源。 價值交換比價格焦慮更能穩定地帶來資源。 顯化 價格焦慮 健康 健康 壓力,2026-06-04T10:25:52.059328+00:00,2026-06-04T10:25:52.059328+00:00,[],dialogue,,
tp_man_020,manifestation,MAN_002,創作卡關中的價格焦慮盲點,在創作卡關中，想要創造結果，卻被價格焦慮拉回匱乏與緊抓，讓決定越來越僵硬。,只有靠價格焦慮，我才能得到想要的資源。,價值交換比價格焦慮更能穩定地帶來資源。,若不再用價格焦慮追資源，你真正要交換的是什麼價值？,"[""顯化"", ""價格焦慮"", ""創作""]","[""創作"", ""表達""]",TruthOS seed dataset,manifestation 顯化 MAN_002 價格焦慮 創作卡關中的價格焦慮盲點 在創作卡關中，想要創造結果，卻被價格焦慮拉回匱乏與緊抓，讓決定越來越僵硬。 只有靠價格焦慮，我才能得到想要的資源。 價值交換比價格焦慮更能穩定地帶來資源。 顯化 價格焦慮 創作 創作 表達,2026-06-04T10:25:52.059328+00:00,2026-06-04T10:25:52.059328+00:00,[],dialogue,,
tp_man_021,manifestation,MAN_002,靈性實踐中的價格焦慮盲點,在靈性實踐中，想要創造結果，卻被價格焦慮拉回匱乏與緊抓，讓內在更難安定。,只有靠價格焦慮，我才能得到想要的資源。,價值交換比價格焦慮更能穩定地帶來資源。,若不再用價格焦慮追資源，你真正要交換的是什麼價值？,"[""顯化"", ""價格焦慮"", ""靈性""]","[""靈性"", ""自我觀察""]",TruthOS seed dataset,manifestation 顯化 MAN_002 價格焦慮 靈性實踐中的價格焦慮盲點 在靈性實踐中，想要創造結果，卻被價格焦慮拉回匱乏與緊抓，讓內在更難安定。 只有靠價格焦慮，我才能得到想要的資源。 價值交換比價格焦慮更能穩定地帶來資源。 顯化 價格焦慮 靈性 靈性 自我觀察,2026-06-04T10:25:52.059328+00:00,2026-06-04T10:25:52.059328+00:00,[],dialogue,,
tp_man_022,manifestation,MAN_002,重大失落中的價格焦慮盲點,在重大失落中，想要創造結果，卻被價格焦慮拉回匱乏與緊抓，使互動落入重複循環。,只有靠價格焦慮，我才能得到想要的資源。,價值交換比價格焦慮更能穩定地帶來資源。,若不再用價格焦慮追資源，你真正要交換的是什麼價值？,"[""顯化"", ""價格焦慮"", ""失落""]","[""失落"", ""轉化""]",TruthOS seed dataset,manifestation 顯化 MAN_002 價格焦慮 重大失落中的價格焦慮盲點 在重大失落中，想要創造結果，卻被價格焦慮拉回匱乏與緊抓，使互動落入重複循環。 只有靠價格焦慮，我才能得到想要的資源。 價值交換比價格焦慮更能穩定地帶來資源。 顯化 價格焦慮 失落 失落 轉化,2026-06-04T10:25:52.059328+00:00,2026-06-04T10:25:52.059328+00:00,[],dialogue,,
tp_man_023,manifestation,MAN_002,教養現場中的價格焦慮盲點,在教養現場中，想要創造結果，卻被價格焦慮拉回匱乏與緊抓，讓看見真相的空間縮小。,只有靠價格焦慮，我才能得到想要的資源。,價值交換比價格焦慮更能穩定地帶來資源。,若不再用價格焦慮追資源，你真正要交換的是什麼價值？,"[""顯化"", ""價格焦慮"", ""教養""]","[""親子"", ""教養""]",TruthOS seed dataset,manifestation 顯化 MAN_002 價格焦慮 教養現場中的價格焦慮盲點 在教養現場中，想要創造結果，卻被價格焦慮拉回匱乏與緊抓，讓看見真相的空間縮小。 只有靠價格焦慮，我才能得到想要的資源。 價值交換比價格焦慮更能穩定地帶來資源。 顯化 價格焦慮 教養 親子 教養,2026-06-04T10:25:52.059328+00:00,2026-06-04T10:25:52.059328+00:00,[],dialogue,,
tp_man_024,manifestation,MAN_002,團隊回饋中的價格焦慮盲點,在團隊回饋中，想要創造結果，卻被價格焦慮拉回匱乏與緊抓，讓支持變成壓力。,只有靠價格焦慮，我才能得到想要的資源。,價值交換比價格焦慮更能穩定地帶來資源。,若不再用價格焦慮追資源，你真正要交換的是什麼價值？,"[""顯化"", ""價格焦慮"", ""回饋""]","[""團隊"", ""回饋""]",TruthOS seed dataset,manifestation 顯化 MAN_002 價格焦慮 團隊回饋中的價格焦慮盲點 在團隊回饋中，想要創造結果，卻被價格焦慮拉回匱乏與緊抓，讓支持變成壓力。 只有靠價格焦慮，我才能得到想要的資源。 價值交換比價格焦慮更能穩定地帶來資源。 顯化 價格焦慮 回饋 團隊 回饋,2026-06-04T10:25:52.059328+00:00,2026-06-04T10:25:52.059328+00:00,[],dialogue,,
tp_man_025,manifestation,MAN_002,社群曝光中的價格焦慮盲點,在社群曝光中，想要創造結果，卻被價格焦慮拉回匱乏與緊抓，讓改變停在表面。,只有靠價格焦慮，我才能得到想要的資源。,價值交換比價格焦慮更能穩定地帶來資源。,若不再用價格焦慮追資源，你真正要交換的是什麼價值？,"[""顯化"", ""價格焦慮"", ""社群""]","[""社群"", ""自我價值""]",TruthOS seed dataset,manifestation 顯化 MAN_002 價格焦慮 社群曝光中的價格焦慮盲點 在社群曝光中，想要創造結果，卻被價格焦慮拉回匱乏與緊抓，讓改變停在表面。 只有靠價格焦慮，我才能得到想要的資源。 價值交換比價格焦慮更能穩定地帶來資源。 顯化 價格焦慮 社群 社群 自我價值,2026-06-04T10:25:52.059328+00:00,2026-06-04T10:25:52.059328+00:00,[],dialogue,,
tp_man_026,manifestation,MAN_002,家庭對話中的價格焦慮盲點,在家庭對話中，想要創造結果，卻被價格焦慮拉回匱乏與緊抓，讓資源交換變得扭曲。,只有靠價格焦慮，我才能得到想要的資源。,價值交換比價格焦慮更能穩定地帶來資源。,若不再用價格焦慮追資源，你真正要交換的是什麼價值？,"[""顯化"", ""價格焦慮"", ""家庭""]","[""家庭"", ""親子""]",TruthOS seed dataset,manifestation 顯化 MAN_002 價格焦慮 家庭對話中的價格焦慮盲點 在家庭對話中，想要創造結果，卻被價格焦慮拉回匱乏與緊抓，讓資源交換變得扭曲。 只有靠價格焦慮，我才能得到想要的資源。 價值交換比價格焦慮更能穩定地帶來資源。 顯化 價格焦慮 家庭 家庭 親子,2026-06-04T10:25:52.059328+00:00,2026-06-04T10:25:52.059328+00:00,[],dialogue,,
tp_man_027,manifestation,MAN_003,職場協作中的拿價值換認同盲點,在職場協作中，想要創造結果，卻被拿價值換認同拉回匱乏與緊抓，讓對話逐漸失衡。,只有靠拿價值換認同，我才能得到想要的資源。,價值交換比拿價值換認同更能穩定地帶來資源。,若不再用拿價值換認同追資源，你真正要交換的是什麼價值？,"[""顯化"", ""拿價值換認同"", ""職場""]","[""工作"", ""團隊""]",TruthOS seed dataset,manifestation 顯化 MAN_003 拿價值換認同 職場協作中的拿價值換認同盲點 在職場協作中，想要創造結果，卻被拿價值換認同拉回匱乏與緊抓，讓對話逐漸失衡。 只有靠拿價值換認同，我才能得到想要的資源。 價值交換比拿價值換認同更能穩定地帶來資源。 顯化 拿價值換認同 職場 工作 團隊,2026-06-04T10:25:52.059328+00:00,2026-06-04T10:25:52.059328+00:00,[],dialogue,,
tp_man_028,manifestation,MAN_003,領導決策中的拿價值換認同盲點,在領導決策中，想要創造結果，卻被拿價值換認同拉回匱乏與緊抓，讓界線變得模糊。,只有靠拿價值換認同，我才能得到想要的資源。,價值交換比拿價值換認同更能穩定地帶來資源。,若不再用拿價值換認同追資源，你真正要交換的是什麼價值？,"[""顯化"", ""拿價值換認同"", ""領導""]","[""領導"", ""決策""]",TruthOS seed dataset,manifestation 顯化 MAN_003 拿價值換認同 領導決策中的拿價值換認同盲點 在領導決策中，想要創造結果，卻被拿價值換認同拉回匱乏與緊抓，讓界線變得模糊。 只有靠拿價值換認同，我才能得到想要的資源。 價值交換比拿價值換認同更能穩定地帶來資源。 顯化 拿價值換認同 領導 領導 決策,2026-06-04T10:25:52.059328+00:00,2026-06-04T10:25:52.059328+00:00,[],dialogue,,
tp_man_029,manifestation,MAN_003,朋友互動中的拿價值換認同盲點,在朋友互動中，想要創造結果，卻被拿價值換認同拉回匱乏與緊抓，讓責任位置變得混亂。,只有靠拿價值換認同，我才能得到想要的資源。,價值交換比拿價值換認同更能穩定地帶來資源。,若不再用拿價值換認同追資源，你真正要交換的是什麼價值？,"[""顯化"", ""拿價值換認同"", ""友誼""]","[""友誼"", ""界線""]",TruthOS seed dataset,manifestation 顯化 MAN_003 拿價值換認同 朋友互動中的拿價值換認同盲點 在朋友互動中，想要創造結果，卻被拿價值換認同拉回匱乏與緊抓，讓責任位置變得混亂。 只有靠拿價值換認同，我才能得到想要的資源。 價值交換比拿價值換認同更能穩定地帶來資源。 顯化 拿價值換認同 友誼 友誼 界線,2026-06-04T10:25:52.059328+00:00,2026-06-04T10:25:52.059328+00:00,[],dialogue,,
tp_man_030,manifestation,MAN_003,金錢選擇中的拿價值換認同盲點,在金錢選擇中，想要創造結果，卻被拿價值換認同拉回匱乏與緊抓，使真正的需求被遮住。,只有靠拿價值換認同，我才能得到想要的資源。,價值交換比拿價值換認同更能穩定地帶來資源。,若不再用拿價值換認同追資源，你真正要交換的是什麼價值？,"[""顯化"", ""拿價值換認同"", ""金錢""]","[""金錢"", ""價值""]",TruthOS seed dataset,manifestation 顯化 MAN_003 拿價值換認同 金錢選擇中的拿價值換認同盲點 在金錢選擇中，想要創造結果，卻被拿價值換認同拉回匱乏與緊抓，使真正的需求被遮住。 只有靠拿價值換認同，我才能得到想要的資源。 價值交換比拿價值換認同更能穩定地帶來資源。 顯化 拿價值換認同 金錢 金錢 價值,2026-06-04T10:25:52.059328+00:00,2026-06-04T10:25:52.059328+00:00,[],dialogue,,
tp_man_031,manifestation,MAN_003,健康壓力中的拿價值換認同盲點,在健康壓力中，想要創造結果，卻被拿價值換認同拉回匱乏與緊抓，讓反饋失去作用。,只有靠拿價值換認同，我才能得到想要的資源。,價值交換比拿價值換認同更能穩定地帶來資源。,若不再用拿價值換認同追資源，你真正要交換的是什麼價值？,"[""顯化"", ""拿價值換認同"", ""健康""]","[""健康"", ""壓力""]",TruthOS seed dataset,manifestation 顯化 MAN_003 拿價值換認同 健康壓力中的拿價值換認同盲點 在健康壓力中，想要創造結果，卻被拿價值換認同拉回匱乏與緊抓，讓反饋失去作用。 只有靠拿價值換認同，我才能得到想要的資源。 價值交換比拿價值換認同更能穩定地帶來資源。 顯化 拿價值換認同 健康 健康 壓力,2026-06-04T10:25:52.059328+00:00,2026-06-04T10:25:52.059328+00:00,[],dialogue,,
tp_man_032,manifestation,MAN_003,創作卡關中的拿價值換認同盲點,在創作卡關中，想要創造結果，卻被拿價值換認同拉回匱乏與緊抓，讓信任開始鬆動。,只有靠拿價值換認同，我才能得到想要的資源。,價值交換比拿價值換認同更能穩定地帶來資源。,若不再用拿價值換認同追資源，你真正要交換的是什麼價值？,"[""顯化"", ""拿價值換認同"", ""創作""]","[""創作"", ""表達""]",TruthOS seed dataset,manifestation 顯化 MAN_003 拿價值換認同 創作卡關中的拿價值換認同盲點 在創作卡關中，想要創造結果，卻被拿價值換認同拉回匱乏與緊抓，讓信任開始鬆動。 只有靠拿價值換認同，我才能得到想要的資源。 價值交換比拿價值換認同更能穩定地帶來資源。 顯化 拿價值換認同 創作 創作 表達,2026-06-04T10:25:52.059328+00:00,2026-06-04T10:25:52.059328+00:00,[],dialogue,,
tp_man_033,manifestation,MAN_003,靈性實踐中的拿價值換認同盲點,在靈性實踐中，想要創造結果，卻被拿價值換認同拉回匱乏與緊抓，讓決定越來越僵硬。,只有靠拿價值換認同，我才能得到想要的資源。,價值交換比拿價值換認同更能穩定地帶來資源。,若不再用拿價值換認同追資源，你真正要交換的是什麼價值？,"[""顯化"", ""拿價值換認同"", ""靈性""]","[""靈性"", ""自我觀察""]",TruthOS seed dataset,manifestation 顯化 MAN_003 拿價值換認同 靈性實踐中的拿價值換認同盲點 在靈性實踐中，想要創造結果，卻被拿價值換認同拉回匱乏與緊抓，讓決定越來越僵硬。 只有靠拿價值換認同，我才能得到想要的資源。 價值交換比拿價值換認同更能穩定地帶來資源。 顯化 拿價值換認同 靈性 靈性 自我觀察,2026-06-04T10:25:52.059328+00:00,2026-06-04T10:25:52.059328+00:00,[],dialogue,,
tp_man_034,manifestation,MAN_003,重大失落中的拿價值換認同盲點,在重大失落中，想要創造結果，卻被拿價值換認同拉回匱乏與緊抓，讓內在更難安定。,只有靠拿價值換認同，我才能得到想要的資源。,價值交換比拿價值換認同更能穩定地帶來資源。,若不再用拿價值換認同追資源，你真正要交換的是什麼價值？,"[""顯化"", ""拿價值換認同"", ""失落""]","[""失落"", ""轉化""]",TruthOS seed dataset,manifestation 顯化 MAN_003 拿價值換認同 重大失落中的拿價值換認同盲點 在重大失落中，想要創造結果，卻被拿價值換認同拉回匱乏與緊抓，讓內在更難安定。 只有靠拿價值換認同，我才能得到想要的資源。 價值交換比拿價值換認同更能穩定地帶來資源。 顯化 拿價值換認同 失落 失落 轉化,2026-06-04T10:25:52.059328+00:00,2026-06-04T10:25:52.059328+00:00,[],dialogue,,
tp_man_035,manifestation,MAN_003,教養現場中的拿價值換認同盲點,在教養現場中，想要創造結果，卻被拿價值換認同拉回匱乏與緊抓，使互動落入重複循環。,只有靠拿價值換認同，我才能得到想要的資源。,價值交換比拿價值換認同更能穩定地帶來資源。,若不再用拿價值換認同追資源，你真正要交換的是什麼價值？,"[""顯化"", ""拿價值換認同"", ""教養""]","[""親子"", ""教養""]",TruthOS seed dataset,manifestation 顯化 MAN_003 拿價值換認同 教養現場中的拿價值換認同盲點 在教養現場中，想要創造結果，卻被拿價值換認同拉回匱乏與緊抓，使互動落入重複循環。 只有靠拿價值換認同，我才能得到想要的資源。 價值交換比拿價值換認同更能穩定地帶來資源。 顯化 拿價值換認同 教養 親子 教養,2026-06-04T10:25:52.059328+00:00,2026-06-04T10:25:52.059328+00:00,[],dialogue,,
tp_man_036,manifestation,MAN_003,團隊回饋中的拿價值換認同盲點,在團隊回饋中，想要創造結果，卻被拿價值換認同拉回匱乏與緊抓，讓看見真相的空間縮小。,只有靠拿價值換認同，我才能得到想要的資源。,價值交換比拿價值換認同更能穩定地帶來資源。,若不再用拿價值換認同追資源，你真正要交換的是什麼價值？,"[""顯化"", ""拿價值換認同"", ""回饋""]","[""團隊"", ""回饋""]",TruthOS seed dataset,manifestation 顯化 MAN_003 拿價值換認同 團隊回饋中的拿價值換認同盲點 在團隊回饋中，想要創造結果，卻被拿價值換認同拉回匱乏與緊抓，讓看見真相的空間縮小。 只有靠拿價值換認同，我才能得到想要的資源。 價值交換比拿價值換認同更能穩定地帶來資源。 顯化 拿價值換認同 回饋 團隊 回饋,2026-06-04T10:25:52.059328+00:00,2026-06-04T10:25:52.059328+00:00,[],dialogue,,
tp_man_037,manifestation,MAN_003,社群曝光中的拿價值換認同盲點,在社群曝光中，想要創造結果，卻被拿價值換認同拉回匱乏與緊抓，讓支持變成壓力。,只有靠拿價值換認同，我才能得到想要的資源。,價值交換比拿價值換認同更能穩定地帶來資源。,若不再用拿價值換認同追資源，你真正要交換的是什麼價值？,"[""顯化"", ""拿價值換認同"", ""社群""]","[""社群"", ""自我價值""]",TruthOS seed dataset,manifestation 顯化 MAN_003 拿價值換認同 社群曝光中的拿價值換認同盲點 在社群曝光中，想要創造結果，卻被拿價值換認同拉回匱乏與緊抓，讓支持變成壓力。 只有靠拿價值換認同，我才能得到想要的資源。 價值交換比拿價值換認同更能穩定地帶來資源。 顯化 拿價值換認同 社群 社群 自我價值,2026-06-04T10:25:52.059328+00:00,2026-06-04T10:25:52.059328+00:00,[],dialogue,,
tp_man_038,manifestation,MAN_003,家庭對話中的拿價值換認同盲點,在家庭對話中，想要創造結果，卻被拿價值換認同拉回匱乏與緊抓，讓改變停在表面。,只有靠拿價值換認同，我才能得到想要的資源。,價值交換比拿價值換認同更能穩定地帶來資源。,若不再用拿價值換認同追資源，你真正要交換的是什麼價值？,"[""顯化"", ""拿價值換認同"", ""家庭""]","[""家庭"", ""親子""]",TruthOS seed dataset,manifestation 顯化 MAN_003 拿價值換認同 家庭對話中的拿價值換認同盲點 在家庭對話中，想要創造結果，卻被拿價值換認同拉回匱乏與緊抓，讓改變停在表面。 只有靠拿價值換認同，我才能得到想要的資源。 價值交換比拿價值換認同更能穩定地帶來資源。 顯化 拿價值換認同 家庭 家庭 親子,2026-06-04T10:25:52.059328+00:00,2026-06-04T10:25:52.059328+00:00,[],dialogue,,
tp_man_039,manifestation,MAN_003,伴侶衝突中的拿價值換認同盲點,在伴侶衝突中，想要創造結果，卻被拿價值換認同拉回匱乏與緊抓，讓資源交換變得扭曲。,只有靠拿價值換認同，我才能得到想要的資源。,價值交換比拿價值換認同更能穩定地帶來資源。,若不再用拿價值換認同追資源，你真正要交換的是什麼價值？,"[""顯化"", ""拿價值換認同"", ""伴侶""]","[""伴侶"", ""界線""]",TruthOS seed dataset,manifestation 顯化 MAN_003 拿價值換認同 伴侶衝突中的拿價值換認同盲點 在伴侶衝突中，想要創造結果，卻被拿價值換認同拉回匱乏與緊抓，讓資源交換變得扭曲。 只有靠拿價值換認同，我才能得到想要的資源。 價值交換比拿價值換認同更能穩定地帶來資源。 顯化 拿價值換認同 伴侶 伴侶 界線,2026-06-04T10:25:52.059328+00:00,2026-06-04T10:25:52.059328+00:00,[],dialogue,,
tp_man_040,manifestation,MAN_004,領導決策中的急著顯化盲點,在領導決策中，想要創造結果，卻被急著顯化拉回匱乏與緊抓，讓對話逐漸失衡。,只有靠急著顯化，我才能得到想要的資源。,價值交換比急著顯化更能穩定地帶來資源。,若不再用急著顯化追資源，你真正要交換的是什麼價值？,"[""顯化"", ""急著顯化"", ""領導""]","[""領導"", ""決策""]",TruthOS seed dataset,manifestation 顯化 MAN_004 急著顯化 領導決策中的急著顯化盲點 在領導決策中，想要創造結果，卻被急著顯化拉回匱乏與緊抓，讓對話逐漸失衡。 只有靠急著顯化，我才能得到想要的資源。 價值交換比急著顯化更能穩定地帶來資源。 顯化 急著顯化 領導 領導 決策,2026-06-04T10:25:52.059328+00:00,2026-06-04T10:25:52.059328+00:00,[],dialogue,,
tp_man_041,manifestation,MAN_004,朋友互動中的急著顯化盲點,在朋友互動中，想要創造結果，卻被急著顯化拉回匱乏與緊抓，讓界線變得模糊。,只有靠急著顯化，我才能得到想要的資源。,價值交換比急著顯化更能穩定地帶來資源。,若不再用急著顯化追資源，你真正要交換的是什麼價值？,"[""顯化"", ""急著顯化"", ""友誼""]","[""友誼"", ""界線""]",TruthOS seed dataset,manifestation 顯化 MAN_004 急著顯化 朋友互動中的急著顯化盲點 在朋友互動中，想要創造結果，卻被急著顯化拉回匱乏與緊抓，讓界線變得模糊。 只有靠急著顯化，我才能得到想要的資源。 價值交換比急著顯化更能穩定地帶來資源。 顯化 急著顯化 友誼 友誼 界線,2026-06-04T10:25:52.059328+00:00,2026-06-04T10:25:52.059328+00:00,[],dialogue,,
tp_man_042,manifestation,MAN_004,金錢選擇中的急著顯化盲點,在金錢選擇中，想要創造結果，卻被急著顯化拉回匱乏與緊抓，讓責任位置變得混亂。,只有靠急著顯化，我才能得到想要的資源。,價值交換比急著顯化更能穩定地帶來資源。,若不再用急著顯化追資源，你真正要交換的是什麼價值？,"[""顯化"", ""急著顯化"", ""金錢""]","[""金錢"", ""價值""]",TruthOS seed dataset,manifestation 顯化 MAN_004 急著顯化 金錢選擇中的急著顯化盲點 在金錢選擇中，想要創造結果，卻被急著顯化拉回匱乏與緊抓，讓責任位置變得混亂。 只有靠急著顯化，我才能得到想要的資源。 價值交換比急著顯化更能穩定地帶來資源。 顯化 急著顯化 金錢 金錢 價值,2026-06-04T10:25:52.059328+00:00,2026-06-04T10:25:52.059328+00:00,[],dialogue,,
tp_man_043,manifestation,MAN_004,健康壓力中的急著顯化盲點,在健康壓力中，想要創造結果，卻被急著顯化拉回匱乏與緊抓，使真正的需求被遮住。,只有靠急著顯化，我才能得到想要的資源。,價值交換比急著顯化更能穩定地帶來資源。,若不再用急著顯化追資源，你真正要交換的是什麼價值？,"[""顯化"", ""急著顯化"", ""健康""]","[""健康"", ""壓力""]",TruthOS seed dataset,manifestation 顯化 MAN_004 急著顯化 健康壓力中的急著顯化盲點 在健康壓力中，想要創造結果，卻被急著顯化拉回匱乏與緊抓，使真正的需求被遮住。 只有靠急著顯化，我才能得到想要的資源。 價值交換比急著顯化更能穩定地帶來資源。 顯化 急著顯化 健康 健康 壓力,2026-06-04T10:25:52.059328+00:00,2026-06-04T10:25:52.059328+00:00,[],dialogue,,
tp_man_044,manifestation,MAN_004,創作卡關中的急著顯化盲點,在創作卡關中，想要創造結果，卻被急著顯化拉回匱乏與緊抓，讓反饋失去作用。,只有靠急著顯化，我才能得到想要的資源。,價值交換比急著顯化更能穩定地帶來資源。,若不再用急著顯化追資源，你真正要交換的是什麼價值？,"[""顯化"", ""急著顯化"", ""創作""]","[""創作"", ""表達""]",TruthOS seed dataset,manifestation 顯化 MAN_004 急著顯化 創作卡關中的急著顯化盲點 在創作卡關中，想要創造結果，卻被急著顯化拉回匱乏與緊抓，讓反饋失去作用。 只有靠急著顯化，我才能得到想要的資源。 價值交換比急著顯化更能穩定地帶來資源。 顯化 急著顯化 創作 創作 表達,2026-06-04T10:25:52.059328+00:00,2026-06-04T10:25:52.059328+00:00,[],dialogue,,
tp_man_045,manifestation,MAN_004,靈性實踐中的急著顯化盲點,在靈性實踐中，想要創造結果，卻被急著顯化拉回匱乏與緊抓，讓信任開始鬆動。,只有靠急著顯化，我才能得到想要的資源。,價值交換比急著顯化更能穩定地帶來資源。,若不再用急著顯化追資源，你真正要交換的是什麼價值？,"[""顯化"", ""急著顯化"", ""靈性""]","[""靈性"", ""自我觀察""]",TruthOS seed dataset,manifestation 顯化 MAN_004 急著顯化 靈性實踐中的急著顯化盲點 在靈性實踐中，想要創造結果，卻被急著顯化拉回匱乏與緊抓，讓信任開始鬆動。 只有靠急著顯化，我才能得到想要的資源。 價值交換比急著顯化更能穩定地帶來資源。 顯化 急著顯化 靈性 靈性 自我觀察,2026-06-04T10:25:52.059328+00:00,2026-06-04T10:25:52.059328+00:00,[],dialogue,,
tp_man_046,manifestation,MAN_004,重大失落中的急著顯化盲點,在重大失落中，想要創造結果，卻被急著顯化拉回匱乏與緊抓，讓決定越來越僵硬。,只有靠急著顯化，我才能得到想要的資源。,價值交換比急著顯化更能穩定地帶來資源。,若不再用急著顯化追資源，你真正要交換的是什麼價值？,"[""顯化"", ""急著顯化"", ""失落""]","[""失落"", ""轉化""]",TruthOS seed dataset,manifestation 顯化 MAN_004 急著顯化 重大失落中的急著顯化盲點 在重大失落中，想要創造結果，卻被急著顯化拉回匱乏與緊抓，讓決定越來越僵硬。 只有靠急著顯化，我才能得到想要的資源。 價值交換比急著顯化更能穩定地帶來資源。 顯化 急著顯化 失落 失落 轉化,2026-06-04T10:25:52.059328+00:00,2026-06-04T10:25:52.059328+00:00,[],dialogue,,
tp_man_047,manifestation,MAN_004,教養現場中的急著顯化盲點,在教養現場中，想要創造結果，卻被急著顯化拉回匱乏與緊抓，讓內在更難安定。,只有靠急著顯化，我才能得到想要的資源。,價值交換比急著顯化更能穩定地帶來資源。,若不再用急著顯化追資源，你真正要交換的是什麼價值？,"[""顯化"", ""急著顯化"", ""教養""]","[""親子"", ""教養""]",TruthOS seed dataset,manifestation 顯化 MAN_004 急著顯化 教養現場中的急著顯化盲點 在教養現場中，想要創造結果，卻被急著顯化拉回匱乏與緊抓，讓內在更難安定。 只有靠急著顯化，我才能得到想要的資源。 價值交換比急著顯化更能穩定地帶來資源。 顯化 急著顯化 教養 親子 教養,2026-06-04T10:25:52.059328+00:00,2026-06-04T10:25:52.059328+00:00,[],dialogue,,
tp_man_048,manifestation,MAN_004,團隊回饋中的急著顯化盲點,在團隊回饋中，想要創造結果，卻被急著顯化拉回匱乏與緊抓，使互動落入重複循環。,只有靠急著顯化，我才能得到想要的資源。,價值交換比急著顯化更能穩定地帶來資源。,若不再用急著顯化追資源，你真正要交換的是什麼價值？,"[""顯化"", ""急著顯化"", ""回饋""]","[""團隊"", ""回饋""]",TruthOS seed dataset,manifestation 顯化 MAN_004 急著顯化 團隊回饋中的急著顯化盲點 在團隊回饋中，想要創造結果，卻被急著顯化拉回匱乏與緊抓，使互動落入重複循環。 只有靠急著顯化，我才能得到想要的資源。 價值交換比急著顯化更能穩定地帶來資源。 顯化 急著顯化 回饋 團隊 回饋,2026-06-04T10:25:52.059328+00:00,2026-06-04T10:25:52.059328+00:00,[],dialogue,,
tp_man_049,manifestation,MAN_004,社群曝光中的急著顯化盲點,在社群曝光中，想要創造結果，卻被急著顯化拉回匱乏與緊抓，讓看見真相的空間縮小。,只有靠急著顯化，我才能得到想要的資源。,價值交換比急著顯化更能穩定地帶來資源。,若不再用急著顯化追資源，你真正要交換的是什麼價值？,"[""顯化"", ""急著顯化"", ""社群""]","[""社群"", ""自我價值""]",TruthOS seed dataset,manifestation 顯化 MAN_004 急著顯化 社群曝光中的急著顯化盲點 在社群曝光中，想要創造結果，卻被急著顯化拉回匱乏與緊抓，讓看見真相的空間縮小。 只有靠急著顯化，我才能得到想要的資源。 價值交換比急著顯化更能穩定地帶來資源。 顯化 急著顯化 社群 社群 自我價值,2026-06-04T10:25:52.059328+00:00,2026-06-04T10:25:52.059328+00:00,[],dialogue,,
tp_man_050,manifestation,MAN_004,家庭對話中的急著顯化盲點,在家庭對話中，想要創造結果，卻被急著顯化拉回匱乏與緊抓，讓支持變成壓力。,只有靠急著顯化，我才能得到想要的資源。,價值交換比急著顯化更能穩定地帶來資源。,若不再用急著顯化追資源，你真正要交換的是什麼價值？,"[""顯化"", ""急著顯化"", ""家庭""]","[""家庭"", ""親子""]",TruthOS seed dataset,manifestation 顯化 MAN_004 急著顯化 家庭對話中的急著顯化盲點 在家庭對話中，想要創造結果，卻被急著顯化拉回匱乏與緊抓，讓支持變成壓力。 只有靠急著顯化，我才能得到想要的資源。 價值交換比急著顯化更能穩定地帶來資源。 顯化 急著顯化 家庭 家庭 親子,2026-06-04T10:25:52.059328+00:00,2026-06-04T10:25:52.059328+00:00,[],dialogue,,
tp_man_051,manifestation,MAN_004,伴侶衝突中的急著顯化盲點,在伴侶衝突中，想要創造結果，卻被急著顯化拉回匱乏與緊抓，讓改變停在表面。,只有靠急著顯化，我才能得到想要的資源。,價值交換比急著顯化更能穩定地帶來資源。,若不再用急著顯化追資源，你真正要交換的是什麼價值？,"[""顯化"", ""急著顯化"", ""伴侶""]","[""伴侶"", ""界線""]",TruthOS seed dataset,manifestation 顯化 MAN_004 急著顯化 伴侶衝突中的急著顯化盲點 在伴侶衝突中，想要創造結果，卻被急著顯化拉回匱乏與緊抓，讓改變停在表面。 只有靠急著顯化，我才能得到想要的資源。 價值交換比急著顯化更能穩定地帶來資源。 顯化 急著顯化 伴侶 伴侶 界線,2026-06-04T10:25:52.059328+00:00,2026-06-04T10:25:52.059328+00:00,[],dialogue,,
tp_man_052,manifestation,MAN_004,職場協作中的急著顯化盲點,在職場協作中，想要創造結果，卻被急著顯化拉回匱乏與緊抓，讓資源交換變得扭曲。,只有靠急著顯化，我才能得到想要的資源。,價值交換比急著顯化更能穩定地帶來資源。,若不再用急著顯化追資源，你真正要交換的是什麼價值？,"[""顯化"", ""急著顯化"", ""職場""]","[""工作"", ""團隊""]",TruthOS seed dataset,manifestation 顯化 MAN_004 急著顯化 職場協作中的急著顯化盲點 在職場協作中，想要創造結果，卻被急著顯化拉回匱乏與緊抓，讓資源交換變得扭曲。 只有靠急著顯化，我才能得到想要的資源。 價值交換比急著顯化更能穩定地帶來資源。 顯化 急著顯化 職場 工作 團隊,2026-06-04T10:25:52.059328+00:00,2026-06-04T10:25:52.059328+00:00,[],dialogue,,
tp_man_053,manifestation,MAN_005,朋友互動中的討好市場盲點,在朋友互動中，想要創造結果，卻被討好市場拉回匱乏與緊抓，讓對話逐漸失衡。,只有靠討好市場，我才能得到想要的資源。,價值交換比討好市場更能穩定地帶來資源。,若不再用討好市場追資源，你真正要交換的是什麼價值？,"[""顯化"", ""討好市場"", ""友誼""]","[""友誼"", ""界線""]",TruthOS seed dataset,manifestation 顯化 MAN_005 討好市場 朋友互動中的討好市場盲點 在朋友互動中，想要創造結果，卻被討好市場拉回匱乏與緊抓，讓對話逐漸失衡。 只有靠討好市場，我才能得到想要的資源。 價值交換比討好市場更能穩定地帶來資源。 顯化 討好市場 友誼 友誼 界線,2026-06-04T10:25:52.059328+00:00,2026-06-04T10:25:52.059328+00:00,[],dialogue,,
tp_man_054,manifestation,MAN_005,金錢選擇中的討好市場盲點,在金錢選擇中，想要創造結果，卻被討好市場拉回匱乏與緊抓，讓界線變得模糊。,只有靠討好市場，我才能得到想要的資源。,價值交換比討好市場更能穩定地帶來資源。,若不再用討好市場追資源，你真正要交換的是什麼價值？,"[""顯化"", ""討好市場"", ""金錢""]","[""金錢"", ""價值""]",TruthOS seed dataset,manifestation 顯化 MAN_005 討好市場 金錢選擇中的討好市場盲點 在金錢選擇中，想要創造結果，卻被討好市場拉回匱乏與緊抓，讓界線變得模糊。 只有靠討好市場，我才能得到想要的資源。 價值交換比討好市場更能穩定地帶來資源。 顯化 討好市場 金錢 金錢 價值,2026-06-04T10:25:52.059328+00:00,2026-06-04T10:25:52.059328+00:00,[],dialogue,,
tp_man_055,manifestation,MAN_005,健康壓力中的討好市場盲點,在健康壓力中，想要創造結果，卻被討好市場拉回匱乏與緊抓，讓責任位置變得混亂。,只有靠討好市場，我才能得到想要的資源。,價值交換比討好市場更能穩定地帶來資源。,若不再用討好市場追資源，你真正要交換的是什麼價值？,"[""顯化"", ""討好市場"", ""健康""]","[""健康"", ""壓力""]",TruthOS seed dataset,manifestation 顯化 MAN_005 討好市場 健康壓力中的討好市場盲點 在健康壓力中，想要創造結果，卻被討好市場拉回匱乏與緊抓，讓責任位置變得混亂。 只有靠討好市場，我才能得到想要的資源。 價值交換比討好市場更能穩定地帶來資源。 顯化 討好市場 健康 健康 壓力,2026-06-04T10:25:52.059328+00:00,2026-06-04T10:25:52.059328+00:00,[],dialogue,,
tp_man_056,manifestation,MAN_005,創作卡關中的討好市場盲點,在創作卡關中，想要創造結果，卻被討好市場拉回匱乏與緊抓，使真正的需求被遮住。,只有靠討好市場，我才能得到想要的資源。,價值交換比討好市場更能穩定地帶來資源。,若不再用討好市場追資源，你真正要交換的是什麼價值？,"[""顯化"", ""討好市場"", ""創作""]","[""創作"", ""表達""]",TruthOS seed dataset,manifestation 顯化 MAN_005 討好市場 創作卡關中的討好市場盲點 在創作卡關中，想要創造結果，卻被討好市場拉回匱乏與緊抓，使真正的需求被遮住。 只有靠討好市場，我才能得到想要的資源。 價值交換比討好市場更能穩定地帶來資源。 顯化 討好市場 創作 創作 表達,2026-06-04T10:25:52.059328+00:00,2026-06-04T10:25:52.059328+00:00,[],dialogue,,
tp_man_057,manifestation,MAN_005,靈性實踐中的討好市場盲點,在靈性實踐中，想要創造結果，卻被討好市場拉回匱乏與緊抓，讓反饋失去作用。,只有靠討好市場，我才能得到想要的資源。,價值交換比討好市場更能穩定地帶來資源。,若不再用討好市場追資源，你真正要交換的是什麼價值？,"[""顯化"", ""討好市場"", ""靈性""]","[""靈性"", ""自我觀察""]",TruthOS seed dataset,manifestation 顯化 MAN_005 討好市場 靈性實踐中的討好市場盲點 在靈性實踐中，想要創造結果，卻被討好市場拉回匱乏與緊抓，讓反饋失去作用。 只有靠討好市場，我才能得到想要的資源。 價值交換比討好市場更能穩定地帶來資源。 顯化 討好市場 靈性 靈性 自我觀察,2026-06-04T10:25:52.059328+00:00,2026-06-04T10:25:52.059328+00:00,[],dialogue,,
tp_man_058,manifestation,MAN_005,重大失落中的討好市場盲點,在重大失落中，想要創造結果，卻被討好市場拉回匱乏與緊抓，讓信任開始鬆動。,只有靠討好市場，我才能得到想要的資源。,價值交換比討好市場更能穩定地帶來資源。,若不再用討好市場追資源，你真正要交換的是什麼價值？,"[""顯化"", ""討好市場"", ""失落""]","[""失落"", ""轉化""]",TruthOS seed dataset,manifestation 顯化 MAN_005 討好市場 重大失落中的討好市場盲點 在重大失落中，想要創造結果，卻被討好市場拉回匱乏與緊抓，讓信任開始鬆動。 只有靠討好市場，我才能得到想要的資源。 價值交換比討好市場更能穩定地帶來資源。 顯化 討好市場 失落 失落 轉化,2026-06-04T10:25:52.059328+00:00,2026-06-04T10:25:52.059328+00:00,[],dialogue,,
tp_man_059,manifestation,MAN_005,教養現場中的討好市場盲點,在教養現場中，想要創造結果，卻被討好市場拉回匱乏與緊抓，讓決定越來越僵硬。,只有靠討好市場，我才能得到想要的資源。,價值交換比討好市場更能穩定地帶來資源。,若不再用討好市場追資源，你真正要交換的是什麼價值？,"[""顯化"", ""討好市場"", ""教養""]","[""親子"", ""教養""]",TruthOS seed dataset,manifestation 顯化 MAN_005 討好市場 教養現場中的討好市場盲點 在教養現場中，想要創造結果，卻被討好市場拉回匱乏與緊抓，讓決定越來越僵硬。 只有靠討好市場，我才能得到想要的資源。 價值交換比討好市場更能穩定地帶來資源。 顯化 討好市場 教養 親子 教養,2026-06-04T10:25:52.059328+00:00,2026-06-04T10:25:52.059328+00:00,[],dialogue,,
tp_man_060,manifestation,MAN_005,團隊回饋中的討好市場盲點,在團隊回饋中，想要創造結果，卻被討好市場拉回匱乏與緊抓，讓內在更難安定。,只有靠討好市場，我才能得到想要的資源。,價值交換比討好市場更能穩定地帶來資源。,若不再用討好市場追資源，你真正要交換的是什麼價值？,"[""顯化"", ""討好市場"", ""回饋""]","[""團隊"", ""回饋""]",TruthOS seed dataset,manifestation 顯化 MAN_005 討好市場 團隊回饋中的討好市場盲點 在團隊回饋中，想要創造結果，卻被討好市場拉回匱乏與緊抓，讓內在更難安定。 只有靠討好市場，我才能得到想要的資源。 價值交換比討好市場更能穩定地帶來資源。 顯化 討好市場 回饋 團隊 回饋,2026-06-04T10:25:52.059328+00:00,2026-06-04T10:25:52.059328+00:00,[],dialogue,,
tp_man_061,manifestation,MAN_005,社群曝光中的討好市場盲點,在社群曝光中，想要創造結果，卻被討好市場拉回匱乏與緊抓，使互動落入重複循環。,只有靠討好市場，我才能得到想要的資源。,價值交換比討好市場更能穩定地帶來資源。,若不再用討好市場追資源，你真正要交換的是什麼價值？,"[""顯化"", ""討好市場"", ""社群""]","[""社群"", ""自我價值""]",TruthOS seed dataset,manifestation 顯化 MAN_005 討好市場 社群曝光中的討好市場盲點 在社群曝光中，想要創造結果，卻被討好市場拉回匱乏與緊抓，使互動落入重複循環。 只有靠討好市場，我才能得到想要的資源。 價值交換比討好市場更能穩定地帶來資源。 顯化 討好市場 社群 社群 自我價值,2026-06-04T10:25:52.059328+00:00,2026-06-04T10:25:52.059328+00:00,[],dialogue,,
tp_man_062,manifestation,MAN_005,家庭對話中的討好市場盲點,在家庭對話中，想要創造結果，卻被討好市場拉回匱乏與緊抓，讓看見真相的空間縮小。,只有靠討好市場，我才能得到想要的資源。,價值交換比討好市場更能穩定地帶來資源。,若不再用討好市場追資源，你真正要交換的是什麼價值？,"[""顯化"", ""討好市場"", ""家庭""]","[""家庭"", ""親子""]",TruthOS seed dataset,manifestation 顯化 MAN_005 討好市場 家庭對話中的討好市場盲點 在家庭對話中，想要創造結果，卻被討好市場拉回匱乏與緊抓，讓看見真相的空間縮小。 只有靠討好市場，我才能得到想要的資源。 價值交換比討好市場更能穩定地帶來資源。 顯化 討好市場 家庭 家庭 親子,2026-06-04T10:25:52.059328+00:00,2026-06-04T10:25:52.059328+00:00,[],dialogue,,
tp_man_063,manifestation,MAN_005,伴侶衝突中的討好市場盲點,在伴侶衝突中，想要創造結果，卻被討好市場拉回匱乏與緊抓，讓支持變成壓力。,只有靠討好市場，我才能得到想要的資源。,價值交換比討好市場更能穩定地帶來資源。,若不再用討好市場追資源，你真正要交換的是什麼價值？,"[""顯化"", ""討好市場"", ""伴侶""]","[""伴侶"", ""界線""]",TruthOS seed dataset,manifestation 顯化 MAN_005 討好市場 伴侶衝突中的討好市場盲點 在伴侶衝突中，想要創造結果，卻被討好市場拉回匱乏與緊抓，讓支持變成壓力。 只有靠討好市場，我才能得到想要的資源。 價值交換比討好市場更能穩定地帶來資源。 顯化 討好市場 伴侶 伴侶 界線,2026-06-04T10:25:52.059328+00:00,2026-06-04T10:25:52.059328+00:00,[],dialogue,,
tp_man_064,manifestation,MAN_005,職場協作中的討好市場盲點,在職場協作中，想要創造結果，卻被討好市場拉回匱乏與緊抓，讓改變停在表面。,只有靠討好市場，我才能得到想要的資源。,價值交換比討好市場更能穩定地帶來資源。,若不再用討好市場追資源，你真正要交換的是什麼價值？,"[""顯化"", ""討好市場"", ""職場""]","[""工作"", ""團隊""]",TruthOS seed dataset,manifestation 顯化 MAN_005 討好市場 職場協作中的討好市場盲點 在職場協作中，想要創造結果，卻被討好市場拉回匱乏與緊抓，讓改變停在表面。 只有靠討好市場，我才能得到想要的資源。 價值交換比討好市場更能穩定地帶來資源。 顯化 討好市場 職場 工作 團隊,2026-06-04T10:25:52.059328+00:00,2026-06-04T10:25:52.059328+00:00,[],dialogue,,
tp_man_065,manifestation,MAN_006,金錢選擇中的不敢接收盲點,在金錢選擇中，想要創造結果，卻被不敢接收拉回匱乏與緊抓，讓資源交換變得扭曲。,只有靠不敢接收，我才能得到想要的資源。,價值交換比不敢接收更能穩定地帶來資源。,若不再用不敢接收追資源，你真正要交換的是什麼價值？,"[""顯化"", ""不敢接收"", ""金錢""]","[""金錢"", ""價值""]",TruthOS seed dataset,manifestation 顯化 MAN_006 不敢接收 金錢選擇中的不敢接收盲點 在金錢選擇中，想要創造結果，卻被不敢接收拉回匱乏與緊抓，讓資源交換變得扭曲。 只有靠不敢接收，我才能得到想要的資源。 價值交換比不敢接收更能穩定地帶來資源。 顯化 不敢接收 金錢 金錢 價值,2026-06-04T10:25:52.059328+00:00,2026-06-04T10:25:52.059328+00:00,[],dialogue,,
tp_man_066,manifestation,MAN_006,健康壓力中的不敢接收盲點,在健康壓力中，想要創造結果，卻被不敢接收拉回匱乏與緊抓，讓對話逐漸失衡。,只有靠不敢接收，我才能得到想要的資源。,價值交換比不敢接收更能穩定地帶來資源。,若不再用不敢接收追資源，你真正要交換的是什麼價值？,"[""顯化"", ""不敢接收"", ""健康""]","[""健康"", ""壓力""]",TruthOS seed dataset,manifestation 顯化 MAN_006 不敢接收 健康壓力中的不敢接收盲點 在健康壓力中，想要創造結果，卻被不敢接收拉回匱乏與緊抓，讓對話逐漸失衡。 只有靠不敢接收，我才能得到想要的資源。 價值交換比不敢接收更能穩定地帶來資源。 顯化 不敢接收 健康 健康 壓力,2026-06-04T10:25:52.059328+00:00,2026-06-04T10:25:52.059328+00:00,[],dialogue,,
tp_man_067,manifestation,MAN_006,創作卡關中的不敢接收盲點,在創作卡關中，想要創造結果，卻被不敢接收拉回匱乏與緊抓，讓界線變得模糊。,只有靠不敢接收，我才能得到想要的資源。,價值交換比不敢接收更能穩定地帶來資源。,若不再用不敢接收追資源，你真正要交換的是什麼價值？,"[""顯化"", ""不敢接收"", ""創作""]","[""創作"", ""表達""]",TruthOS seed dataset,manifestation 顯化 MAN_006 不敢接收 創作卡關中的不敢接收盲點 在創作卡關中，想要創造結果，卻被不敢接收拉回匱乏與緊抓，讓界線變得模糊。 只有靠不敢接收，我才能得到想要的資源。 價值交換比不敢接收更能穩定地帶來資源。 顯化 不敢接收 創作 創作 表達,2026-06-04T10:25:52.059328+00:00,2026-06-04T10:25:52.059328+00:00,[],dialogue,,
tp_man_068,manifestation,MAN_006,靈性實踐中的不敢接收盲點,在靈性實踐中，想要創造結果，卻被不敢接收拉回匱乏與緊抓，讓責任位置變得混亂。,只有靠不敢接收，我才能得到想要的資源。,價值交換比不敢接收更能穩定地帶來資源。,若不再用不敢接收追資源，你真正要交換的是什麼價值？,"[""顯化"", ""不敢接收"", ""靈性""]","[""靈性"", ""自我觀察""]",TruthOS seed dataset,manifestation 顯化 MAN_006 不敢接收 靈性實踐中的不敢接收盲點 在靈性實踐中，想要創造結果，卻被不敢接收拉回匱乏與緊抓，讓責任位置變得混亂。 只有靠不敢接收，我才能得到想要的資源。 價值交換比不敢接收更能穩定地帶來資源。 顯化 不敢接收 靈性 靈性 自我觀察,2026-06-04T10:25:52.059328+00:00,2026-06-04T10:25:52.059328+00:00,[],dialogue,,
tp_man_069,manifestation,MAN_006,重大失落中的不敢接收盲點,在重大失落中，想要創造結果，卻被不敢接收拉回匱乏與緊抓，使真正的需求被遮住。,只有靠不敢接收，我才能得到想要的資源。,價值交換比不敢接收更能穩定地帶來資源。,若不再用不敢接收追資源，你真正要交換的是什麼價值？,"[""顯化"", ""不敢接收"", ""失落""]","[""失落"", ""轉化""]",TruthOS seed dataset,manifestation 顯化 MAN_006 不敢接收 重大失落中的不敢接收盲點 在重大失落中，想要創造結果，卻被不敢接收拉回匱乏與緊抓，使真正的需求被遮住。 只有靠不敢接收，我才能得到想要的資源。 價值交換比不敢接收更能穩定地帶來資源。 顯化 不敢接收 失落 失落 轉化,2026-06-04T10:25:52.059328+00:00,2026-06-04T10:25:52.059328+00:00,[],dialogue,,
tp_man_070,manifestation,MAN_006,教養現場中的不敢接收盲點,在教養現場中，想要創造結果，卻被不敢接收拉回匱乏與緊抓，讓反饋失去作用。,只有靠不敢接收，我才能得到想要的資源。,價值交換比不敢接收更能穩定地帶來資源。,若不再用不敢接收追資源，你真正要交換的是什麼價值？,"[""顯化"", ""不敢接收"", ""教養""]","[""親子"", ""教養""]",TruthOS seed dataset,manifestation 顯化 MAN_006 不敢接收 教養現場中的不敢接收盲點 在教養現場中，想要創造結果，卻被不敢接收拉回匱乏與緊抓，讓反饋失去作用。 只有靠不敢接收，我才能得到想要的資源。 價值交換比不敢接收更能穩定地帶來資源。 顯化 不敢接收 教養 親子 教養,2026-06-04T10:25:52.059328+00:00,2026-06-04T10:25:52.059328+00:00,[],dialogue,,
tp_man_071,manifestation,MAN_006,團隊回饋中的不敢接收盲點,在團隊回饋中，想要創造結果，卻被不敢接收拉回匱乏與緊抓，讓信任開始鬆動。,只有靠不敢接收，我才能得到想要的資源。,價值交換比不敢接收更能穩定地帶來資源。,若不再用不敢接收追資源，你真正要交換的是什麼價值？,"[""顯化"", ""不敢接收"", ""回饋""]","[""團隊"", ""回饋""]",TruthOS seed dataset,manifestation 顯化 MAN_006 不敢接收 團隊回饋中的不敢接收盲點 在團隊回饋中，想要創造結果，卻被不敢接收拉回匱乏與緊抓，讓信任開始鬆動。 只有靠不敢接收，我才能得到想要的資源。 價值交換比不敢接收更能穩定地帶來資源。 顯化 不敢接收 回饋 團隊 回饋,2026-06-04T10:25:52.059328+00:00,2026-06-04T10:25:52.059328+00:00,[],dialogue,,
tp_man_072,manifestation,MAN_006,社群曝光中的不敢接收盲點,在社群曝光中，想要創造結果，卻被不敢接收拉回匱乏與緊抓，讓決定越來越僵硬。,只有靠不敢接收，我才能得到想要的資源。,價值交換比不敢接收更能穩定地帶來資源。,若不再用不敢接收追資源，你真正要交換的是什麼價值？,"[""顯化"", ""不敢接收"", ""社群""]","[""社群"", ""自我價值""]",TruthOS seed dataset,manifestation 顯化 MAN_006 不敢接收 社群曝光中的不敢接收盲點 在社群曝光中，想要創造結果，卻被不敢接收拉回匱乏與緊抓，讓決定越來越僵硬。 只有靠不敢接收，我才能得到想要的資源。 價值交換比不敢接收更能穩定地帶來資源。 顯化 不敢接收 社群 社群 自我價值,2026-06-04T10:25:52.059328+00:00,2026-06-04T10:25:52.059328+00:00,[],dialogue,,
tp_man_073,manifestation,MAN_006,家庭對話中的不敢接收盲點,在家庭對話中，想要創造結果，卻被不敢接收拉回匱乏與緊抓，讓內在更難安定。,只有靠不敢接收，我才能得到想要的資源。,價值交換比不敢接收更能穩定地帶來資源。,若不再用不敢接收追資源，你真正要交換的是什麼價值？,"[""顯化"", ""不敢接收"", ""家庭""]","[""家庭"", ""親子""]",TruthOS seed dataset,manifestation 顯化 MAN_006 不敢接收 家庭對話中的不敢接收盲點 在家庭對話中，想要創造結果，卻被不敢接收拉回匱乏與緊抓，讓內在更難安定。 只有靠不敢接收，我才能得到想要的資源。 價值交換比不敢接收更能穩定地帶來資源。 顯化 不敢接收 家庭 家庭 親子,2026-06-04T10:25:52.059328+00:00,2026-06-04T10:25:52.059328+00:00,[],dialogue,,
tp_man_074,manifestation,MAN_006,伴侶衝突中的不敢接收盲點,在伴侶衝突中，想要創造結果，卻被不敢接收拉回匱乏與緊抓，使互動落入重複循環。,只有靠不敢接收，我才能得到想要的資源。,價值交換比不敢接收更能穩定地帶來資源。,若不再用不敢接收追資源，你真正要交換的是什麼價值？,"[""顯化"", ""不敢接收"", ""伴侶""]","[""伴侶"", ""界線""]",TruthOS seed dataset,manifestation 顯化 MAN_006 不敢接收 伴侶衝突中的不敢接收盲點 在伴侶衝突中，想要創造結果，卻被不敢接收拉回匱乏與緊抓，使互動落入重複循環。 只有靠不敢接收，我才能得到想要的資源。 價值交換比不敢接收更能穩定地帶來資源。 顯化 不敢接收 伴侶 伴侶 界線,2026-06-04T10:25:52.059328+00:00,2026-06-04T10:25:52.059328+00:00,[],dialogue,,
tp_man_075,manifestation,MAN_006,職場協作中的不敢接收盲點,在職場協作中，想要創造結果，卻被不敢接收拉回匱乏與緊抓，讓看見真相的空間縮小。,只有靠不敢接收，我才能得到想要的資源。,價值交換比不敢接收更能穩定地帶來資源。,若不再用不敢接收追資源，你真正要交換的是什麼價值？,"[""顯化"", ""不敢接收"", ""職場""]","[""工作"", ""團隊""]",TruthOS seed dataset,manifestation 顯化 MAN_006 不敢接收 職場協作中的不敢接收盲點 在職場協作中，想要創造結果，卻被不敢接收拉回匱乏與緊抓，讓看見真相的空間縮小。 只有靠不敢接收，我才能得到想要的資源。 價值交換比不敢接收更能穩定地帶來資源。 顯化 不敢接收 職場 工作 團隊,2026-06-04T10:25:52.059328+00:00,2026-06-04T10:25:52.059328+00:00,[],dialogue,,
tp_man_076,manifestation,MAN_006,領導決策中的不敢接收盲點,在領導決策中，想要創造結果，卻被不敢接收拉回匱乏與緊抓，讓支持變成壓力。,只有靠不敢接收，我才能得到想要的資源。,價值交換比不敢接收更能穩定地帶來資源。,若不再用不敢接收追資源，你真正要交換的是什麼價值？,"[""顯化"", ""不敢接收"", ""領導""]","[""領導"", ""決策""]",TruthOS seed dataset,manifestation 顯化 MAN_006 不敢接收 領導決策中的不敢接收盲點 在領導決策中，想要創造結果，卻被不敢接收拉回匱乏與緊抓，讓支持變成壓力。 只有靠不敢接收，我才能得到想要的資源。 價值交換比不敢接收更能穩定地帶來資源。 顯化 不敢接收 領導 領導 決策,2026-06-04T10:25:52.059328+00:00,2026-06-04T10:25:52.059328+00:00,[],dialogue,,
tp_man_077,manifestation,MAN_007,健康壓力中的過度控制結果盲點,在健康壓力中，想要創造結果，卻被過度控制結果拉回匱乏與緊抓，讓改變停在表面。,只有靠過度控制結果，我才能得到想要的資源。,價值交換比過度控制結果更能穩定地帶來資源。,若不再用過度控制結果追資源，你真正要交換的是什麼價值？,"[""顯化"", ""過度控制結果"", ""健康""]","[""健康"", ""壓力""]",TruthOS seed dataset,manifestation 顯化 MAN_007 過度控制結果 健康壓力中的過度控制結果盲點 在健康壓力中，想要創造結果，卻被過度控制結果拉回匱乏與緊抓，讓改變停在表面。 只有靠過度控制結果，我才能得到想要的資源。 價值交換比過度控制結果更能穩定地帶來資源。 顯化 過度控制結果 健康 健康 壓力,2026-06-04T10:25:52.059328+00:00,2026-06-04T10:25:52.059328+00:00,[],dialogue,,
tp_man_078,manifestation,MAN_007,創作卡關中的過度控制結果盲點,在創作卡關中，想要創造結果，卻被過度控制結果拉回匱乏與緊抓，讓資源交換變得扭曲。,只有靠過度控制結果，我才能得到想要的資源。,價值交換比過度控制結果更能穩定地帶來資源。,若不再用過度控制結果追資源，你真正要交換的是什麼價值？,"[""顯化"", ""過度控制結果"", ""創作""]","[""創作"", ""表達""]",TruthOS seed dataset,manifestation 顯化 MAN_007 過度控制結果 創作卡關中的過度控制結果盲點 在創作卡關中，想要創造結果，卻被過度控制結果拉回匱乏與緊抓，讓資源交換變得扭曲。 只有靠過度控制結果，我才能得到想要的資源。 價值交換比過度控制結果更能穩定地帶來資源。 顯化 過度控制結果 創作 創作 表達,2026-06-04T10:25:52.059328+00:00,2026-06-04T10:25:52.059328+00:00,[],dialogue,,
tp_man_079,manifestation,MAN_007,靈性實踐中的過度控制結果盲點,在靈性實踐中，想要創造結果，卻被過度控制結果拉回匱乏與緊抓，讓對話逐漸失衡。,只有靠過度控制結果，我才能得到想要的資源。,價值交換比過度控制結果更能穩定地帶來資源。,若不再用過度控制結果追資源，你真正要交換的是什麼價值？,"[""顯化"", ""過度控制結果"", ""靈性""]","[""靈性"", ""自我觀察""]",TruthOS seed dataset,manifestation 顯化 MAN_007 過度控制結果 靈性實踐中的過度控制結果盲點 在靈性實踐中，想要創造結果，卻被過度控制結果拉回匱乏與緊抓，讓對話逐漸失衡。 只有靠過度控制結果，我才能得到想要的資源。 價值交換比過度控制結果更能穩定地帶來資源。 顯化 過度控制結果 靈性 靈性 自我觀察,2026-06-04T10:25:52.059328+00:00,2026-06-04T10:25:52.059328+00:00,[],dialogue,,
tp_man_080,manifestation,MAN_007,重大失落中的過度控制結果盲點,在重大失落中，想要創造結果，卻被過度控制結果拉回匱乏與緊抓，讓界線變得模糊。,只有靠過度控制結果，我才能得到想要的資源。,價值交換比過度控制結果更能穩定地帶來資源。,若不再用過度控制結果追資源，你真正要交換的是什麼價值？,"[""顯化"", ""過度控制結果"", ""失落""]","[""失落"", ""轉化""]",TruthOS seed dataset,manifestation 顯化 MAN_007 過度控制結果 重大失落中的過度控制結果盲點 在重大失落中，想要創造結果，卻被過度控制結果拉回匱乏與緊抓，讓界線變得模糊。 只有靠過度控制結果，我才能得到想要的資源。 價值交換比過度控制結果更能穩定地帶來資源。 顯化 過度控制結果 失落 失落 轉化,2026-06-04T10:25:52.059328+00:00,2026-06-04T10:25:52.059328+00:00,[],dialogue,,
tp_man_081,manifestation,MAN_007,教養現場中的過度控制結果盲點,在教養現場中，想要創造結果，卻被過度控制結果拉回匱乏與緊抓，讓責任位置變得混亂。,只有靠過度控制結果，我才能得到想要的資源。,價值交換比過度控制結果更能穩定地帶來資源。,若不再用過度控制結果追資源，你真正要交換的是什麼價值？,"[""顯化"", ""過度控制結果"", ""教養""]","[""親子"", ""教養""]",TruthOS seed dataset,manifestation 顯化 MAN_007 過度控制結果 教養現場中的過度控制結果盲點 在教養現場中，想要創造結果，卻被過度控制結果拉回匱乏與緊抓，讓責任位置變得混亂。 只有靠過度控制結果，我才能得到想要的資源。 價值交換比過度控制結果更能穩定地帶來資源。 顯化 過度控制結果 教養 親子 教養,2026-06-04T10:25:52.059328+00:00,2026-06-04T10:25:52.059328+00:00,[],dialogue,,
tp_man_082,manifestation,MAN_007,團隊回饋中的過度控制結果盲點,在團隊回饋中，想要創造結果，卻被過度控制結果拉回匱乏與緊抓，使真正的需求被遮住。,只有靠過度控制結果，我才能得到想要的資源。,價值交換比過度控制結果更能穩定地帶來資源。,若不再用過度控制結果追資源，你真正要交換的是什麼價值？,"[""顯化"", ""過度控制結果"", ""回饋""]","[""團隊"", ""回饋""]",TruthOS seed dataset,manifestation 顯化 MAN_007 過度控制結果 團隊回饋中的過度控制結果盲點 在團隊回饋中，想要創造結果，卻被過度控制結果拉回匱乏與緊抓，使真正的需求被遮住。 只有靠過度控制結果，我才能得到想要的資源。 價值交換比過度控制結果更能穩定地帶來資源。 顯化 過度控制結果 回饋 團隊 回饋,2026-06-04T10:25:52.059328+00:00,2026-06-04T10:25:52.059328+00:00,[],dialogue,,
tp_man_083,manifestation,MAN_007,社群曝光中的過度控制結果盲點,在社群曝光中，想要創造結果，卻被過度控制結果拉回匱乏與緊抓，讓反饋失去作用。,只有靠過度控制結果，我才能得到想要的資源。,價值交換比過度控制結果更能穩定地帶來資源。,若不再用過度控制結果追資源，你真正要交換的是什麼價值？,"[""顯化"", ""過度控制結果"", ""社群""]","[""社群"", ""自我價值""]",TruthOS seed dataset,manifestation 顯化 MAN_007 過度控制結果 社群曝光中的過度控制結果盲點 在社群曝光中，想要創造結果，卻被過度控制結果拉回匱乏與緊抓，讓反饋失去作用。 只有靠過度控制結果，我才能得到想要的資源。 價值交換比過度控制結果更能穩定地帶來資源。 顯化 過度控制結果 社群 社群 自我價值,2026-06-04T10:25:52.059328+00:00,2026-06-04T10:25:52.059328+00:00,[],dialogue,,
tp_man_084,manifestation,MAN_007,家庭對話中的過度控制結果盲點,在家庭對話中，想要創造結果，卻被過度控制結果拉回匱乏與緊抓，讓信任開始鬆動。,只有靠過度控制結果，我才能得到想要的資源。,價值交換比過度控制結果更能穩定地帶來資源。,若不再用過度控制結果追資源，你真正要交換的是什麼價值？,"[""顯化"", ""過度控制結果"", ""家庭""]","[""家庭"", ""親子""]",TruthOS seed dataset,manifestation 顯化 MAN_007 過度控制結果 家庭對話中的過度控制結果盲點 在家庭對話中，想要創造結果，卻被過度控制結果拉回匱乏與緊抓，讓信任開始鬆動。 只有靠過度控制結果，我才能得到想要的資源。 價值交換比過度控制結果更能穩定地帶來資源。 顯化 過度控制結果 家庭 家庭 親子,2026-06-04T10:25:52.059328+00:00,2026-06-04T10:25:52.059328+00:00,[],dialogue,,
tp_man_085,manifestation,MAN_007,伴侶衝突中的過度控制結果盲點,在伴侶衝突中，想要創造結果，卻被過度控制結果拉回匱乏與緊抓，讓決定越來越僵硬。,只有靠過度控制結果，我才能得到想要的資源。,價值交換比過度控制結果更能穩定地帶來資源。,若不再用過度控制結果追資源，你真正要交換的是什麼價值？,"[""顯化"", ""過度控制結果"", ""伴侶""]","[""伴侶"", ""界線""]",TruthOS seed dataset,manifestation 顯化 MAN_007 過度控制結果 伴侶衝突中的過度控制結果盲點 在伴侶衝突中，想要創造結果，卻被過度控制結果拉回匱乏與緊抓，讓決定越來越僵硬。 只有靠過度控制結果，我才能得到想要的資源。 價值交換比過度控制結果更能穩定地帶來資源。 顯化 過度控制結果 伴侶 伴侶 界線,2026-06-04T10:25:52.059328+00:00,2026-06-04T10:25:52.059328+00:00,[],dialogue,,
tp_man_086,manifestation,MAN_007,職場協作中的過度控制結果盲點,在職場協作中，想要創造結果，卻被過度控制結果拉回匱乏與緊抓，讓內在更難安定。,只有靠過度控制結果，我才能得到想要的資源。,價值交換比過度控制結果更能穩定地帶來資源。,若不再用過度控制結果追資源，你真正要交換的是什麼價值？,"[""顯化"", ""過度控制結果"", ""職場""]","[""工作"", ""團隊""]",TruthOS seed dataset,manifestation 顯化 MAN_007 過度控制結果 職場協作中的過度控制結果盲點 在職場協作中，想要創造結果，卻被過度控制結果拉回匱乏與緊抓，讓內在更難安定。 只有靠過度控制結果，我才能得到想要的資源。 價值交換比過度控制結果更能穩定地帶來資源。 顯化 過度控制結果 職場 工作 團隊,2026-06-04T10:25:52.059328+00:00,2026-06-04T10:25:52.059328+00:00,[],dialogue,,
tp_man_087,manifestation,MAN_007,領導決策中的過度控制結果盲點,在領導決策中，想要創造結果，卻被過度控制結果拉回匱乏與緊抓，使互動落入重複循環。,只有靠過度控制結果，我才能得到想要的資源。,價值交換比過度控制結果更能穩定地帶來資源。,若不再用過度控制結果追資源，你真正要交換的是什麼價值？,"[""顯化"", ""過度控制結果"", ""領導""]","[""領導"", ""決策""]",TruthOS seed dataset,manifestation 顯化 MAN_007 過度控制結果 領導決策中的過度控制結果盲點 在領導決策中，想要創造結果，卻被過度控制結果拉回匱乏與緊抓，使互動落入重複循環。 只有靠過度控制結果，我才能得到想要的資源。 價值交換比過度控制結果更能穩定地帶來資源。 顯化 過度控制結果 領導 領導 決策,2026-06-04T10:25:52.059328+00:00,2026-06-04T10:25:52.059328+00:00,[],dialogue,,
tp_man_088,manifestation,MAN_007,朋友互動中的過度控制結果盲點,在朋友互動中，想要創造結果，卻被過度控制結果拉回匱乏與緊抓，讓看見真相的空間縮小。,只有靠過度控制結果，我才能得到想要的資源。,價值交換比過度控制結果更能穩定地帶來資源。,若不再用過度控制結果追資源，你真正要交換的是什麼價值？,"[""顯化"", ""過度控制結果"", ""友誼""]","[""友誼"", ""界線""]",TruthOS seed dataset,manifestation 顯化 MAN_007 過度控制結果 朋友互動中的過度控制結果盲點 在朋友互動中，想要創造結果，卻被過度控制結果拉回匱乏與緊抓，讓看見真相的空間縮小。 只有靠過度控制結果，我才能得到想要的資源。 價值交換比過度控制結果更能穩定地帶來資源。 顯化 過度控制結果 友誼 友誼 界線,2026-06-04T10:25:52.059328+00:00,2026-06-04T10:25:52.059328+00:00,[],dialogue,,
tp_man_089,manifestation,MAN_008,創作卡關中的把金錢神化盲點,在創作卡關中，想要創造結果，卻被把金錢神化拉回匱乏與緊抓，讓支持變成壓力。,只有靠把金錢神化，我才能得到想要的資源。,價值交換比把金錢神化更能穩定地帶來資源。,若不再用把金錢神化追資源，你真正要交換的是什麼價值？,"[""顯化"", ""把金錢神化"", ""創作""]","[""創作"", ""表達""]",TruthOS seed dataset,manifestation 顯化 MAN_008 把金錢神化 創作卡關中的把金錢神化盲點 在創作卡關中，想要創造結果，卻被把金錢神化拉回匱乏與緊抓，讓支持變成壓力。 只有靠把金錢神化，我才能得到想要的資源。 價值交換比把金錢神化更能穩定地帶來資源。 顯化 把金錢神化 創作 創作 表達,2026-06-04T10:25:52.059328+00:00,2026-06-04T10:25:52.059328+00:00,[],dialogue,,
tp_man_090,manifestation,MAN_008,靈性實踐中的把金錢神化盲點,在靈性實踐中，想要創造結果，卻被把金錢神化拉回匱乏與緊抓，讓改變停在表面。,只有靠把金錢神化，我才能得到想要的資源。,價值交換比把金錢神化更能穩定地帶來資源。,若不再用把金錢神化追資源，你真正要交換的是什麼價值？,"[""顯化"", ""把金錢神化"", ""靈性""]","[""靈性"", ""自我觀察""]",TruthOS seed dataset,manifestation 顯化 MAN_008 把金錢神化 靈性實踐中的把金錢神化盲點 在靈性實踐中，想要創造結果，卻被把金錢神化拉回匱乏與緊抓，讓改變停在表面。 只有靠把金錢神化，我才能得到想要的資源。 價值交換比把金錢神化更能穩定地帶來資源。 顯化 把金錢神化 靈性 靈性 自我觀察,2026-06-04T10:25:52.059328+00:00,2026-06-04T10:25:52.059328+00:00,[],dialogue,,
tp_man_091,manifestation,MAN_008,重大失落中的把金錢神化盲點,在重大失落中，想要創造結果，卻被把金錢神化拉回匱乏與緊抓，讓資源交換變得扭曲。,只有靠把金錢神化，我才能得到想要的資源。,價值交換比把金錢神化更能穩定地帶來資源。,若不再用把金錢神化追資源，你真正要交換的是什麼價值？,"[""顯化"", ""把金錢神化"", ""失落""]","[""失落"", ""轉化""]",TruthOS seed dataset,manifestation 顯化 MAN_008 把金錢神化 重大失落中的把金錢神化盲點 在重大失落中，想要創造結果，卻被把金錢神化拉回匱乏與緊抓，讓資源交換變得扭曲。 只有靠把金錢神化，我才能得到想要的資源。 價值交換比把金錢神化更能穩定地帶來資源。 顯化 把金錢神化 失落 失落 轉化,2026-06-04T10:25:52.059328+00:00,2026-06-04T10:25:52.059328+00:00,[],dialogue,,
tp_man_092,manifestation,MAN_008,教養現場中的把金錢神化盲點,在教養現場中，想要創造結果，卻被把金錢神化拉回匱乏與緊抓，讓對話逐漸失衡。,只有靠把金錢神化，我才能得到想要的資源。,價值交換比把金錢神化更能穩定地帶來資源。,若不再用把金錢神化追資源，你真正要交換的是什麼價值？,"[""顯化"", ""把金錢神化"", ""教養""]","[""親子"", ""教養""]",TruthOS seed dataset,manifestation 顯化 MAN_008 把金錢神化 教養現場中的把金錢神化盲點 在教養現場中，想要創造結果，卻被把金錢神化拉回匱乏與緊抓，讓對話逐漸失衡。 只有靠把金錢神化，我才能得到想要的資源。 價值交換比把金錢神化更能穩定地帶來資源。 顯化 把金錢神化 教養 親子 教養,2026-06-04T10:25:52.059328+00:00,2026-06-04T10:25:52.059328+00:00,[],dialogue,,
tp_man_093,manifestation,MAN_008,團隊回饋中的把金錢神化盲點,在團隊回饋中，想要創造結果，卻被把金錢神化拉回匱乏與緊抓，讓界線變得模糊。,只有靠把金錢神化，我才能得到想要的資源。,價值交換比把金錢神化更能穩定地帶來資源。,若不再用把金錢神化追資源，你真正要交換的是什麼價值？,"[""顯化"", ""把金錢神化"", ""回饋""]","[""團隊"", ""回饋""]",TruthOS seed dataset,manifestation 顯化 MAN_008 把金錢神化 團隊回饋中的把金錢神化盲點 在團隊回饋中，想要創造結果，卻被把金錢神化拉回匱乏與緊抓，讓界線變得模糊。 只有靠把金錢神化，我才能得到想要的資源。 價值交換比把金錢神化更能穩定地帶來資源。 顯化 把金錢神化 回饋 團隊 回饋,2026-06-04T10:25:52.059328+00:00,2026-06-04T10:25:52.059328+00:00,[],dialogue,,
tp_man_094,manifestation,MAN_008,社群曝光中的把金錢神化盲點,在社群曝光中，想要創造結果，卻被把金錢神化拉回匱乏與緊抓，讓責任位置變得混亂。,只有靠把金錢神化，我才能得到想要的資源。,價值交換比把金錢神化更能穩定地帶來資源。,若不再用把金錢神化追資源，你真正要交換的是什麼價值？,"[""顯化"", ""把金錢神化"", ""社群""]","[""社群"", ""自我價值""]",TruthOS seed dataset,manifestation 顯化 MAN_008 把金錢神化 社群曝光中的把金錢神化盲點 在社群曝光中，想要創造結果，卻被把金錢神化拉回匱乏與緊抓，讓責任位置變得混亂。 只有靠把金錢神化，我才能得到想要的資源。 價值交換比把金錢神化更能穩定地帶來資源。 顯化 把金錢神化 社群 社群 自我價值,2026-06-04T10:25:52.059328+00:00,2026-06-04T10:25:52.059328+00:00,[],dialogue,,
tp_man_095,manifestation,MAN_008,家庭對話中的把金錢神化盲點,在家庭對話中，想要創造結果，卻被把金錢神化拉回匱乏與緊抓，使真正的需求被遮住。,只有靠把金錢神化，我才能得到想要的資源。,價值交換比把金錢神化更能穩定地帶來資源。,若不再用把金錢神化追資源，你真正要交換的是什麼價值？,"[""顯化"", ""把金錢神化"", ""家庭""]","[""家庭"", ""親子""]",TruthOS seed dataset,manifestation 顯化 MAN_008 把金錢神化 家庭對話中的把金錢神化盲點 在家庭對話中，想要創造結果，卻被把金錢神化拉回匱乏與緊抓，使真正的需求被遮住。 只有靠把金錢神化，我才能得到想要的資源。 價值交換比把金錢神化更能穩定地帶來資源。 顯化 把金錢神化 家庭 家庭 親子,2026-06-04T10:25:52.059328+00:00,2026-06-04T10:25:52.059328+00:00,[],dialogue,,
tp_man_096,manifestation,MAN_008,伴侶衝突中的把金錢神化盲點,在伴侶衝突中，想要創造結果，卻被把金錢神化拉回匱乏與緊抓，讓反饋失去作用。,只有靠把金錢神化，我才能得到想要的資源。,價值交換比把金錢神化更能穩定地帶來資源。,若不再用把金錢神化追資源，你真正要交換的是什麼價值？,"[""顯化"", ""把金錢神化"", ""伴侶""]","[""伴侶"", ""界線""]",TruthOS seed dataset,manifestation 顯化 MAN_008 把金錢神化 伴侶衝突中的把金錢神化盲點 在伴侶衝突中，想要創造結果，卻被把金錢神化拉回匱乏與緊抓，讓反饋失去作用。 只有靠把金錢神化，我才能得到想要的資源。 價值交換比把金錢神化更能穩定地帶來資源。 顯化 把金錢神化 伴侶 伴侶 界線,2026-06-04T10:25:52.059328+00:00,2026-06-04T10:25:52.059328+00:00,[],dialogue,,
tp_man_097,manifestation,MAN_008,職場協作中的把金錢神化盲點,在職場協作中，想要創造結果，卻被把金錢神化拉回匱乏與緊抓，讓信任開始鬆動。,只有靠把金錢神化，我才能得到想要的資源。,價值交換比把金錢神化更能穩定地帶來資源。,若不再用把金錢神化追資源，你真正要交換的是什麼價值？,"[""顯化"", ""把金錢神化"", ""職場""]","[""工作"", ""團隊""]",TruthOS seed dataset,manifestation 顯化 MAN_008 把金錢神化 職場協作中的把金錢神化盲點 在職場協作中，想要創造結果，卻被把金錢神化拉回匱乏與緊抓，讓信任開始鬆動。 只有靠把金錢神化，我才能得到想要的資源。 價值交換比把金錢神化更能穩定地帶來資源。 顯化 把金錢神化 職場 工作 團隊,2026-06-04T10:25:52.059328+00:00,2026-06-04T10:25:52.059328+00:00,[],dialogue,,
tp_man_098,manifestation,MAN_008,領導決策中的把金錢神化盲點,在領導決策中，想要創造結果，卻被把金錢神化拉回匱乏與緊抓，讓決定越來越僵硬。,只有靠把金錢神化，我才能得到想要的資源。,價值交換比把金錢神化更能穩定地帶來資源。,若不再用把金錢神化追資源，你真正要交換的是什麼價值？,"[""顯化"", ""把金錢神化"", ""領導""]","[""領導"", ""決策""]",TruthOS seed dataset,manifestation 顯化 MAN_008 把金錢神化 領導決策中的把金錢神化盲點 在領導決策中，想要創造結果，卻被把金錢神化拉回匱乏與緊抓，讓決定越來越僵硬。 只有靠把金錢神化，我才能得到想要的資源。 價值交換比把金錢神化更能穩定地帶來資源。 顯化 把金錢神化 領導 領導 決策,2026-06-04T10:25:52.059328+00:00,2026-06-04T10:25:52.059328+00:00,[],dialogue,,
tp_man_099,manifestation,MAN_008,朋友互動中的把金錢神化盲點,在朋友互動中，想要創造結果，卻被把金錢神化拉回匱乏與緊抓，讓內在更難安定。,只有靠把金錢神化，我才能得到想要的資源。,價值交換比把金錢神化更能穩定地帶來資源。,若不再用把金錢神化追資源，你真正要交換的是什麼價值？,"[""顯化"", ""把金錢神化"", ""友誼""]","[""友誼"", ""界線""]",TruthOS seed dataset,manifestation 顯化 MAN_008 把金錢神化 朋友互動中的把金錢神化盲點 在朋友互動中，想要創造結果，卻被把金錢神化拉回匱乏與緊抓，讓內在更難安定。 只有靠把金錢神化，我才能得到想要的資源。 價值交換比把金錢神化更能穩定地帶來資源。 顯化 把金錢神化 友誼 友誼 界線,2026-06-04T10:25:52.059328+00:00,2026-06-04T10:25:52.059328+00:00,[],dialogue,,
tp_man_100,manifestation,MAN_008,金錢選擇中的把金錢神化盲點,在金錢選擇中，想要創造結果，卻被把金錢神化拉回匱乏與緊抓，使互動落入重複循環。,只有靠把金錢神化，我才能得到想要的資源。,價值交換比把金錢神化更能穩定地帶來資源。,若不再用把金錢神化追資源，你真正要交換的是什麼價值？,"[""顯化"", ""把金錢神化"", ""金錢""]","[""金錢"", ""價值""]",TruthOS seed dataset,manifestation 顯化 MAN_008 把金錢神化 金錢選擇中的把金錢神化盲點 在金錢選擇中，想要創造結果，卻被把金錢神化拉回匱乏與緊抓，使互動落入重複循環。 只有靠把金錢神化，我才能得到想要的資源。 價值交換比把金錢神化更能穩定地帶來資源。 顯化 把金錢神化 金錢 金錢 價值,2026-06-04T10:25:52.059328+00:00,2026-06-04T10:25:52.059328+00:00,[],dialogue,,
tp_suf_001,suffering,SUF_001,家庭對話中的受害者認同盲點,在家庭對話中，把受害者認同黏在痛苦上，讓傷口變得更難流動，讓對話逐漸失衡。,若失去受害者認同，別人就不會理解我的痛。,承認痛苦不等於繼續住在受害者認同裡。,當你放下受害者認同時，痛苦想教你的會是什麼？,"[""痛苦"", ""受害者認同"", ""家庭""]","[""家庭"", ""親子""]",TruthOS seed dataset,suffering 痛苦 SUF_001 受害者認同 家庭對話中的受害者認同盲點 在家庭對話中，把受害者認同黏在痛苦上，讓傷口變得更難流動，讓對話逐漸失衡。 若失去受害者認同，別人就不會理解我的痛。 承認痛苦不等於繼續住在受害者認同裡。 痛苦 受害者認同 家庭 家庭 親子,2026-06-04T10:25:52.059328+00:00,2026-06-04T10:25:52.059328+00:00,[],dialogue,,
tp_suf_002,suffering,SUF_001,伴侶衝突中的受害者認同盲點,在伴侶衝突中，把受害者認同黏在痛苦上，讓傷口變得更難流動，讓界線變得模糊。,若失去受害者認同，別人就不會理解我的痛。,承認痛苦不等於繼續住在受害者認同裡。,當你放下受害者認同時，痛苦想教你的會是什麼？,"[""痛苦"", ""受害者認同"", ""伴侶""]","[""伴侶"", ""界線""]",TruthOS seed dataset,suffering 痛苦 SUF_001 受害者認同 伴侶衝突中的受害者認同盲點 在伴侶衝突中，把受害者認同黏在痛苦上，讓傷口變得更難流動，讓界線變得模糊。 若失去受害者認同，別人就不會理解我的痛。 承認痛苦不等於繼續住在受害者認同裡。 痛苦 受害者認同 伴侶 伴侶 界線,2026-06-04T10:25:52.059328+00:00,2026-06-04T10:25:52.059328+00:00,[],dialogue,,
tp_suf_003,suffering,SUF_001,職場協作中的受害者認同盲點,在職場協作中，把受害者認同黏在痛苦上，讓傷口變得更難流動，讓責任位置變得混亂。,若失去受害者認同，別人就不會理解我的痛。,承認痛苦不等於繼續住在受害者認同裡。,當你放下受害者認同時，痛苦想教你的會是什麼？,"[""痛苦"", ""受害者認同"", ""職場""]","[""工作"", ""團隊""]",TruthOS seed dataset,suffering 痛苦 SUF_001 受害者認同 職場協作中的受害者認同盲點 在職場協作中，把受害者認同黏在痛苦上，讓傷口變得更難流動，讓責任位置變得混亂。 若失去受害者認同，別人就不會理解我的痛。 承認痛苦不等於繼續住在受害者認同裡。 痛苦 受害者認同 職場 工作 團隊,2026-06-04T10:25:52.059328+00:00,2026-06-04T10:25:52.059328+00:00,[],dialogue,,
tp_suf_004,suffering,SUF_001,領導決策中的受害者認同盲點,在領導決策中，把受害者認同黏在痛苦上，讓傷口變得更難流動，使真正的需求被遮住。,若失去受害者認同，別人就不會理解我的痛。,承認痛苦不等於繼續住在受害者認同裡。,當你放下受害者認同時，痛苦想教你的會是什麼？,"[""痛苦"", ""受害者認同"", ""領導""]","[""領導"", ""決策""]",TruthOS seed dataset,suffering 痛苦 SUF_001 受害者認同 領導決策中的受害者認同盲點 在領導決策中，把受害者認同黏在痛苦上，讓傷口變得更難流動，使真正的需求被遮住。 若失去受害者認同，別人就不會理解我的痛。 承認痛苦不等於繼續住在受害者認同裡。 痛苦 受害者認同 領導 領導 決策,2026-06-04T10:25:52.059328+00:00,2026-06-04T10:25:52.059328+00:00,[],dialogue,,
tp_suf_005,suffering,SUF_001,朋友互動中的受害者認同盲點,在朋友互動中，把受害者認同黏在痛苦上，讓傷口變得更難流動，讓反饋失去作用。,若失去受害者認同，別人就不會理解我的痛。,承認痛苦不等於繼續住在受害者認同裡。,當你放下受害者認同時，痛苦想教你的會是什麼？,"[""痛苦"", ""受害者認同"", ""友誼""]","[""友誼"", ""界線""]",TruthOS seed dataset,suffering 痛苦 SUF_001 受害者認同 朋友互動中的受害者認同盲點 在朋友互動中，把受害者認同黏在痛苦上，讓傷口變得更難流動，讓反饋失去作用。 若失去受害者認同，別人就不會理解我的痛。 承認痛苦不等於繼續住在受害者認同裡。 痛苦 受害者認同 友誼 友誼 界線,2026-06-04T10:25:52.059328+00:00,2026-06-04T10:25:52.059328+00:00,[],dialogue,,
tp_suf_006,suffering,SUF_001,金錢選擇中的受害者認同盲點,在金錢選擇中，把受害者認同黏在痛苦上，讓傷口變得更難流動，讓信任開始鬆動。,若失去受害者認同，別人就不會理解我的痛。,承認痛苦不等於繼續住在受害者認同裡。,當你放下受害者認同時，痛苦想教你的會是什麼？,"[""痛苦"", ""受害者認同"", ""金錢""]","[""金錢"", ""價值""]",TruthOS seed dataset,suffering 痛苦 SUF_001 受害者認同 金錢選擇中的受害者認同盲點 在金錢選擇中，把受害者認同黏在痛苦上，讓傷口變得更難流動，讓信任開始鬆動。 若失去受害者認同，別人就不會理解我的痛。 承認痛苦不等於繼續住在受害者認同裡。 痛苦 受害者認同 金錢 金錢 價值,2026-06-04T10:25:52.059328+00:00,2026-06-04T10:25:52.059328+00:00,[],dialogue,,
tp_suf_007,suffering,SUF_001,健康壓力中的受害者認同盲點,在健康壓力中，把受害者認同黏在痛苦上，讓傷口變得更難流動，讓決定越來越僵硬。,若失去受害者認同，別人就不會理解我的痛。,承認痛苦不等於繼續住在受害者認同裡。,當你放下受害者認同時，痛苦想教你的會是什麼？,"[""痛苦"", ""受害者認同"", ""健康""]","[""健康"", ""壓力""]",TruthOS seed dataset,suffering 痛苦 SUF_001 受害者認同 健康壓力中的受害者認同盲點 在健康壓力中，把受害者認同黏在痛苦上，讓傷口變得更難流動，讓決定越來越僵硬。 若失去受害者認同，別人就不會理解我的痛。 承認痛苦不等於繼續住在受害者認同裡。 痛苦 受害者認同 健康 健康 壓力,2026-06-04T10:25:52.059328+00:00,2026-06-04T10:25:52.059328+00:00,[],dialogue,,
tp_suf_008,suffering,SUF_001,創作卡關中的受害者認同盲點,在創作卡關中，把受害者認同黏在痛苦上，讓傷口變得更難流動，讓內在更難安定。,若失去受害者認同，別人就不會理解我的痛。,承認痛苦不等於繼續住在受害者認同裡。,當你放下受害者認同時，痛苦想教你的會是什麼？,"[""痛苦"", ""受害者認同"", ""創作""]","[""創作"", ""表達""]",TruthOS seed dataset,suffering 痛苦 SUF_001 受害者認同 創作卡關中的受害者認同盲點 在創作卡關中，把受害者認同黏在痛苦上，讓傷口變得更難流動，讓內在更難安定。 若失去受害者認同，別人就不會理解我的痛。 承認痛苦不等於繼續住在受害者認同裡。 痛苦 受害者認同 創作 創作 表達,2026-06-04T10:25:52.059328+00:00,2026-06-04T10:25:52.059328+00:00,[],dialogue,,
tp_suf_009,suffering,SUF_001,靈性實踐中的受害者認同盲點,在靈性實踐中，把受害者認同黏在痛苦上，讓傷口變得更難流動，使互動落入重複循環。,若失去受害者認同，別人就不會理解我的痛。,承認痛苦不等於繼續住在受害者認同裡。,當你放下受害者認同時，痛苦想教你的會是什麼？,"[""痛苦"", ""受害者認同"", ""靈性""]","[""靈性"", ""自我觀察""]",TruthOS seed dataset,suffering 痛苦 SUF_001 受害者認同 靈性實踐中的受害者認同盲點 在靈性實踐中，把受害者認同黏在痛苦上，讓傷口變得更難流動，使互動落入重複循環。 若失去受害者認同，別人就不會理解我的痛。 承認痛苦不等於繼續住在受害者認同裡。 痛苦 受害者認同 靈性 靈性 自我觀察,2026-06-04T10:25:52.059328+00:00,2026-06-04T10:25:52.059328+00:00,[],dialogue,,
tp_suf_010,suffering,SUF_001,重大失落中的受害者認同盲點,在重大失落中，把受害者認同黏在痛苦上，讓傷口變得更難流動，讓看見真相的空間縮小。,若失去受害者認同，別人就不會理解我的痛。,承認痛苦不等於繼續住在受害者認同裡。,當你放下受害者認同時，痛苦想教你的會是什麼？,"[""痛苦"", ""受害者認同"", ""失落""]","[""失落"", ""轉化""]",TruthOS seed dataset,suffering 痛苦 SUF_001 受害者認同 重大失落中的受害者認同盲點 在重大失落中，把受害者認同黏在痛苦上，讓傷口變得更難流動，讓看見真相的空間縮小。 若失去受害者認同，別人就不會理解我的痛。 承認痛苦不等於繼續住在受害者認同裡。 痛苦 受害者認同 失落 失落 轉化,2026-06-04T10:25:52.059328+00:00,2026-06-04T10:25:52.059328+00:00,[],dialogue,,
tp_suf_011,suffering,SUF_001,教養現場中的受害者認同盲點,在教養現場中，把受害者認同黏在痛苦上，讓傷口變得更難流動，讓支持變成壓力。,若失去受害者認同，別人就不會理解我的痛。,承認痛苦不等於繼續住在受害者認同裡。,當你放下受害者認同時，痛苦想教你的會是什麼？,"[""痛苦"", ""受害者認同"", ""教養""]","[""親子"", ""教養""]",TruthOS seed dataset,suffering 痛苦 SUF_001 受害者認同 教養現場中的受害者認同盲點 在教養現場中，把受害者認同黏在痛苦上，讓傷口變得更難流動，讓支持變成壓力。 若失去受害者認同，別人就不會理解我的痛。 承認痛苦不等於繼續住在受害者認同裡。 痛苦 受害者認同 教養 親子 教養,2026-06-04T10:25:52.059328+00:00,2026-06-04T10:25:52.059328+00:00,[],dialogue,,
tp_suf_012,suffering,SUF_001,團隊回饋中的受害者認同盲點,在團隊回饋中，把受害者認同黏在痛苦上，讓傷口變得更難流動，讓改變停在表面。,若失去受害者認同，別人就不會理解我的痛。,承認痛苦不等於繼續住在受害者認同裡。,當你放下受害者認同時，痛苦想教你的會是什麼？,"[""痛苦"", ""受害者認同"", ""回饋""]","[""團隊"", ""回饋""]",TruthOS seed dataset,suffering 痛苦 SUF_001 受害者認同 團隊回饋中的受害者認同盲點 在團隊回饋中，把受害者認同黏在痛苦上，讓傷口變得更難流動，讓改變停在表面。 若失去受害者認同，別人就不會理解我的痛。 承認痛苦不等於繼續住在受害者認同裡。 痛苦 受害者認同 回饋 團隊 回饋,2026-06-04T10:25:52.059328+00:00,2026-06-04T10:25:52.059328+00:00,[],dialogue,,
tp_suf_013,suffering,SUF_001,社群曝光中的受害者認同盲點,在社群曝光中，把受害者認同黏在痛苦上，讓傷口變得更難流動，讓資源交換變得扭曲。,若失去受害者認同，別人就不會理解我的痛。,承認痛苦不等於繼續住在受害者認同裡。,當你放下受害者認同時，痛苦想教你的會是什麼？,"[""痛苦"", ""受害者認同"", ""社群""]","[""社群"", ""自我價值""]",TruthOS seed dataset,suffering 痛苦 SUF_001 受害者認同 社群曝光中的受害者認同盲點 在社群曝光中，把受害者認同黏在痛苦上，讓傷口變得更難流動，讓資源交換變得扭曲。 若失去受害者認同，別人就不會理解我的痛。 承認痛苦不等於繼續住在受害者認同裡。 痛苦 受害者認同 社群 社群 自我價值,2026-06-04T10:25:52.059328+00:00,2026-06-04T10:25:52.059328+00:00,[],dialogue,,
tp_suf_014,suffering,SUF_002,伴侶衝突中的抗拒疼痛盲點,在伴侶衝突中，把抗拒疼痛黏在痛苦上，讓傷口變得更難流動，讓對話逐漸失衡。,若失去抗拒疼痛，別人就不會理解我的痛。,承認痛苦不等於繼續住在抗拒疼痛裡。,當你放下抗拒疼痛時，痛苦想教你的會是什麼？,"[""痛苦"", ""抗拒疼痛"", ""伴侶""]","[""伴侶"", ""界線""]",TruthOS seed dataset,suffering 痛苦 SUF_002 抗拒疼痛 伴侶衝突中的抗拒疼痛盲點 在伴侶衝突中，把抗拒疼痛黏在痛苦上，讓傷口變得更難流動，讓對話逐漸失衡。 若失去抗拒疼痛，別人就不會理解我的痛。 承認痛苦不等於繼續住在抗拒疼痛裡。 痛苦 抗拒疼痛 伴侶 伴侶 界線,2026-06-04T10:25:52.059328+00:00,2026-06-04T10:25:52.059328+00:00,[],dialogue,,
tp_suf_015,suffering,SUF_002,職場協作中的抗拒疼痛盲點,在職場協作中，把抗拒疼痛黏在痛苦上，讓傷口變得更難流動，讓界線變得模糊。,若失去抗拒疼痛，別人就不會理解我的痛。,承認痛苦不等於繼續住在抗拒疼痛裡。,當你放下抗拒疼痛時，痛苦想教你的會是什麼？,"[""痛苦"", ""抗拒疼痛"", ""職場""]","[""工作"", ""團隊""]",TruthOS seed dataset,suffering 痛苦 SUF_002 抗拒疼痛 職場協作中的抗拒疼痛盲點 在職場協作中，把抗拒疼痛黏在痛苦上，讓傷口變得更難流動，讓界線變得模糊。 若失去抗拒疼痛，別人就不會理解我的痛。 承認痛苦不等於繼續住在抗拒疼痛裡。 痛苦 抗拒疼痛 職場 工作 團隊,2026-06-04T10:25:52.059328+00:00,2026-06-04T10:25:52.059328+00:00,[],dialogue,,
tp_suf_016,suffering,SUF_002,領導決策中的抗拒疼痛盲點,在領導決策中，把抗拒疼痛黏在痛苦上，讓傷口變得更難流動，讓責任位置變得混亂。,若失去抗拒疼痛，別人就不會理解我的痛。,承認痛苦不等於繼續住在抗拒疼痛裡。,當你放下抗拒疼痛時，痛苦想教你的會是什麼？,"[""痛苦"", ""抗拒疼痛"", ""領導""]","[""領導"", ""決策""]",TruthOS seed dataset,suffering 痛苦 SUF_002 抗拒疼痛 領導決策中的抗拒疼痛盲點 在領導決策中，把抗拒疼痛黏在痛苦上，讓傷口變得更難流動，讓責任位置變得混亂。 若失去抗拒疼痛，別人就不會理解我的痛。 承認痛苦不等於繼續住在抗拒疼痛裡。 痛苦 抗拒疼痛 領導 領導 決策,2026-06-04T10:25:52.059328+00:00,2026-06-04T10:25:52.059328+00:00,[],dialogue,,
tp_suf_017,suffering,SUF_002,朋友互動中的抗拒疼痛盲點,在朋友互動中，把抗拒疼痛黏在痛苦上，讓傷口變得更難流動，使真正的需求被遮住。,若失去抗拒疼痛，別人就不會理解我的痛。,承認痛苦不等於繼續住在抗拒疼痛裡。,當你放下抗拒疼痛時，痛苦想教你的會是什麼？,"[""痛苦"", ""抗拒疼痛"", ""友誼""]","[""友誼"", ""界線""]",TruthOS seed dataset,suffering 痛苦 SUF_002 抗拒疼痛 朋友互動中的抗拒疼痛盲點 在朋友互動中，把抗拒疼痛黏在痛苦上，讓傷口變得更難流動，使真正的需求被遮住。 若失去抗拒疼痛，別人就不會理解我的痛。 承認痛苦不等於繼續住在抗拒疼痛裡。 痛苦 抗拒疼痛 友誼 友誼 界線,2026-06-04T10:25:52.059328+00:00,2026-06-04T10:25:52.059328+00:00,[],dialogue,,
tp_suf_018,suffering,SUF_002,金錢選擇中的抗拒疼痛盲點,在金錢選擇中，把抗拒疼痛黏在痛苦上，讓傷口變得更難流動，讓反饋失去作用。,若失去抗拒疼痛，別人就不會理解我的痛。,承認痛苦不等於繼續住在抗拒疼痛裡。,當你放下抗拒疼痛時，痛苦想教你的會是什麼？,"[""痛苦"", ""抗拒疼痛"", ""金錢""]","[""金錢"", ""價值""]",TruthOS seed dataset,suffering 痛苦 SUF_002 抗拒疼痛 金錢選擇中的抗拒疼痛盲點 在金錢選擇中，把抗拒疼痛黏在痛苦上，讓傷口變得更難流動，讓反饋失去作用。 若失去抗拒疼痛，別人就不會理解我的痛。 承認痛苦不等於繼續住在抗拒疼痛裡。 痛苦 抗拒疼痛 金錢 金錢 價值,2026-06-04T10:25:52.059328+00:00,2026-06-04T10:25:52.059328+00:00,[],dialogue,,
tp_suf_019,suffering,SUF_002,健康壓力中的抗拒疼痛盲點,在健康壓力中，把抗拒疼痛黏在痛苦上，讓傷口變得更難流動，讓信任開始鬆動。,若失去抗拒疼痛，別人就不會理解我的痛。,承認痛苦不等於繼續住在抗拒疼痛裡。,當你放下抗拒疼痛時，痛苦想教你的會是什麼？,"[""痛苦"", ""抗拒疼痛"", ""健康""]","[""健康"", ""壓力""]",TruthOS seed dataset,suffering 痛苦 SUF_002 抗拒疼痛 健康壓力中的抗拒疼痛盲點 在健康壓力中，把抗拒疼痛黏在痛苦上，讓傷口變得更難流動，讓信任開始鬆動。 若失去抗拒疼痛，別人就不會理解我的痛。 承認痛苦不等於繼續住在抗拒疼痛裡。 痛苦 抗拒疼痛 健康 健康 壓力,2026-06-04T10:25:52.059328+00:00,2026-06-04T10:25:52.059328+00:00,[],dialogue,,
tp_suf_020,suffering,SUF_002,創作卡關中的抗拒疼痛盲點,在創作卡關中，把抗拒疼痛黏在痛苦上，讓傷口變得更難流動，讓決定越來越僵硬。,若失去抗拒疼痛，別人就不會理解我的痛。,承認痛苦不等於繼續住在抗拒疼痛裡。,當你放下抗拒疼痛時，痛苦想教你的會是什麼？,"[""痛苦"", ""抗拒疼痛"", ""創作""]","[""創作"", ""表達""]",TruthOS seed dataset,suffering 痛苦 SUF_002 抗拒疼痛 創作卡關中的抗拒疼痛盲點 在創作卡關中，把抗拒疼痛黏在痛苦上，讓傷口變得更難流動，讓決定越來越僵硬。 若失去抗拒疼痛，別人就不會理解我的痛。 承認痛苦不等於繼續住在抗拒疼痛裡。 痛苦 抗拒疼痛 創作 創作 表達,2026-06-04T10:25:52.059328+00:00,2026-06-04T10:25:52.059328+00:00,[],dialogue,,
tp_suf_021,suffering,SUF_002,靈性實踐中的抗拒疼痛盲點,在靈性實踐中，把抗拒疼痛黏在痛苦上，讓傷口變得更難流動，讓內在更難安定。,若失去抗拒疼痛，別人就不會理解我的痛。,承認痛苦不等於繼續住在抗拒疼痛裡。,當你放下抗拒疼痛時，痛苦想教你的會是什麼？,"[""痛苦"", ""抗拒疼痛"", ""靈性""]","[""靈性"", ""自我觀察""]",TruthOS seed dataset,suffering 痛苦 SUF_002 抗拒疼痛 靈性實踐中的抗拒疼痛盲點 在靈性實踐中，把抗拒疼痛黏在痛苦上，讓傷口變得更難流動，讓內在更難安定。 若失去抗拒疼痛，別人就不會理解我的痛。 承認痛苦不等於繼續住在抗拒疼痛裡。 痛苦 抗拒疼痛 靈性 靈性 自我觀察,2026-06-04T10:25:52.059328+00:00,2026-06-04T10:25:52.059328+00:00,[],dialogue,,
tp_suf_022,suffering,SUF_002,重大失落中的抗拒疼痛盲點,在重大失落中，把抗拒疼痛黏在痛苦上，讓傷口變得更難流動，使互動落入重複循環。,若失去抗拒疼痛，別人就不會理解我的痛。,承認痛苦不等於繼續住在抗拒疼痛裡。,當你放下抗拒疼痛時，痛苦想教你的會是什麼？,"[""痛苦"", ""抗拒疼痛"", ""失落""]","[""失落"", ""轉化""]",TruthOS seed dataset,suffering 痛苦 SUF_002 抗拒疼痛 重大失落中的抗拒疼痛盲點 在重大失落中，把抗拒疼痛黏在痛苦上，讓傷口變得更難流動，使互動落入重複循環。 若失去抗拒疼痛，別人就不會理解我的痛。 承認痛苦不等於繼續住在抗拒疼痛裡。 痛苦 抗拒疼痛 失落 失落 轉化,2026-06-04T10:25:52.059328+00:00,2026-06-04T10:25:52.059328+00:00,[],dialogue,,
tp_suf_023,suffering,SUF_002,教養現場中的抗拒疼痛盲點,在教養現場中，把抗拒疼痛黏在痛苦上，讓傷口變得更難流動，讓看見真相的空間縮小。,若失去抗拒疼痛，別人就不會理解我的痛。,承認痛苦不等於繼續住在抗拒疼痛裡。,當你放下抗拒疼痛時，痛苦想教你的會是什麼？,"[""痛苦"", ""抗拒疼痛"", ""教養""]","[""親子"", ""教養""]",TruthOS seed dataset,suffering 痛苦 SUF_002 抗拒疼痛 教養現場中的抗拒疼痛盲點 在教養現場中，把抗拒疼痛黏在痛苦上，讓傷口變得更難流動，讓看見真相的空間縮小。 若失去抗拒疼痛，別人就不會理解我的痛。 承認痛苦不等於繼續住在抗拒疼痛裡。 痛苦 抗拒疼痛 教養 親子 教養,2026-06-04T10:25:52.059328+00:00,2026-06-04T10:25:52.059328+00:00,[],dialogue,,
tp_suf_024,suffering,SUF_002,團隊回饋中的抗拒疼痛盲點,在團隊回饋中，把抗拒疼痛黏在痛苦上，讓傷口變得更難流動，讓支持變成壓力。,若失去抗拒疼痛，別人就不會理解我的痛。,承認痛苦不等於繼續住在抗拒疼痛裡。,當你放下抗拒疼痛時，痛苦想教你的會是什麼？,"[""痛苦"", ""抗拒疼痛"", ""回饋""]","[""團隊"", ""回饋""]",TruthOS seed dataset,suffering 痛苦 SUF_002 抗拒疼痛 團隊回饋中的抗拒疼痛盲點 在團隊回饋中，把抗拒疼痛黏在痛苦上，讓傷口變得更難流動，讓支持變成壓力。 若失去抗拒疼痛，別人就不會理解我的痛。 承認痛苦不等於繼續住在抗拒疼痛裡。 痛苦 抗拒疼痛 回饋 團隊 回饋,2026-06-04T10:25:52.059328+00:00,2026-06-04T10:25:52.059328+00:00,[],dialogue,,
tp_suf_025,suffering,SUF_002,社群曝光中的抗拒疼痛盲點,在社群曝光中，把抗拒疼痛黏在痛苦上，讓傷口變得更難流動，讓改變停在表面。,若失去抗拒疼痛，別人就不會理解我的痛。,承認痛苦不等於繼續住在抗拒疼痛裡。,當你放下抗拒疼痛時，痛苦想教你的會是什麼？,"[""痛苦"", ""抗拒疼痛"", ""社群""]","[""社群"", ""自我價值""]",TruthOS seed dataset,suffering 痛苦 SUF_002 抗拒疼痛 社群曝光中的抗拒疼痛盲點 在社群曝光中，把抗拒疼痛黏在痛苦上，讓傷口變得更難流動，讓改變停在表面。 若失去抗拒疼痛，別人就不會理解我的痛。 承認痛苦不等於繼續住在抗拒疼痛裡。 痛苦 抗拒疼痛 社群 社群 自我價值,2026-06-04T10:25:52.059328+00:00,2026-06-04T10:25:52.059328+00:00,[],dialogue,,
tp_suf_026,suffering,SUF_002,家庭對話中的抗拒疼痛盲點,在家庭對話中，把抗拒疼痛黏在痛苦上，讓傷口變得更難流動，讓資源交換變得扭曲。,若失去抗拒疼痛，別人就不會理解我的痛。,承認痛苦不等於繼續住在抗拒疼痛裡。,當你放下抗拒疼痛時，痛苦想教你的會是什麼？,"[""痛苦"", ""抗拒疼痛"", ""家庭""]","[""家庭"", ""親子""]",TruthOS seed dataset,suffering 痛苦 SUF_002 抗拒疼痛 家庭對話中的抗拒疼痛盲點 在家庭對話中，把抗拒疼痛黏在痛苦上，讓傷口變得更難流動，讓資源交換變得扭曲。 若失去抗拒疼痛，別人就不會理解我的痛。 承認痛苦不等於繼續住在抗拒疼痛裡。 痛苦 抗拒疼痛 家庭 家庭 親子,2026-06-04T10:25:52.059328+00:00,2026-06-04T10:25:52.059328+00:00,[],dialogue,,
tp_suf_027,suffering,SUF_003,職場協作中的麻醉自己盲點,在職場協作中，把麻醉自己黏在痛苦上，讓傷口變得更難流動，讓對話逐漸失衡。,若失去麻醉自己，別人就不會理解我的痛。,承認痛苦不等於繼續住在麻醉自己裡。,當你放下麻醉自己時，痛苦想教你的會是什麼？,"[""痛苦"", ""麻醉自己"", ""職場""]","[""工作"", ""團隊""]",TruthOS seed dataset,suffering 痛苦 SUF_003 麻醉自己 職場協作中的麻醉自己盲點 在職場協作中，把麻醉自己黏在痛苦上，讓傷口變得更難流動，讓對話逐漸失衡。 若失去麻醉自己，別人就不會理解我的痛。 承認痛苦不等於繼續住在麻醉自己裡。 痛苦 麻醉自己 職場 工作 團隊,2026-06-04T10:25:52.059328+00:00,2026-06-04T10:25:52.059328+00:00,[],dialogue,,
tp_suf_028,suffering,SUF_003,領導決策中的麻醉自己盲點,在領導決策中，把麻醉自己黏在痛苦上，讓傷口變得更難流動，讓界線變得模糊。,若失去麻醉自己，別人就不會理解我的痛。,承認痛苦不等於繼續住在麻醉自己裡。,當你放下麻醉自己時，痛苦想教你的會是什麼？,"[""痛苦"", ""麻醉自己"", ""領導""]","[""領導"", ""決策""]",TruthOS seed dataset,suffering 痛苦 SUF_003 麻醉自己 領導決策中的麻醉自己盲點 在領導決策中，把麻醉自己黏在痛苦上，讓傷口變得更難流動，讓界線變得模糊。 若失去麻醉自己，別人就不會理解我的痛。 承認痛苦不等於繼續住在麻醉自己裡。 痛苦 麻醉自己 領導 領導 決策,2026-06-04T10:25:52.059328+00:00,2026-06-04T10:25:52.059328+00:00,[],dialogue,,
tp_suf_029,suffering,SUF_003,朋友互動中的麻醉自己盲點,在朋友互動中，把麻醉自己黏在痛苦上，讓傷口變得更難流動，讓責任位置變得混亂。,若失去麻醉自己，別人就不會理解我的痛。,承認痛苦不等於繼續住在麻醉自己裡。,當你放下麻醉自己時，痛苦想教你的會是什麼？,"[""痛苦"", ""麻醉自己"", ""友誼""]","[""友誼"", ""界線""]",TruthOS seed dataset,suffering 痛苦 SUF_003 麻醉自己 朋友互動中的麻醉自己盲點 在朋友互動中，把麻醉自己黏在痛苦上，讓傷口變得更難流動，讓責任位置變得混亂。 若失去麻醉自己，別人就不會理解我的痛。 承認痛苦不等於繼續住在麻醉自己裡。 痛苦 麻醉自己 友誼 友誼 界線,2026-06-04T10:25:52.059328+00:00,2026-06-04T10:25:52.059328+00:00,[],dialogue,,
tp_suf_030,suffering,SUF_003,金錢選擇中的麻醉自己盲點,在金錢選擇中，把麻醉自己黏在痛苦上，讓傷口變得更難流動，使真正的需求被遮住。,若失去麻醉自己，別人就不會理解我的痛。,承認痛苦不等於繼續住在麻醉自己裡。,當你放下麻醉自己時，痛苦想教你的會是什麼？,"[""痛苦"", ""麻醉自己"", ""金錢""]","[""金錢"", ""價值""]",TruthOS seed dataset,suffering 痛苦 SUF_003 麻醉自己 金錢選擇中的麻醉自己盲點 在金錢選擇中，把麻醉自己黏在痛苦上，讓傷口變得更難流動，使真正的需求被遮住。 若失去麻醉自己，別人就不會理解我的痛。 承認痛苦不等於繼續住在麻醉自己裡。 痛苦 麻醉自己 金錢 金錢 價值,2026-06-04T10:25:52.059328+00:00,2026-06-04T10:25:52.059328+00:00,[],dialogue,,
tp_suf_031,suffering,SUF_003,健康壓力中的麻醉自己盲點,在健康壓力中，把麻醉自己黏在痛苦上，讓傷口變得更難流動，讓反饋失去作用。,若失去麻醉自己，別人就不會理解我的痛。,承認痛苦不等於繼續住在麻醉自己裡。,當你放下麻醉自己時，痛苦想教你的會是什麼？,"[""痛苦"", ""麻醉自己"", ""健康""]","[""健康"", ""壓力""]",TruthOS seed dataset,suffering 痛苦 SUF_003 麻醉自己 健康壓力中的麻醉自己盲點 在健康壓力中，把麻醉自己黏在痛苦上，讓傷口變得更難流動，讓反饋失去作用。 若失去麻醉自己，別人就不會理解我的痛。 承認痛苦不等於繼續住在麻醉自己裡。 痛苦 麻醉自己 健康 健康 壓力,2026-06-04T10:25:52.059328+00:00,2026-06-04T10:25:52.059328+00:00,[],dialogue,,
tp_suf_032,suffering,SUF_003,創作卡關中的麻醉自己盲點,在創作卡關中，把麻醉自己黏在痛苦上，讓傷口變得更難流動，讓信任開始鬆動。,若失去麻醉自己，別人就不會理解我的痛。,承認痛苦不等於繼續住在麻醉自己裡。,當你放下麻醉自己時，痛苦想教你的會是什麼？,"[""痛苦"", ""麻醉自己"", ""創作""]","[""創作"", ""表達""]",TruthOS seed dataset,suffering 痛苦 SUF_003 麻醉自己 創作卡關中的麻醉自己盲點 在創作卡關中，把麻醉自己黏在痛苦上，讓傷口變得更難流動，讓信任開始鬆動。 若失去麻醉自己，別人就不會理解我的痛。 承認痛苦不等於繼續住在麻醉自己裡。 痛苦 麻醉自己 創作 創作 表達,2026-06-04T10:25:52.059328+00:00,2026-06-04T10:25:52.059328+00:00,[],dialogue,,
tp_suf_033,suffering,SUF_003,靈性實踐中的麻醉自己盲點,在靈性實踐中，把麻醉自己黏在痛苦上，讓傷口變得更難流動，讓決定越來越僵硬。,若失去麻醉自己，別人就不會理解我的痛。,承認痛苦不等於繼續住在麻醉自己裡。,當你放下麻醉自己時，痛苦想教你的會是什麼？,"[""痛苦"", ""麻醉自己"", ""靈性""]","[""靈性"", ""自我觀察""]",TruthOS seed dataset,suffering 痛苦 SUF_003 麻醉自己 靈性實踐中的麻醉自己盲點 在靈性實踐中，把麻醉自己黏在痛苦上，讓傷口變得更難流動，讓決定越來越僵硬。 若失去麻醉自己，別人就不會理解我的痛。 承認痛苦不等於繼續住在麻醉自己裡。 痛苦 麻醉自己 靈性 靈性 自我觀察,2026-06-04T10:25:52.059328+00:00,2026-06-04T10:25:52.059328+00:00,[],dialogue,,
tp_suf_034,suffering,SUF_003,重大失落中的麻醉自己盲點,在重大失落中，把麻醉自己黏在痛苦上，讓傷口變得更難流動，讓內在更難安定。,若失去麻醉自己，別人就不會理解我的痛。,承認痛苦不等於繼續住在麻醉自己裡。,當你放下麻醉自己時，痛苦想教你的會是什麼？,"[""痛苦"", ""麻醉自己"", ""失落""]","[""失落"", ""轉化""]",TruthOS seed dataset,suffering 痛苦 SUF_003 麻醉自己 重大失落中的麻醉自己盲點 在重大失落中，把麻醉自己黏在痛苦上，讓傷口變得更難流動，讓內在更難安定。 若失去麻醉自己，別人就不會理解我的痛。 承認痛苦不等於繼續住在麻醉自己裡。 痛苦 麻醉自己 失落 失落 轉化,2026-06-04T10:25:52.059328+00:00,2026-06-04T10:25:52.059328+00:00,[],dialogue,,
tp_suf_035,suffering,SUF_003,教養現場中的麻醉自己盲點,在教養現場中，把麻醉自己黏在痛苦上，讓傷口變得更難流動，使互動落入重複循環。,若失去麻醉自己，別人就不會理解我的痛。,承認痛苦不等於繼續住在麻醉自己裡。,當你放下麻醉自己時，痛苦想教你的會是什麼？,"[""痛苦"", ""麻醉自己"", ""教養""]","[""親子"", ""教養""]",TruthOS seed dataset,suffering 痛苦 SUF_003 麻醉自己 教養現場中的麻醉自己盲點 在教養現場中，把麻醉自己黏在痛苦上，讓傷口變得更難流動，使互動落入重複循環。 若失去麻醉自己，別人就不會理解我的痛。 承認痛苦不等於繼續住在麻醉自己裡。 痛苦 麻醉自己 教養 親子 教養,2026-06-04T10:25:52.059328+00:00,2026-06-04T10:25:52.059328+00:00,[],dialogue,,
tp_suf_036,suffering,SUF_003,團隊回饋中的麻醉自己盲點,在團隊回饋中，把麻醉自己黏在痛苦上，讓傷口變得更難流動，讓看見真相的空間縮小。,若失去麻醉自己，別人就不會理解我的痛。,承認痛苦不等於繼續住在麻醉自己裡。,當你放下麻醉自己時，痛苦想教你的會是什麼？,"[""痛苦"", ""麻醉自己"", ""回饋""]","[""團隊"", ""回饋""]",TruthOS seed dataset,suffering 痛苦 SUF_003 麻醉自己 團隊回饋中的麻醉自己盲點 在團隊回饋中，把麻醉自己黏在痛苦上，讓傷口變得更難流動，讓看見真相的空間縮小。 若失去麻醉自己，別人就不會理解我的痛。 承認痛苦不等於繼續住在麻醉自己裡。 痛苦 麻醉自己 回饋 團隊 回饋,2026-06-04T10:25:52.059328+00:00,2026-06-04T10:25:52.059328+00:00,[],dialogue,,
tp_suf_037,suffering,SUF_003,社群曝光中的麻醉自己盲點,在社群曝光中，把麻醉自己黏在痛苦上，讓傷口變得更難流動，讓支持變成壓力。,若失去麻醉自己，別人就不會理解我的痛。,承認痛苦不等於繼續住在麻醉自己裡。,當你放下麻醉自己時，痛苦想教你的會是什麼？,"[""痛苦"", ""麻醉自己"", ""社群""]","[""社群"", ""自我價值""]",TruthOS seed dataset,suffering 痛苦 SUF_003 麻醉自己 社群曝光中的麻醉自己盲點 在社群曝光中，把麻醉自己黏在痛苦上，讓傷口變得更難流動，讓支持變成壓力。 若失去麻醉自己，別人就不會理解我的痛。 承認痛苦不等於繼續住在麻醉自己裡。 痛苦 麻醉自己 社群 社群 自我價值,2026-06-04T10:25:52.059328+00:00,2026-06-04T10:25:52.059328+00:00,[],dialogue,,
tp_suf_038,suffering,SUF_003,家庭對話中的麻醉自己盲點,在家庭對話中，把麻醉自己黏在痛苦上，讓傷口變得更難流動，讓改變停在表面。,若失去麻醉自己，別人就不會理解我的痛。,承認痛苦不等於繼續住在麻醉自己裡。,當你放下麻醉自己時，痛苦想教你的會是什麼？,"[""痛苦"", ""麻醉自己"", ""家庭""]","[""家庭"", ""親子""]",TruthOS seed dataset,suffering 痛苦 SUF_003 麻醉自己 家庭對話中的麻醉自己盲點 在家庭對話中，把麻醉自己黏在痛苦上，讓傷口變得更難流動，讓改變停在表面。 若失去麻醉自己，別人就不會理解我的痛。 承認痛苦不等於繼續住在麻醉自己裡。 痛苦 麻醉自己 家庭 家庭 親子,2026-06-04T10:25:52.059328+00:00,2026-06-04T10:25:52.059328+00:00,[],dialogue,,
tp_suf_039,suffering,SUF_003,伴侶衝突中的麻醉自己盲點,在伴侶衝突中，把麻醉自己黏在痛苦上，讓傷口變得更難流動，讓資源交換變得扭曲。,若失去麻醉自己，別人就不會理解我的痛。,承認痛苦不等於繼續住在麻醉自己裡。,當你放下麻醉自己時，痛苦想教你的會是什麼？,"[""痛苦"", ""麻醉自己"", ""伴侶""]","[""伴侶"", ""界線""]",TruthOS seed dataset,suffering 痛苦 SUF_003 麻醉自己 伴侶衝突中的麻醉自己盲點 在伴侶衝突中，把麻醉自己黏在痛苦上，讓傷口變得更難流動，讓資源交換變得扭曲。 若失去麻醉自己，別人就不會理解我的痛。 承認痛苦不等於繼續住在麻醉自己裡。 痛苦 麻醉自己 伴侶 伴侶 界線,2026-06-04T10:25:52.059328+00:00,2026-06-04T10:25:52.059328+00:00,[],dialogue,,
tp_suf_040,suffering,SUF_004,領導決策中的比較傷口盲點,在領導決策中，把比較傷口黏在痛苦上，讓傷口變得更難流動，讓對話逐漸失衡。,若失去比較傷口，別人就不會理解我的痛。,承認痛苦不等於繼續住在比較傷口裡。,當你放下比較傷口時，痛苦想教你的會是什麼？,"[""痛苦"", ""比較傷口"", ""領導""]","[""領導"", ""決策""]",TruthOS seed dataset,suffering 痛苦 SUF_004 比較傷口 領導決策中的比較傷口盲點 在領導決策中，把比較傷口黏在痛苦上，讓傷口變得更難流動，讓對話逐漸失衡。 若失去比較傷口，別人就不會理解我的痛。 承認痛苦不等於繼續住在比較傷口裡。 痛苦 比較傷口 領導 領導 決策,2026-06-04T10:25:52.059328+00:00,2026-06-04T10:25:52.059328+00:00,[],dialogue,,
tp_suf_041,suffering,SUF_004,朋友互動中的比較傷口盲點,在朋友互動中，把比較傷口黏在痛苦上，讓傷口變得更難流動，讓界線變得模糊。,若失去比較傷口，別人就不會理解我的痛。,承認痛苦不等於繼續住在比較傷口裡。,當你放下比較傷口時，痛苦想教你的會是什麼？,"[""痛苦"", ""比較傷口"", ""友誼""]","[""友誼"", ""界線""]",TruthOS seed dataset,suffering 痛苦 SUF_004 比較傷口 朋友互動中的比較傷口盲點 在朋友互動中，把比較傷口黏在痛苦上，讓傷口變得更難流動，讓界線變得模糊。 若失去比較傷口，別人就不會理解我的痛。 承認痛苦不等於繼續住在比較傷口裡。 痛苦 比較傷口 友誼 友誼 界線,2026-06-04T10:25:52.059328+00:00,2026-06-04T10:25:52.059328+00:00,[],dialogue,,
tp_suf_042,suffering,SUF_004,金錢選擇中的比較傷口盲點,在金錢選擇中，把比較傷口黏在痛苦上，讓傷口變得更難流動，讓責任位置變得混亂。,若失去比較傷口，別人就不會理解我的痛。,承認痛苦不等於繼續住在比較傷口裡。,當你放下比較傷口時，痛苦想教你的會是什麼？,"[""痛苦"", ""比較傷口"", ""金錢""]","[""金錢"", ""價值""]",TruthOS seed dataset,suffering 痛苦 SUF_004 比較傷口 金錢選擇中的比較傷口盲點 在金錢選擇中，把比較傷口黏在痛苦上，讓傷口變得更難流動，讓責任位置變得混亂。 若失去比較傷口，別人就不會理解我的痛。 承認痛苦不等於繼續住在比較傷口裡。 痛苦 比較傷口 金錢 金錢 價值,2026-06-04T10:25:52.059328+00:00,2026-06-04T10:25:52.059328+00:00,[],dialogue,,
tp_suf_043,suffering,SUF_004,健康壓力中的比較傷口盲點,在健康壓力中，把比較傷口黏在痛苦上，讓傷口變得更難流動，使真正的需求被遮住。,若失去比較傷口，別人就不會理解我的痛。,承認痛苦不等於繼續住在比較傷口裡。,當你放下比較傷口時，痛苦想教你的會是什麼？,"[""痛苦"", ""比較傷口"", ""健康""]","[""健康"", ""壓力""]",TruthOS seed dataset,suffering 痛苦 SUF_004 比較傷口 健康壓力中的比較傷口盲點 在健康壓力中，把比較傷口黏在痛苦上，讓傷口變得更難流動，使真正的需求被遮住。 若失去比較傷口，別人就不會理解我的痛。 承認痛苦不等於繼續住在比較傷口裡。 痛苦 比較傷口 健康 健康 壓力,2026-06-04T10:25:52.059328+00:00,2026-06-04T10:25:52.059328+00:00,[],dialogue,,
tp_suf_044,suffering,SUF_004,創作卡關中的比較傷口盲點,在創作卡關中，把比較傷口黏在痛苦上，讓傷口變得更難流動，讓反饋失去作用。,若失去比較傷口，別人就不會理解我的痛。,承認痛苦不等於繼續住在比較傷口裡。,當你放下比較傷口時，痛苦想教你的會是什麼？,"[""痛苦"", ""比較傷口"", ""創作""]","[""創作"", ""表達""]",TruthOS seed dataset,suffering 痛苦 SUF_004 比較傷口 創作卡關中的比較傷口盲點 在創作卡關中，把比較傷口黏在痛苦上，讓傷口變得更難流動，讓反饋失去作用。 若失去比較傷口，別人就不會理解我的痛。 承認痛苦不等於繼續住在比較傷口裡。 痛苦 比較傷口 創作 創作 表達,2026-06-04T10:25:52.059328+00:00,2026-06-04T10:25:52.059328+00:00,[],dialogue,,
tp_suf_045,suffering,SUF_004,靈性實踐中的比較傷口盲點,在靈性實踐中，把比較傷口黏在痛苦上，讓傷口變得更難流動，讓信任開始鬆動。,若失去比較傷口，別人就不會理解我的痛。,承認痛苦不等於繼續住在比較傷口裡。,當你放下比較傷口時，痛苦想教你的會是什麼？,"[""痛苦"", ""比較傷口"", ""靈性""]","[""靈性"", ""自我觀察""]",TruthOS seed dataset,suffering 痛苦 SUF_004 比較傷口 靈性實踐中的比較傷口盲點 在靈性實踐中，把比較傷口黏在痛苦上，讓傷口變得更難流動，讓信任開始鬆動。 若失去比較傷口，別人就不會理解我的痛。 承認痛苦不等於繼續住在比較傷口裡。 痛苦 比較傷口 靈性 靈性 自我觀察,2026-06-04T10:25:52.059328+00:00,2026-06-04T10:25:52.059328+00:00,[],dialogue,,
tp_suf_046,suffering,SUF_004,重大失落中的比較傷口盲點,在重大失落中，把比較傷口黏在痛苦上，讓傷口變得更難流動，讓決定越來越僵硬。,若失去比較傷口，別人就不會理解我的痛。,承認痛苦不等於繼續住在比較傷口裡。,當你放下比較傷口時，痛苦想教你的會是什麼？,"[""痛苦"", ""比較傷口"", ""失落""]","[""失落"", ""轉化""]",TruthOS seed dataset,suffering 痛苦 SUF_004 比較傷口 重大失落中的比較傷口盲點 在重大失落中，把比較傷口黏在痛苦上，讓傷口變得更難流動，讓決定越來越僵硬。 若失去比較傷口，別人就不會理解我的痛。 承認痛苦不等於繼續住在比較傷口裡。 痛苦 比較傷口 失落 失落 轉化,2026-06-04T10:25:52.059328+00:00,2026-06-04T10:25:52.059328+00:00,[],dialogue,,
tp_suf_047,suffering,SUF_004,教養現場中的比較傷口盲點,在教養現場中，把比較傷口黏在痛苦上，讓傷口變得更難流動，讓內在更難安定。,若失去比較傷口，別人就不會理解我的痛。,承認痛苦不等於繼續住在比較傷口裡。,當你放下比較傷口時，痛苦想教你的會是什麼？,"[""痛苦"", ""比較傷口"", ""教養""]","[""親子"", ""教養""]",TruthOS seed dataset,suffering 痛苦 SUF_004 比較傷口 教養現場中的比較傷口盲點 在教養現場中，把比較傷口黏在痛苦上，讓傷口變得更難流動，讓內在更難安定。 若失去比較傷口，別人就不會理解我的痛。 承認痛苦不等於繼續住在比較傷口裡。 痛苦 比較傷口 教養 親子 教養,2026-06-04T10:25:52.059328+00:00,2026-06-04T10:25:52.059328+00:00,[],dialogue,,
tp_suf_048,suffering,SUF_004,團隊回饋中的比較傷口盲點,在團隊回饋中，把比較傷口黏在痛苦上，讓傷口變得更難流動，使互動落入重複循環。,若失去比較傷口，別人就不會理解我的痛。,承認痛苦不等於繼續住在比較傷口裡。,當你放下比較傷口時，痛苦想教你的會是什麼？,"[""痛苦"", ""比較傷口"", ""回饋""]","[""團隊"", ""回饋""]",TruthOS seed dataset,suffering 痛苦 SUF_004 比較傷口 團隊回饋中的比較傷口盲點 在團隊回饋中，把比較傷口黏在痛苦上，讓傷口變得更難流動，使互動落入重複循環。 若失去比較傷口，別人就不會理解我的痛。 承認痛苦不等於繼續住在比較傷口裡。 痛苦 比較傷口 回饋 團隊 回饋,2026-06-04T10:25:52.059328+00:00,2026-06-04T10:25:52.059328+00:00,[],dialogue,,
tp_suf_049,suffering,SUF_004,社群曝光中的比較傷口盲點,在社群曝光中，把比較傷口黏在痛苦上，讓傷口變得更難流動，讓看見真相的空間縮小。,若失去比較傷口，別人就不會理解我的痛。,承認痛苦不等於繼續住在比較傷口裡。,當你放下比較傷口時，痛苦想教你的會是什麼？,"[""痛苦"", ""比較傷口"", ""社群""]","[""社群"", ""自我價值""]",TruthOS seed dataset,suffering 痛苦 SUF_004 比較傷口 社群曝光中的比較傷口盲點 在社群曝光中，把比較傷口黏在痛苦上，讓傷口變得更難流動，讓看見真相的空間縮小。 若失去比較傷口，別人就不會理解我的痛。 承認痛苦不等於繼續住在比較傷口裡。 痛苦 比較傷口 社群 社群 自我價值,2026-06-04T10:25:52.059328+00:00,2026-06-04T10:25:52.059328+00:00,[],dialogue,,
tp_suf_050,suffering,SUF_004,家庭對話中的比較傷口盲點,在家庭對話中，把比較傷口黏在痛苦上，讓傷口變得更難流動，讓支持變成壓力。,若失去比較傷口，別人就不會理解我的痛。,承認痛苦不等於繼續住在比較傷口裡。,當你放下比較傷口時，痛苦想教你的會是什麼？,"[""痛苦"", ""比較傷口"", ""家庭""]","[""家庭"", ""親子""]",TruthOS seed dataset,suffering 痛苦 SUF_004 比較傷口 家庭對話中的比較傷口盲點 在家庭對話中，把比較傷口黏在痛苦上，讓傷口變得更難流動，讓支持變成壓力。 若失去比較傷口，別人就不會理解我的痛。 承認痛苦不等於繼續住在比較傷口裡。 痛苦 比較傷口 家庭 家庭 親子,2026-06-04T10:25:52.059328+00:00,2026-06-04T10:25:52.059328+00:00,[],dialogue,,
tp_suf_051,suffering,SUF_004,伴侶衝突中的比較傷口盲點,在伴侶衝突中，把比較傷口黏在痛苦上，讓傷口變得更難流動，讓改變停在表面。,若失去比較傷口，別人就不會理解我的痛。,承認痛苦不等於繼續住在比較傷口裡。,當你放下比較傷口時，痛苦想教你的會是什麼？,"[""痛苦"", ""比較傷口"", ""伴侶""]","[""伴侶"", ""界線""]",TruthOS seed dataset,suffering 痛苦 SUF_004 比較傷口 伴侶衝突中的比較傷口盲點 在伴侶衝突中，把比較傷口黏在痛苦上，讓傷口變得更難流動，讓改變停在表面。 若失去比較傷口，別人就不會理解我的痛。 承認痛苦不等於繼續住在比較傷口裡。 痛苦 比較傷口 伴侶 伴侶 界線,2026-06-04T10:25:52.059328+00:00,2026-06-04T10:25:52.059328+00:00,[],dialogue,,
tp_suf_052,suffering,SUF_004,職場協作中的比較傷口盲點,在職場協作中，把比較傷口黏在痛苦上，讓傷口變得更難流動，讓資源交換變得扭曲。,若失去比較傷口，別人就不會理解我的痛。,承認痛苦不等於繼續住在比較傷口裡。,當你放下比較傷口時，痛苦想教你的會是什麼？,"[""痛苦"", ""比較傷口"", ""職場""]","[""工作"", ""團隊""]",TruthOS seed dataset,suffering 痛苦 SUF_004 比較傷口 職場協作中的比較傷口盲點 在職場協作中，把比較傷口黏在痛苦上，讓傷口變得更難流動，讓資源交換變得扭曲。 若失去比較傷口，別人就不會理解我的痛。 承認痛苦不等於繼續住在比較傷口裡。 痛苦 比較傷口 職場 工作 團隊,2026-06-04T10:25:52.059328+00:00,2026-06-04T10:25:52.059328+00:00,[],dialogue,,
tp_suf_053,suffering,SUF_005,朋友互動中的放大失落盲點,在朋友互動中，把放大失落黏在痛苦上，讓傷口變得更難流動，讓對話逐漸失衡。,若失去放大失落，別人就不會理解我的痛。,承認痛苦不等於繼續住在放大失落裡。,當你放下放大失落時，痛苦想教你的會是什麼？,"[""痛苦"", ""放大失落"", ""友誼""]","[""友誼"", ""界線""]",TruthOS seed dataset,suffering 痛苦 SUF_005 放大失落 朋友互動中的放大失落盲點 在朋友互動中，把放大失落黏在痛苦上，讓傷口變得更難流動，讓對話逐漸失衡。 若失去放大失落，別人就不會理解我的痛。 承認痛苦不等於繼續住在放大失落裡。 痛苦 放大失落 友誼 友誼 界線,2026-06-04T10:25:52.059328+00:00,2026-06-04T10:25:52.059328+00:00,[],dialogue,,
tp_suf_054,suffering,SUF_005,金錢選擇中的放大失落盲點,在金錢選擇中，把放大失落黏在痛苦上，讓傷口變得更難流動，讓界線變得模糊。,若失去放大失落，別人就不會理解我的痛。,承認痛苦不等於繼續住在放大失落裡。,當你放下放大失落時，痛苦想教你的會是什麼？,"[""痛苦"", ""放大失落"", ""金錢""]","[""金錢"", ""價值""]",TruthOS seed dataset,suffering 痛苦 SUF_005 放大失落 金錢選擇中的放大失落盲點 在金錢選擇中，把放大失落黏在痛苦上，讓傷口變得更難流動，讓界線變得模糊。 若失去放大失落，別人就不會理解我的痛。 承認痛苦不等於繼續住在放大失落裡。 痛苦 放大失落 金錢 金錢 價值,2026-06-04T10:25:52.059328+00:00,2026-06-04T10:25:52.059328+00:00,[],dialogue,,
tp_suf_055,suffering,SUF_005,健康壓力中的放大失落盲點,在健康壓力中，把放大失落黏在痛苦上，讓傷口變得更難流動，讓責任位置變得混亂。,若失去放大失落，別人就不會理解我的痛。,承認痛苦不等於繼續住在放大失落裡。,當你放下放大失落時，痛苦想教你的會是什麼？,"[""痛苦"", ""放大失落"", ""健康""]","[""健康"", ""壓力""]",TruthOS seed dataset,suffering 痛苦 SUF_005 放大失落 健康壓力中的放大失落盲點 在健康壓力中，把放大失落黏在痛苦上，讓傷口變得更難流動，讓責任位置變得混亂。 若失去放大失落，別人就不會理解我的痛。 承認痛苦不等於繼續住在放大失落裡。 痛苦 放大失落 健康 健康 壓力,2026-06-04T10:25:52.059328+00:00,2026-06-04T10:25:52.059328+00:00,[],dialogue,,
tp_suf_056,suffering,SUF_005,創作卡關中的放大失落盲點,在創作卡關中，把放大失落黏在痛苦上，讓傷口變得更難流動，使真正的需求被遮住。,若失去放大失落，別人就不會理解我的痛。,承認痛苦不等於繼續住在放大失落裡。,當你放下放大失落時，痛苦想教你的會是什麼？,"[""痛苦"", ""放大失落"", ""創作""]","[""創作"", ""表達""]",TruthOS seed dataset,suffering 痛苦 SUF_005 放大失落 創作卡關中的放大失落盲點 在創作卡關中，把放大失落黏在痛苦上，讓傷口變得更難流動，使真正的需求被遮住。 若失去放大失落，別人就不會理解我的痛。 承認痛苦不等於繼續住在放大失落裡。 痛苦 放大失落 創作 創作 表達,2026-06-04T10:25:52.059328+00:00,2026-06-04T10:25:52.059328+00:00,[],dialogue,,
tp_suf_057,suffering,SUF_005,靈性實踐中的放大失落盲點,在靈性實踐中，把放大失落黏在痛苦上，讓傷口變得更難流動，讓反饋失去作用。,若失去放大失落，別人就不會理解我的痛。,承認痛苦不等於繼續住在放大失落裡。,當你放下放大失落時，痛苦想教你的會是什麼？,"[""痛苦"", ""放大失落"", ""靈性""]","[""靈性"", ""自我觀察""]",TruthOS seed dataset,suffering 痛苦 SUF_005 放大失落 靈性實踐中的放大失落盲點 在靈性實踐中，把放大失落黏在痛苦上，讓傷口變得更難流動，讓反饋失去作用。 若失去放大失落，別人就不會理解我的痛。 承認痛苦不等於繼續住在放大失落裡。 痛苦 放大失落 靈性 靈性 自我觀察,2026-06-04T10:25:52.059328+00:00,2026-06-04T10:25:52.059328+00:00,[],dialogue,,
tp_suf_058,suffering,SUF_005,重大失落中的放大失落盲點,在重大失落中，把放大失落黏在痛苦上，讓傷口變得更難流動，讓信任開始鬆動。,若失去放大失落，別人就不會理解我的痛。,承認痛苦不等於繼續住在放大失落裡。,當你放下放大失落時，痛苦想教你的會是什麼？,"[""痛苦"", ""放大失落"", ""失落""]","[""失落"", ""轉化""]",TruthOS seed dataset,suffering 痛苦 SUF_005 放大失落 重大失落中的放大失落盲點 在重大失落中，把放大失落黏在痛苦上，讓傷口變得更難流動，讓信任開始鬆動。 若失去放大失落，別人就不會理解我的痛。 承認痛苦不等於繼續住在放大失落裡。 痛苦 放大失落 失落 失落 轉化,2026-06-04T10:25:52.059328+00:00,2026-06-04T10:25:52.059328+00:00,[],dialogue,,
tp_suf_059,suffering,SUF_005,教養現場中的放大失落盲點,在教養現場中，把放大失落黏在痛苦上，讓傷口變得更難流動，讓決定越來越僵硬。,若失去放大失落，別人就不會理解我的痛。,承認痛苦不等於繼續住在放大失落裡。,當你放下放大失落時，痛苦想教你的會是什麼？,"[""痛苦"", ""放大失落"", ""教養""]","[""親子"", ""教養""]",TruthOS seed dataset,suffering 痛苦 SUF_005 放大失落 教養現場中的放大失落盲點 在教養現場中，把放大失落黏在痛苦上，讓傷口變得更難流動，讓決定越來越僵硬。 若失去放大失落，別人就不會理解我的痛。 承認痛苦不等於繼續住在放大失落裡。 痛苦 放大失落 教養 親子 教養,2026-06-04T10:25:52.059328+00:00,2026-06-04T10:25:52.059328+00:00,[],dialogue,,
tp_suf_060,suffering,SUF_005,團隊回饋中的放大失落盲點,在團隊回饋中，把放大失落黏在痛苦上，讓傷口變得更難流動，讓內在更難安定。,若失去放大失落，別人就不會理解我的痛。,承認痛苦不等於繼續住在放大失落裡。,當你放下放大失落時，痛苦想教你的會是什麼？,"[""痛苦"", ""放大失落"", ""回饋""]","[""團隊"", ""回饋""]",TruthOS seed dataset,suffering 痛苦 SUF_005 放大失落 團隊回饋中的放大失落盲點 在團隊回饋中，把放大失落黏在痛苦上，讓傷口變得更難流動，讓內在更難安定。 若失去放大失落，別人就不會理解我的痛。 承認痛苦不等於繼續住在放大失落裡。 痛苦 放大失落 回饋 團隊 回饋,2026-06-04T10:25:52.059328+00:00,2026-06-04T10:25:52.059328+00:00,[],dialogue,,
tp_suf_061,suffering,SUF_005,社群曝光中的放大失落盲點,在社群曝光中，把放大失落黏在痛苦上，讓傷口變得更難流動，使互動落入重複循環。,若失去放大失落，別人就不會理解我的痛。,承認痛苦不等於繼續住在放大失落裡。,當你放下放大失落時，痛苦想教你的會是什麼？,"[""痛苦"", ""放大失落"", ""社群""]","[""社群"", ""自我價值""]",TruthOS seed dataset,suffering 痛苦 SUF_005 放大失落 社群曝光中的放大失落盲點 在社群曝光中，把放大失落黏在痛苦上，讓傷口變得更難流動，使互動落入重複循環。 若失去放大失落，別人就不會理解我的痛。 承認痛苦不等於繼續住在放大失落裡。 痛苦 放大失落 社群 社群 自我價值,2026-06-04T10:25:52.059328+00:00,2026-06-04T10:25:52.059328+00:00,[],dialogue,,
tp_suf_062,suffering,SUF_005,家庭對話中的放大失落盲點,在家庭對話中，把放大失落黏在痛苦上，讓傷口變得更難流動，讓看見真相的空間縮小。,若失去放大失落，別人就不會理解我的痛。,承認痛苦不等於繼續住在放大失落裡。,當你放下放大失落時，痛苦想教你的會是什麼？,"[""痛苦"", ""放大失落"", ""家庭""]","[""家庭"", ""親子""]",TruthOS seed dataset,suffering 痛苦 SUF_005 放大失落 家庭對話中的放大失落盲點 在家庭對話中，把放大失落黏在痛苦上，讓傷口變得更難流動，讓看見真相的空間縮小。 若失去放大失落，別人就不會理解我的痛。 承認痛苦不等於繼續住在放大失落裡。 痛苦 放大失落 家庭 家庭 親子,2026-06-04T10:25:52.059328+00:00,2026-06-04T10:25:52.059328+00:00,[],dialogue,,
tp_suf_063,suffering,SUF_005,伴侶衝突中的放大失落盲點,在伴侶衝突中，把放大失落黏在痛苦上，讓傷口變得更難流動，讓支持變成壓力。,若失去放大失落，別人就不會理解我的痛。,承認痛苦不等於繼續住在放大失落裡。,當你放下放大失落時，痛苦想教你的會是什麼？,"[""痛苦"", ""放大失落"", ""伴侶""]","[""伴侶"", ""界線""]",TruthOS seed dataset,suffering 痛苦 SUF_005 放大失落 伴侶衝突中的放大失落盲點 在伴侶衝突中，把放大失落黏在痛苦上，讓傷口變得更難流動，讓支持變成壓力。 若失去放大失落，別人就不會理解我的痛。 承認痛苦不等於繼續住在放大失落裡。 痛苦 放大失落 伴侶 伴侶 界線,2026-06-04T10:25:52.059328+00:00,2026-06-04T10:25:52.059328+00:00,[],dialogue,,
tp_suf_064,suffering,SUF_005,職場協作中的放大失落盲點,在職場協作中，把放大失落黏在痛苦上，讓傷口變得更難流動，讓改變停在表面。,若失去放大失落，別人就不會理解我的痛。,承認痛苦不等於繼續住在放大失落裡。,當你放下放大失落時，痛苦想教你的會是什麼？,"[""痛苦"", ""放大失落"", ""職場""]","[""工作"", ""團隊""]",TruthOS seed dataset,suffering 痛苦 SUF_005 放大失落 職場協作中的放大失落盲點 在職場協作中，把放大失落黏在痛苦上，讓傷口變得更難流動，讓改變停在表面。 若失去放大失落，別人就不會理解我的痛。 承認痛苦不等於繼續住在放大失落裡。 痛苦 放大失落 職場 工作 團隊,2026-06-04T10:25:52.059328+00:00,2026-06-04T10:25:52.059328+00:00,[],dialogue,,
tp_suf_065,suffering,SUF_006,金錢選擇中的反覆咀嚼盲點,在金錢選擇中，把反覆咀嚼黏在痛苦上，讓傷口變得更難流動，讓資源交換變得扭曲。,若失去反覆咀嚼，別人就不會理解我的痛。,承認痛苦不等於繼續住在反覆咀嚼裡。,當你放下反覆咀嚼時，痛苦想教你的會是什麼？,"[""痛苦"", ""反覆咀嚼"", ""金錢""]","[""金錢"", ""價值""]",TruthOS seed dataset,suffering 痛苦 SUF_006 反覆咀嚼 金錢選擇中的反覆咀嚼盲點 在金錢選擇中，把反覆咀嚼黏在痛苦上，讓傷口變得更難流動，讓資源交換變得扭曲。 若失去反覆咀嚼，別人就不會理解我的痛。 承認痛苦不等於繼續住在反覆咀嚼裡。 痛苦 反覆咀嚼 金錢 金錢 價值,2026-06-04T10:25:52.059328+00:00,2026-06-04T10:25:52.059328+00:00,[],dialogue,,
tp_suf_066,suffering,SUF_006,健康壓力中的反覆咀嚼盲點,在健康壓力中，把反覆咀嚼黏在痛苦上，讓傷口變得更難流動，讓對話逐漸失衡。,若失去反覆咀嚼，別人就不會理解我的痛。,承認痛苦不等於繼續住在反覆咀嚼裡。,當你放下反覆咀嚼時，痛苦想教你的會是什麼？,"[""痛苦"", ""反覆咀嚼"", ""健康""]","[""健康"", ""壓力""]",TruthOS seed dataset,suffering 痛苦 SUF_006 反覆咀嚼 健康壓力中的反覆咀嚼盲點 在健康壓力中，把反覆咀嚼黏在痛苦上，讓傷口變得更難流動，讓對話逐漸失衡。 若失去反覆咀嚼，別人就不會理解我的痛。 承認痛苦不等於繼續住在反覆咀嚼裡。 痛苦 反覆咀嚼 健康 健康 壓力,2026-06-04T10:25:52.059328+00:00,2026-06-04T10:25:52.059328+00:00,[],dialogue,,
tp_suf_067,suffering,SUF_006,創作卡關中的反覆咀嚼盲點,在創作卡關中，把反覆咀嚼黏在痛苦上，讓傷口變得更難流動，讓界線變得模糊。,若失去反覆咀嚼，別人就不會理解我的痛。,承認痛苦不等於繼續住在反覆咀嚼裡。,當你放下反覆咀嚼時，痛苦想教你的會是什麼？,"[""痛苦"", ""反覆咀嚼"", ""創作""]","[""創作"", ""表達""]",TruthOS seed dataset,suffering 痛苦 SUF_006 反覆咀嚼 創作卡關中的反覆咀嚼盲點 在創作卡關中，把反覆咀嚼黏在痛苦上，讓傷口變得更難流動，讓界線變得模糊。 若失去反覆咀嚼，別人就不會理解我的痛。 承認痛苦不等於繼續住在反覆咀嚼裡。 痛苦 反覆咀嚼 創作 創作 表達,2026-06-04T10:25:52.059328+00:00,2026-06-04T10:25:52.059328+00:00,[],dialogue,,
tp_suf_068,suffering,SUF_006,靈性實踐中的反覆咀嚼盲點,在靈性實踐中，把反覆咀嚼黏在痛苦上，讓傷口變得更難流動，讓責任位置變得混亂。,若失去反覆咀嚼，別人就不會理解我的痛。,承認痛苦不等於繼續住在反覆咀嚼裡。,當你放下反覆咀嚼時，痛苦想教你的會是什麼？,"[""痛苦"", ""反覆咀嚼"", ""靈性""]","[""靈性"", ""自我觀察""]",TruthOS seed dataset,suffering 痛苦 SUF_006 反覆咀嚼 靈性實踐中的反覆咀嚼盲點 在靈性實踐中，把反覆咀嚼黏在痛苦上，讓傷口變得更難流動，讓責任位置變得混亂。 若失去反覆咀嚼，別人就不會理解我的痛。 承認痛苦不等於繼續住在反覆咀嚼裡。 痛苦 反覆咀嚼 靈性 靈性 自我觀察,2026-06-04T10:25:52.059328+00:00,2026-06-04T10:25:52.059328+00:00,[],dialogue,,
tp_suf_069,suffering,SUF_006,重大失落中的反覆咀嚼盲點,在重大失落中，把反覆咀嚼黏在痛苦上，讓傷口變得更難流動，使真正的需求被遮住。,若失去反覆咀嚼，別人就不會理解我的痛。,承認痛苦不等於繼續住在反覆咀嚼裡。,當你放下反覆咀嚼時，痛苦想教你的會是什麼？,"[""痛苦"", ""反覆咀嚼"", ""失落""]","[""失落"", ""轉化""]",TruthOS seed dataset,suffering 痛苦 SUF_006 反覆咀嚼 重大失落中的反覆咀嚼盲點 在重大失落中，把反覆咀嚼黏在痛苦上，讓傷口變得更難流動，使真正的需求被遮住。 若失去反覆咀嚼，別人就不會理解我的痛。 承認痛苦不等於繼續住在反覆咀嚼裡。 痛苦 反覆咀嚼 失落 失落 轉化,2026-06-04T10:25:52.059328+00:00,2026-06-04T10:25:52.059328+00:00,[],dialogue,,
tp_suf_070,suffering,SUF_006,教養現場中的反覆咀嚼盲點,在教養現場中，把反覆咀嚼黏在痛苦上，讓傷口變得更難流動，讓反饋失去作用。,若失去反覆咀嚼，別人就不會理解我的痛。,承認痛苦不等於繼續住在反覆咀嚼裡。,當你放下反覆咀嚼時，痛苦想教你的會是什麼？,"[""痛苦"", ""反覆咀嚼"", ""教養""]","[""親子"", ""教養""]",TruthOS seed dataset,suffering 痛苦 SUF_006 反覆咀嚼 教養現場中的反覆咀嚼盲點 在教養現場中，把反覆咀嚼黏在痛苦上，讓傷口變得更難流動，讓反饋失去作用。 若失去反覆咀嚼，別人就不會理解我的痛。 承認痛苦不等於繼續住在反覆咀嚼裡。 痛苦 反覆咀嚼 教養 親子 教養,2026-06-04T10:25:52.059328+00:00,2026-06-04T10:25:52.059328+00:00,[],dialogue,,
tp_suf_071,suffering,SUF_006,團隊回饋中的反覆咀嚼盲點,在團隊回饋中，把反覆咀嚼黏在痛苦上，讓傷口變得更難流動，讓信任開始鬆動。,若失去反覆咀嚼，別人就不會理解我的痛。,承認痛苦不等於繼續住在反覆咀嚼裡。,當你放下反覆咀嚼時，痛苦想教你的會是什麼？,"[""痛苦"", ""反覆咀嚼"", ""回饋""]","[""團隊"", ""回饋""]",TruthOS seed dataset,suffering 痛苦 SUF_006 反覆咀嚼 團隊回饋中的反覆咀嚼盲點 在團隊回饋中，把反覆咀嚼黏在痛苦上，讓傷口變得更難流動，讓信任開始鬆動。 若失去反覆咀嚼，別人就不會理解我的痛。 承認痛苦不等於繼續住在反覆咀嚼裡。 痛苦 反覆咀嚼 回饋 團隊 回饋,2026-06-04T10:25:52.059328+00:00,2026-06-04T10:25:52.059328+00:00,[],dialogue,,
tp_suf_072,suffering,SUF_006,社群曝光中的反覆咀嚼盲點,在社群曝光中，把反覆咀嚼黏在痛苦上，讓傷口變得更難流動，讓決定越來越僵硬。,若失去反覆咀嚼，別人就不會理解我的痛。,承認痛苦不等於繼續住在反覆咀嚼裡。,當你放下反覆咀嚼時，痛苦想教你的會是什麼？,"[""痛苦"", ""反覆咀嚼"", ""社群""]","[""社群"", ""自我價值""]",TruthOS seed dataset,suffering 痛苦 SUF_006 反覆咀嚼 社群曝光中的反覆咀嚼盲點 在社群曝光中，把反覆咀嚼黏在痛苦上，讓傷口變得更難流動，讓決定越來越僵硬。 若失去反覆咀嚼，別人就不會理解我的痛。 承認痛苦不等於繼續住在反覆咀嚼裡。 痛苦 反覆咀嚼 社群 社群 自我價值,2026-06-04T10:25:52.059328+00:00,2026-06-04T10:25:52.059328+00:00,[],dialogue,,
tp_suf_073,suffering,SUF_006,家庭對話中的反覆咀嚼盲點,在家庭對話中，把反覆咀嚼黏在痛苦上，讓傷口變得更難流動，讓內在更難安定。,若失去反覆咀嚼，別人就不會理解我的痛。,承認痛苦不等於繼續住在反覆咀嚼裡。,當你放下反覆咀嚼時，痛苦想教你的會是什麼？,"[""痛苦"", ""反覆咀嚼"", ""家庭""]","[""家庭"", ""親子""]",TruthOS seed dataset,suffering 痛苦 SUF_006 反覆咀嚼 家庭對話中的反覆咀嚼盲點 在家庭對話中，把反覆咀嚼黏在痛苦上，讓傷口變得更難流動，讓內在更難安定。 若失去反覆咀嚼，別人就不會理解我的痛。 承認痛苦不等於繼續住在反覆咀嚼裡。 痛苦 反覆咀嚼 家庭 家庭 親子,2026-06-04T10:25:52.059328+00:00,2026-06-04T10:25:52.059328+00:00,[],dialogue,,
tp_suf_074,suffering,SUF_006,伴侶衝突中的反覆咀嚼盲點,在伴侶衝突中，把反覆咀嚼黏在痛苦上，讓傷口變得更難流動，使互動落入重複循環。,若失去反覆咀嚼，別人就不會理解我的痛。,承認痛苦不等於繼續住在反覆咀嚼裡。,當你放下反覆咀嚼時，痛苦想教你的會是什麼？,"[""痛苦"", ""反覆咀嚼"", ""伴侶""]","[""伴侶"", ""界線""]",TruthOS seed dataset,suffering 痛苦 SUF_006 反覆咀嚼 伴侶衝突中的反覆咀嚼盲點 在伴侶衝突中，把反覆咀嚼黏在痛苦上，讓傷口變得更難流動，使互動落入重複循環。 若失去反覆咀嚼，別人就不會理解我的痛。 承認痛苦不等於繼續住在反覆咀嚼裡。 痛苦 反覆咀嚼 伴侶 伴侶 界線,2026-06-04T10:25:52.059328+00:00,2026-06-04T10:25:52.059328+00:00,[],dialogue,,
tp_suf_075,suffering,SUF_006,職場協作中的反覆咀嚼盲點,在職場協作中，把反覆咀嚼黏在痛苦上，讓傷口變得更難流動，讓看見真相的空間縮小。,若失去反覆咀嚼，別人就不會理解我的痛。,承認痛苦不等於繼續住在反覆咀嚼裡。,當你放下反覆咀嚼時，痛苦想教你的會是什麼？,"[""痛苦"", ""反覆咀嚼"", ""職場""]","[""工作"", ""團隊""]",TruthOS seed dataset,suffering 痛苦 SUF_006 反覆咀嚼 職場協作中的反覆咀嚼盲點 在職場協作中，把反覆咀嚼黏在痛苦上，讓傷口變得更難流動，讓看見真相的空間縮小。 若失去反覆咀嚼，別人就不會理解我的痛。 承認痛苦不等於繼續住在反覆咀嚼裡。 痛苦 反覆咀嚼 職場 工作 團隊,2026-06-04T10:25:52.059328+00:00,2026-06-04T10:25:52.059328+00:00,[],dialogue,,
tp_suf_076,suffering,SUF_006,領導決策中的反覆咀嚼盲點,在領導決策中，把反覆咀嚼黏在痛苦上，讓傷口變得更難流動，讓支持變成壓力。,若失去反覆咀嚼，別人就不會理解我的痛。,承認痛苦不等於繼續住在反覆咀嚼裡。,當你放下反覆咀嚼時，痛苦想教你的會是什麼？,"[""痛苦"", ""反覆咀嚼"", ""領導""]","[""領導"", ""決策""]",TruthOS seed dataset,suffering 痛苦 SUF_006 反覆咀嚼 領導決策中的反覆咀嚼盲點 在領導決策中，把反覆咀嚼黏在痛苦上，讓傷口變得更難流動，讓支持變成壓力。 若失去反覆咀嚼，別人就不會理解我的痛。 承認痛苦不等於繼續住在反覆咀嚼裡。 痛苦 反覆咀嚼 領導 領導 決策,2026-06-04T10:25:52.059328+00:00,2026-06-04T10:25:52.059328+00:00,[],dialogue,,
tp_suf_077,suffering,SUF_007,健康壓力中的用痛換關注盲點,在健康壓力中，把用痛換關注黏在痛苦上，讓傷口變得更難流動，讓改變停在表面。,若失去用痛換關注，別人就不會理解我的痛。,承認痛苦不等於繼續住在用痛換關注裡。,當你放下用痛換關注時，痛苦想教你的會是什麼？,"[""痛苦"", ""用痛換關注"", ""健康""]","[""健康"", ""壓力""]",TruthOS seed dataset,suffering 痛苦 SUF_007 用痛換關注 健康壓力中的用痛換關注盲點 在健康壓力中，把用痛換關注黏在痛苦上，讓傷口變得更難流動，讓改變停在表面。 若失去用痛換關注，別人就不會理解我的痛。 承認痛苦不等於繼續住在用痛換關注裡。 痛苦 用痛換關注 健康 健康 壓力,2026-06-04T10:25:52.059328+00:00,2026-06-04T10:25:52.059328+00:00,[],dialogue,,
tp_suf_078,suffering,SUF_007,創作卡關中的用痛換關注盲點,在創作卡關中，把用痛換關注黏在痛苦上，讓傷口變得更難流動，讓資源交換變得扭曲。,若失去用痛換關注，別人就不會理解我的痛。,承認痛苦不等於繼續住在用痛換關注裡。,當你放下用痛換關注時，痛苦想教你的會是什麼？,"[""痛苦"", ""用痛換關注"", ""創作""]","[""創作"", ""表達""]",TruthOS seed dataset,suffering 痛苦 SUF_007 用痛換關注 創作卡關中的用痛換關注盲點 在創作卡關中，把用痛換關注黏在痛苦上，讓傷口變得更難流動，讓資源交換變得扭曲。 若失去用痛換關注，別人就不會理解我的痛。 承認痛苦不等於繼續住在用痛換關注裡。 痛苦 用痛換關注 創作 創作 表達,2026-06-04T10:25:52.059328+00:00,2026-06-04T10:25:52.059328+00:00,[],dialogue,,
tp_suf_079,suffering,SUF_007,靈性實踐中的用痛換關注盲點,在靈性實踐中，把用痛換關注黏在痛苦上，讓傷口變得更難流動，讓對話逐漸失衡。,若失去用痛換關注，別人就不會理解我的痛。,承認痛苦不等於繼續住在用痛換關注裡。,當你放下用痛換關注時，痛苦想教你的會是什麼？,"[""痛苦"", ""用痛換關注"", ""靈性""]","[""靈性"", ""自我觀察""]",TruthOS seed dataset,suffering 痛苦 SUF_007 用痛換關注 靈性實踐中的用痛換關注盲點 在靈性實踐中，把用痛換關注黏在痛苦上，讓傷口變得更難流動，讓對話逐漸失衡。 若失去用痛換關注，別人就不會理解我的痛。 承認痛苦不等於繼續住在用痛換關注裡。 痛苦 用痛換關注 靈性 靈性 自我觀察,2026-06-04T10:25:52.059328+00:00,2026-06-04T10:25:52.059328+00:00,[],dialogue,,
tp_suf_080,suffering,SUF_007,重大失落中的用痛換關注盲點,在重大失落中，把用痛換關注黏在痛苦上，讓傷口變得更難流動，讓界線變得模糊。,若失去用痛換關注，別人就不會理解我的痛。,承認痛苦不等於繼續住在用痛換關注裡。,當你放下用痛換關注時，痛苦想教你的會是什麼？,"[""痛苦"", ""用痛換關注"", ""失落""]","[""失落"", ""轉化""]",TruthOS seed dataset,suffering 痛苦 SUF_007 用痛換關注 重大失落中的用痛換關注盲點 在重大失落中，把用痛換關注黏在痛苦上，讓傷口變得更難流動，讓界線變得模糊。 若失去用痛換關注，別人就不會理解我的痛。 承認痛苦不等於繼續住在用痛換關注裡。 痛苦 用痛換關注 失落 失落 轉化,2026-06-04T10:25:52.059328+00:00,2026-06-04T10:25:52.059328+00:00,[],dialogue,,
tp_suf_081,suffering,SUF_007,教養現場中的用痛換關注盲點,在教養現場中，把用痛換關注黏在痛苦上，讓傷口變得更難流動，讓責任位置變得混亂。,若失去用痛換關注，別人就不會理解我的痛。,承認痛苦不等於繼續住在用痛換關注裡。,當你放下用痛換關注時，痛苦想教你的會是什麼？,"[""痛苦"", ""用痛換關注"", ""教養""]","[""親子"", ""教養""]",TruthOS seed dataset,suffering 痛苦 SUF_007 用痛換關注 教養現場中的用痛換關注盲點 在教養現場中，把用痛換關注黏在痛苦上，讓傷口變得更難流動，讓責任位置變得混亂。 若失去用痛換關注，別人就不會理解我的痛。 承認痛苦不等於繼續住在用痛換關注裡。 痛苦 用痛換關注 教養 親子 教養,2026-06-04T10:25:52.059328+00:00,2026-06-04T10:25:52.059328+00:00,[],dialogue,,
tp_suf_082,suffering,SUF_007,團隊回饋中的用痛換關注盲點,在團隊回饋中，把用痛換關注黏在痛苦上，讓傷口變得更難流動，使真正的需求被遮住。,若失去用痛換關注，別人就不會理解我的痛。,承認痛苦不等於繼續住在用痛換關注裡。,當你放下用痛換關注時，痛苦想教你的會是什麼？,"[""痛苦"", ""用痛換關注"", ""回饋""]","[""團隊"", ""回饋""]",TruthOS seed dataset,suffering 痛苦 SUF_007 用痛換關注 團隊回饋中的用痛換關注盲點 在團隊回饋中，把用痛換關注黏在痛苦上，讓傷口變得更難流動，使真正的需求被遮住。 若失去用痛換關注，別人就不會理解我的痛。 承認痛苦不等於繼續住在用痛換關注裡。 痛苦 用痛換關注 回饋 團隊 回饋,2026-06-04T10:25:52.059328+00:00,2026-06-04T10:25:52.059328+00:00,[],dialogue,,
tp_suf_083,suffering,SUF_007,社群曝光中的用痛換關注盲點,在社群曝光中，把用痛換關注黏在痛苦上，讓傷口變得更難流動，讓反饋失去作用。,若失去用痛換關注，別人就不會理解我的痛。,承認痛苦不等於繼續住在用痛換關注裡。,當你放下用痛換關注時，痛苦想教你的會是什麼？,"[""痛苦"", ""用痛換關注"", ""社群""]","[""社群"", ""自我價值""]",TruthOS seed dataset,suffering 痛苦 SUF_007 用痛換關注 社群曝光中的用痛換關注盲點 在社群曝光中，把用痛換關注黏在痛苦上，讓傷口變得更難流動，讓反饋失去作用。 若失去用痛換關注，別人就不會理解我的痛。 承認痛苦不等於繼續住在用痛換關注裡。 痛苦 用痛換關注 社群 社群 自我價值,2026-06-04T10:25:52.059328+00:00,2026-06-04T10:25:52.059328+00:00,[],dialogue,,
tp_suf_084,suffering,SUF_007,家庭對話中的用痛換關注盲點,在家庭對話中，把用痛換關注黏在痛苦上，讓傷口變得更難流動，讓信任開始鬆動。,若失去用痛換關注，別人就不會理解我的痛。,承認痛苦不等於繼續住在用痛換關注裡。,當你放下用痛換關注時，痛苦想教你的會是什麼？,"[""痛苦"", ""用痛換關注"", ""家庭""]","[""家庭"", ""親子""]",TruthOS seed dataset,suffering 痛苦 SUF_007 用痛換關注 家庭對話中的用痛換關注盲點 在家庭對話中，把用痛換關注黏在痛苦上，讓傷口變得更難流動，讓信任開始鬆動。 若失去用痛換關注，別人就不會理解我的痛。 承認痛苦不等於繼續住在用痛換關注裡。 痛苦 用痛換關注 家庭 家庭 親子,2026-06-04T10:25:52.059328+00:00,2026-06-04T10:25:52.059328+00:00,[],dialogue,,
tp_suf_085,suffering,SUF_007,伴侶衝突中的用痛換關注盲點,在伴侶衝突中，把用痛換關注黏在痛苦上，讓傷口變得更難流動，讓決定越來越僵硬。,若失去用痛換關注，別人就不會理解我的痛。,承認痛苦不等於繼續住在用痛換關注裡。,當你放下用痛換關注時，痛苦想教你的會是什麼？,"[""痛苦"", ""用痛換關注"", ""伴侶""]","[""伴侶"", ""界線""]",TruthOS seed dataset,suffering 痛苦 SUF_007 用痛換關注 伴侶衝突中的用痛換關注盲點 在伴侶衝突中，把用痛換關注黏在痛苦上，讓傷口變得更難流動，讓決定越來越僵硬。 若失去用痛換關注，別人就不會理解我的痛。 承認痛苦不等於繼續住在用痛換關注裡。 痛苦 用痛換關注 伴侶 伴侶 界線,2026-06-04T10:25:52.059328+00:00,2026-06-04T10:25:52.059328+00:00,[],dialogue,,
tp_suf_086,suffering,SUF_007,職場協作中的用痛換關注盲點,在職場協作中，把用痛換關注黏在痛苦上，讓傷口變得更難流動，讓內在更難安定。,若失去用痛換關注，別人就不會理解我的痛。,承認痛苦不等於繼續住在用痛換關注裡。,當你放下用痛換關注時，痛苦想教你的會是什麼？,"[""痛苦"", ""用痛換關注"", ""職場""]","[""工作"", ""團隊""]",TruthOS seed dataset,suffering 痛苦 SUF_007 用痛換關注 職場協作中的用痛換關注盲點 在職場協作中，把用痛換關注黏在痛苦上，讓傷口變得更難流動，讓內在更難安定。 若失去用痛換關注，別人就不會理解我的痛。 承認痛苦不等於繼續住在用痛換關注裡。 痛苦 用痛換關注 職場 工作 團隊,2026-06-04T10:25:52.059328+00:00,2026-06-04T10:25:52.059328+00:00,[],dialogue,,
tp_suf_087,suffering,SUF_007,領導決策中的用痛換關注盲點,在領導決策中，把用痛換關注黏在痛苦上，讓傷口變得更難流動，使互動落入重複循環。,若失去用痛換關注，別人就不會理解我的痛。,承認痛苦不等於繼續住在用痛換關注裡。,當你放下用痛換關注時，痛苦想教你的會是什麼？,"[""痛苦"", ""用痛換關注"", ""領導""]","[""領導"", ""決策""]",TruthOS seed dataset,suffering 痛苦 SUF_007 用痛換關注 領導決策中的用痛換關注盲點 在領導決策中，把用痛換關注黏在痛苦上，讓傷口變得更難流動，使互動落入重複循環。 若失去用痛換關注，別人就不會理解我的痛。 承認痛苦不等於繼續住在用痛換關注裡。 痛苦 用痛換關注 領導 領導 決策,2026-06-04T10:25:52.059328+00:00,2026-06-04T10:25:52.059328+00:00,[],dialogue,,
tp_suf_088,suffering,SUF_007,朋友互動中的用痛換關注盲點,在朋友互動中，把用痛換關注黏在痛苦上，讓傷口變得更難流動，讓看見真相的空間縮小。,若失去用痛換關注，別人就不會理解我的痛。,承認痛苦不等於繼續住在用痛換關注裡。,當你放下用痛換關注時，痛苦想教你的會是什麼？,"[""痛苦"", ""用痛換關注"", ""友誼""]","[""友誼"", ""界線""]",TruthOS seed dataset,suffering 痛苦 SUF_007 用痛換關注 朋友互動中的用痛換關注盲點 在朋友互動中，把用痛換關注黏在痛苦上，讓傷口變得更難流動，讓看見真相的空間縮小。 若失去用痛換關注，別人就不會理解我的痛。 承認痛苦不等於繼續住在用痛換關注裡。 痛苦 用痛換關注 友誼 友誼 界線,2026-06-04T10:25:52.059328+00:00,2026-06-04T10:25:52.059328+00:00,[],dialogue,,
tp_suf_089,suffering,SUF_008,創作卡關中的拒絕求助盲點,在創作卡關中，把拒絕求助黏在痛苦上，讓傷口變得更難流動，讓支持變成壓力。,若失去拒絕求助，別人就不會理解我的痛。,承認痛苦不等於繼續住在拒絕求助裡。,當你放下拒絕求助時，痛苦想教你的會是什麼？,"[""痛苦"", ""拒絕求助"", ""創作""]","[""創作"", ""表達""]",TruthOS seed dataset,suffering 痛苦 SUF_008 拒絕求助 創作卡關中的拒絕求助盲點 在創作卡關中，把拒絕求助黏在痛苦上，讓傷口變得更難流動，讓支持變成壓力。 若失去拒絕求助，別人就不會理解我的痛。 承認痛苦不等於繼續住在拒絕求助裡。 痛苦 拒絕求助 創作 創作 表達,2026-06-04T10:25:52.059328+00:00,2026-06-04T10:25:52.059328+00:00,[],dialogue,,
tp_suf_090,suffering,SUF_008,靈性實踐中的拒絕求助盲點,在靈性實踐中，把拒絕求助黏在痛苦上，讓傷口變得更難流動，讓改變停在表面。,若失去拒絕求助，別人就不會理解我的痛。,承認痛苦不等於繼續住在拒絕求助裡。,當你放下拒絕求助時，痛苦想教你的會是什麼？,"[""痛苦"", ""拒絕求助"", ""靈性""]","[""靈性"", ""自我觀察""]",TruthOS seed dataset,suffering 痛苦 SUF_008 拒絕求助 靈性實踐中的拒絕求助盲點 在靈性實踐中，把拒絕求助黏在痛苦上，讓傷口變得更難流動，讓改變停在表面。 若失去拒絕求助，別人就不會理解我的痛。 承認痛苦不等於繼續住在拒絕求助裡。 痛苦 拒絕求助 靈性 靈性 自我觀察,2026-06-04T10:25:52.059328+00:00,2026-06-04T10:25:52.059328+00:00,[],dialogue,,
tp_suf_091,suffering,SUF_008,重大失落中的拒絕求助盲點,在重大失落中，把拒絕求助黏在痛苦上，讓傷口變得更難流動，讓資源交換變得扭曲。,若失去拒絕求助，別人就不會理解我的痛。,承認痛苦不等於繼續住在拒絕求助裡。,當你放下拒絕求助時，痛苦想教你的會是什麼？,"[""痛苦"", ""拒絕求助"", ""失落""]","[""失落"", ""轉化""]",TruthOS seed dataset,suffering 痛苦 SUF_008 拒絕求助 重大失落中的拒絕求助盲點 在重大失落中，把拒絕求助黏在痛苦上，讓傷口變得更難流動，讓資源交換變得扭曲。 若失去拒絕求助，別人就不會理解我的痛。 承認痛苦不等於繼續住在拒絕求助裡。 痛苦 拒絕求助 失落 失落 轉化,2026-06-04T10:25:52.059328+00:00,2026-06-04T10:25:52.059328+00:00,[],dialogue,,
tp_suf_092,suffering,SUF_008,教養現場中的拒絕求助盲點,在教養現場中，把拒絕求助黏在痛苦上，讓傷口變得更難流動，讓對話逐漸失衡。,若失去拒絕求助，別人就不會理解我的痛。,承認痛苦不等於繼續住在拒絕求助裡。,當你放下拒絕求助時，痛苦想教你的會是什麼？,"[""痛苦"", ""拒絕求助"", ""教養""]","[""親子"", ""教養""]",TruthOS seed dataset,suffering 痛苦 SUF_008 拒絕求助 教養現場中的拒絕求助盲點 在教養現場中，把拒絕求助黏在痛苦上，讓傷口變得更難流動，讓對話逐漸失衡。 若失去拒絕求助，別人就不會理解我的痛。 承認痛苦不等於繼續住在拒絕求助裡。 痛苦 拒絕求助 教養 親子 教養,2026-06-04T10:25:52.059328+00:00,2026-06-04T10:25:52.059328+00:00,[],dialogue,,
tp_suf_093,suffering,SUF_008,團隊回饋中的拒絕求助盲點,在團隊回饋中，把拒絕求助黏在痛苦上，讓傷口變得更難流動，讓界線變得模糊。,若失去拒絕求助，別人就不會理解我的痛。,承認痛苦不等於繼續住在拒絕求助裡。,當你放下拒絕求助時，痛苦想教你的會是什麼？,"[""痛苦"", ""拒絕求助"", ""回饋""]","[""團隊"", ""回饋""]",TruthOS seed dataset,suffering 痛苦 SUF_008 拒絕求助 團隊回饋中的拒絕求助盲點 在團隊回饋中，把拒絕求助黏在痛苦上，讓傷口變得更難流動，讓界線變得模糊。 若失去拒絕求助，別人就不會理解我的痛。 承認痛苦不等於繼續住在拒絕求助裡。 痛苦 拒絕求助 回饋 團隊 回饋,2026-06-04T10:25:52.059328+00:00,2026-06-04T10:25:52.059328+00:00,[],dialogue,,
tp_suf_094,suffering,SUF_008,社群曝光中的拒絕求助盲點,在社群曝光中，把拒絕求助黏在痛苦上，讓傷口變得更難流動，讓責任位置變得混亂。,若失去拒絕求助，別人就不會理解我的痛。,承認痛苦不等於繼續住在拒絕求助裡。,當你放下拒絕求助時，痛苦想教你的會是什麼？,"[""痛苦"", ""拒絕求助"", ""社群""]","[""社群"", ""自我價值""]",TruthOS seed dataset,suffering 痛苦 SUF_008 拒絕求助 社群曝光中的拒絕求助盲點 在社群曝光中，把拒絕求助黏在痛苦上，讓傷口變得更難流動，讓責任位置變得混亂。 若失去拒絕求助，別人就不會理解我的痛。 承認痛苦不等於繼續住在拒絕求助裡。 痛苦 拒絕求助 社群 社群 自我價值,2026-06-04T10:25:52.059328+00:00,2026-06-04T10:25:52.059328+00:00,[],dialogue,,
tp_suf_095,suffering,SUF_008,家庭對話中的拒絕求助盲點,在家庭對話中，把拒絕求助黏在痛苦上，讓傷口變得更難流動，使真正的需求被遮住。,若失去拒絕求助，別人就不會理解我的痛。,承認痛苦不等於繼續住在拒絕求助裡。,當你放下拒絕求助時，痛苦想教你的會是什麼？,"[""痛苦"", ""拒絕求助"", ""家庭""]","[""家庭"", ""親子""]",TruthOS seed dataset,suffering 痛苦 SUF_008 拒絕求助 家庭對話中的拒絕求助盲點 在家庭對話中，把拒絕求助黏在痛苦上，讓傷口變得更難流動，使真正的需求被遮住。 若失去拒絕求助，別人就不會理解我的痛。 承認痛苦不等於繼續住在拒絕求助裡。 痛苦 拒絕求助 家庭 家庭 親子,2026-06-04T10:25:52.059328+00:00,2026-06-04T10:25:52.059328+00:00,[],dialogue,,
tp_suf_096,suffering,SUF_008,伴侶衝突中的拒絕求助盲點,在伴侶衝突中，把拒絕求助黏在痛苦上，讓傷口變得更難流動，讓反饋失去作用。,若失去拒絕求助，別人就不會理解我的痛。,承認痛苦不等於繼續住在拒絕求助裡。,當你放下拒絕求助時，痛苦想教你的會是什麼？,"[""痛苦"", ""拒絕求助"", ""伴侶""]","[""伴侶"", ""界線""]",TruthOS seed dataset,suffering 痛苦 SUF_008 拒絕求助 伴侶衝突中的拒絕求助盲點 在伴侶衝突中，把拒絕求助黏在痛苦上，讓傷口變得更難流動，讓反饋失去作用。 若失去拒絕求助，別人就不會理解我的痛。 承認痛苦不等於繼續住在拒絕求助裡。 痛苦 拒絕求助 伴侶 伴侶 界線,2026-06-04T10:25:52.059328+00:00,2026-06-04T10:25:52.059328+00:00,[],dialogue,,
tp_suf_097,suffering,SUF_008,職場協作中的拒絕求助盲點,在職場協作中，把拒絕求助黏在痛苦上，讓傷口變得更難流動，讓信任開始鬆動。,若失去拒絕求助，別人就不會理解我的痛。,承認痛苦不等於繼續住在拒絕求助裡。,當你放下拒絕求助時，痛苦想教你的會是什麼？,"[""痛苦"", ""拒絕求助"", ""職場""]","[""工作"", ""團隊""]",TruthOS seed dataset,suffering 痛苦 SUF_008 拒絕求助 職場協作中的拒絕求助盲點 在職場協作中，把拒絕求助黏在痛苦上，讓傷口變得更難流動，讓信任開始鬆動。 若失去拒絕求助，別人就不會理解我的痛。 承認痛苦不等於繼續住在拒絕求助裡。 痛苦 拒絕求助 職場 工作 團隊,2026-06-04T10:25:52.059328+00:00,2026-06-04T10:25:52.059328+00:00,[],dialogue,,
tp_suf_098,suffering,SUF_008,領導決策中的拒絕求助盲點,在領導決策中，把拒絕求助黏在痛苦上，讓傷口變得更難流動，讓決定越來越僵硬。,若失去拒絕求助，別人就不會理解我的痛。,承認痛苦不等於繼續住在拒絕求助裡。,當你放下拒絕求助時，痛苦想教你的會是什麼？,"[""痛苦"", ""拒絕求助"", ""領導""]","[""領導"", ""決策""]",TruthOS seed dataset,suffering 痛苦 SUF_008 拒絕求助 領導決策中的拒絕求助盲點 在領導決策中，把拒絕求助黏在痛苦上，讓傷口變得更難流動，讓決定越來越僵硬。 若失去拒絕求助，別人就不會理解我的痛。 承認痛苦不等於繼續住在拒絕求助裡。 痛苦 拒絕求助 領導 領導 決策,2026-06-04T10:25:52.059328+00:00,2026-06-04T10:25:52.059328+00:00,[],dialogue,,
tp_suf_099,suffering,SUF_008,朋友互動中的拒絕求助盲點,在朋友互動中，把拒絕求助黏在痛苦上，讓傷口變得更難流動，讓內在更難安定。,若失去拒絕求助，別人就不會理解我的痛。,承認痛苦不等於繼續住在拒絕求助裡。,當你放下拒絕求助時，痛苦想教你的會是什麼？,"[""痛苦"", ""拒絕求助"", ""友誼""]","[""友誼"", ""界線""]",TruthOS seed dataset,suffering 痛苦 SUF_008 拒絕求助 朋友互動中的拒絕求助盲點 在朋友互動中，把拒絕求助黏在痛苦上，讓傷口變得更難流動，讓內在更難安定。 若失去拒絕求助，別人就不會理解我的痛。 承認痛苦不等於繼續住在拒絕求助裡。 痛苦 拒絕求助 友誼 友誼 界線,2026-06-04T10:25:52.059328+00:00,2026-06-04T10:25:52.059328+00:00,[],dialogue,,
tp_suf_100,suffering,SUF_008,金錢選擇中的拒絕求助盲點,在金錢選擇中，把拒絕求助黏在痛苦上，讓傷口變得更難流動，使互動落入重複循環。,若失去拒絕求助，別人就不會理解我的痛。,承認痛苦不等於繼續住在拒絕求助裡。,當你放下拒絕求助時，痛苦想教你的會是什麼？,"[""痛苦"", ""拒絕求助"", ""金錢""]","[""金錢"", ""價值""]",TruthOS seed dataset,suffering 痛苦 SUF_008 拒絕求助 金錢選擇中的拒絕求助盲點 在金錢選擇中，把拒絕求助黏在痛苦上，讓傷口變得更難流動，使互動落入重複循環。 若失去拒絕求助，別人就不會理解我的痛。 承認痛苦不等於繼續住在拒絕求助裡。 痛苦 拒絕求助 金錢 金錢 價值,2026-06-04T10:25:52.059328+00:00,2026-06-04T10:25:52.059328+00:00,[],dialogue,,
tp_fre_001,freedom,FRE_001,家庭對話中的害怕承諾盲點,在家庭對話中，把害怕承諾誤認成自由，因此逃開了真正的承擔，讓對話逐漸失衡。,只有維持害怕承諾，我才算自由。,自由不是維持害怕承諾，而是能承擔選擇。,若不把害怕承諾叫做自由，你真正想鬆開的是什麼？,"[""自由"", ""害怕承諾"", ""家庭""]","[""家庭"", ""親子""]",TruthOS seed dataset,freedom 自由 FRE_001 害怕承諾 家庭對話中的害怕承諾盲點 在家庭對話中，把害怕承諾誤認成自由，因此逃開了真正的承擔，讓對話逐漸失衡。 只有維持害怕承諾，我才算自由。 自由不是維持害怕承諾，而是能承擔選擇。 自由 害怕承諾 家庭 家庭 親子,2026-06-04T10:25:52.059328+00:00,2026-06-04T10:25:52.059328+00:00,[],dialogue,,
tp_fre_002,freedom,FRE_001,伴侶衝突中的害怕承諾盲點,在伴侶衝突中，把害怕承諾誤認成自由，因此逃開了真正的承擔，讓界線變得模糊。,只有維持害怕承諾，我才算自由。,自由不是維持害怕承諾，而是能承擔選擇。,若不把害怕承諾叫做自由，你真正想鬆開的是什麼？,"[""自由"", ""害怕承諾"", ""伴侶""]","[""伴侶"", ""界線""]",TruthOS seed dataset,freedom 自由 FRE_001 害怕承諾 伴侶衝突中的害怕承諾盲點 在伴侶衝突中，把害怕承諾誤認成自由，因此逃開了真正的承擔，讓界線變得模糊。 只有維持害怕承諾，我才算自由。 自由不是維持害怕承諾，而是能承擔選擇。 自由 害怕承諾 伴侶 伴侶 界線,2026-06-04T10:25:52.059328+00:00,2026-06-04T10:25:52.059328+00:00,[],dialogue,,
tp_fre_003,freedom,FRE_001,職場協作中的害怕承諾盲點,在職場協作中，把害怕承諾誤認成自由，因此逃開了真正的承擔，讓責任位置變得混亂。,只有維持害怕承諾，我才算自由。,自由不是維持害怕承諾，而是能承擔選擇。,若不把害怕承諾叫做自由，你真正想鬆開的是什麼？,"[""自由"", ""害怕承諾"", ""職場""]","[""工作"", ""團隊""]",TruthOS seed dataset,freedom 自由 FRE_001 害怕承諾 職場協作中的害怕承諾盲點 在職場協作中，把害怕承諾誤認成自由，因此逃開了真正的承擔，讓責任位置變得混亂。 只有維持害怕承諾，我才算自由。 自由不是維持害怕承諾，而是能承擔選擇。 自由 害怕承諾 職場 工作 團隊,2026-06-04T10:25:52.059328+00:00,2026-06-04T10:25:52.059328+00:00,[],dialogue,,
tp_fre_004,freedom,FRE_001,領導決策中的害怕承諾盲點,在領導決策中，把害怕承諾誤認成自由，因此逃開了真正的承擔，使真正的需求被遮住。,只有維持害怕承諾，我才算自由。,自由不是維持害怕承諾，而是能承擔選擇。,若不把害怕承諾叫做自由，你真正想鬆開的是什麼？,"[""自由"", ""害怕承諾"", ""領導""]","[""領導"", ""決策""]",TruthOS seed dataset,freedom 自由 FRE_001 害怕承諾 領導決策中的害怕承諾盲點 在領導決策中，把害怕承諾誤認成自由，因此逃開了真正的承擔，使真正的需求被遮住。 只有維持害怕承諾，我才算自由。 自由不是維持害怕承諾，而是能承擔選擇。 自由 害怕承諾 領導 領導 決策,2026-06-04T10:25:52.059328+00:00,2026-06-04T10:25:52.059328+00:00,[],dialogue,,
tp_fre_005,freedom,FRE_001,朋友互動中的害怕承諾盲點,在朋友互動中，把害怕承諾誤認成自由，因此逃開了真正的承擔，讓反饋失去作用。,只有維持害怕承諾，我才算自由。,自由不是維持害怕承諾，而是能承擔選擇。,若不把害怕承諾叫做自由，你真正想鬆開的是什麼？,"[""自由"", ""害怕承諾"", ""友誼""]","[""友誼"", ""界線""]",TruthOS seed dataset,freedom 自由 FRE_001 害怕承諾 朋友互動中的害怕承諾盲點 在朋友互動中，把害怕承諾誤認成自由，因此逃開了真正的承擔，讓反饋失去作用。 只有維持害怕承諾，我才算自由。 自由不是維持害怕承諾，而是能承擔選擇。 自由 害怕承諾 友誼 友誼 界線,2026-06-04T10:25:52.059328+00:00,2026-06-04T10:25:52.059328+00:00,[],dialogue,,
tp_fre_006,freedom,FRE_001,金錢選擇中的害怕承諾盲點,在金錢選擇中，把害怕承諾誤認成自由，因此逃開了真正的承擔，讓信任開始鬆動。,只有維持害怕承諾，我才算自由。,自由不是維持害怕承諾，而是能承擔選擇。,若不把害怕承諾叫做自由，你真正想鬆開的是什麼？,"[""自由"", ""害怕承諾"", ""金錢""]","[""金錢"", ""價值""]",TruthOS seed dataset,freedom 自由 FRE_001 害怕承諾 金錢選擇中的害怕承諾盲點 在金錢選擇中，把害怕承諾誤認成自由，因此逃開了真正的承擔，讓信任開始鬆動。 只有維持害怕承諾，我才算自由。 自由不是維持害怕承諾，而是能承擔選擇。 自由 害怕承諾 金錢 金錢 價值,2026-06-04T10:25:52.059328+00:00,2026-06-04T10:25:52.059328+00:00,[],dialogue,,
tp_fre_007,freedom,FRE_001,健康壓力中的害怕承諾盲點,在健康壓力中，把害怕承諾誤認成自由，因此逃開了真正的承擔，讓決定越來越僵硬。,只有維持害怕承諾，我才算自由。,自由不是維持害怕承諾，而是能承擔選擇。,若不把害怕承諾叫做自由，你真正想鬆開的是什麼？,"[""自由"", ""害怕承諾"", ""健康""]","[""健康"", ""壓力""]",TruthOS seed dataset,freedom 自由 FRE_001 害怕承諾 健康壓力中的害怕承諾盲點 在健康壓力中，把害怕承諾誤認成自由，因此逃開了真正的承擔，讓決定越來越僵硬。 只有維持害怕承諾，我才算自由。 自由不是維持害怕承諾，而是能承擔選擇。 自由 害怕承諾 健康 健康 壓力,2026-06-04T10:25:52.059328+00:00,2026-06-04T10:25:52.059328+00:00,[],dialogue,,
tp_fre_008,freedom,FRE_001,創作卡關中的害怕承諾盲點,在創作卡關中，把害怕承諾誤認成自由，因此逃開了真正的承擔，讓內在更難安定。,只有維持害怕承諾，我才算自由。,自由不是維持害怕承諾，而是能承擔選擇。,若不把害怕承諾叫做自由，你真正想鬆開的是什麼？,"[""自由"", ""害怕承諾"", ""創作""]","[""創作"", ""表達""]",TruthOS seed dataset,freedom 自由 FRE_001 害怕承諾 創作卡關中的害怕承諾盲點 在創作卡關中，把害怕承諾誤認成自由，因此逃開了真正的承擔，讓內在更難安定。 只有維持害怕承諾，我才算自由。 自由不是維持害怕承諾，而是能承擔選擇。 自由 害怕承諾 創作 創作 表達,2026-06-04T10:25:52.059328+00:00,2026-06-04T10:25:52.059328+00:00,[],dialogue,,
tp_fre_009,freedom,FRE_001,靈性實踐中的害怕承諾盲點,在靈性實踐中，把害怕承諾誤認成自由，因此逃開了真正的承擔，使互動落入重複循環。,只有維持害怕承諾，我才算自由。,自由不是維持害怕承諾，而是能承擔選擇。,若不把害怕承諾叫做自由，你真正想鬆開的是什麼？,"[""自由"", ""害怕承諾"", ""靈性""]","[""靈性"", ""自我觀察""]",TruthOS seed dataset,freedom 自由 FRE_001 害怕承諾 靈性實踐中的害怕承諾盲點 在靈性實踐中，把害怕承諾誤認成自由，因此逃開了真正的承擔，使互動落入重複循環。 只有維持害怕承諾，我才算自由。 自由不是維持害怕承諾，而是能承擔選擇。 自由 害怕承諾 靈性 靈性 自我觀察,2026-06-04T10:25:52.059328+00:00,2026-06-04T10:25:52.059328+00:00,[],dialogue,,
tp_fre_010,freedom,FRE_001,重大失落中的害怕承諾盲點,在重大失落中，把害怕承諾誤認成自由，因此逃開了真正的承擔，讓看見真相的空間縮小。,只有維持害怕承諾，我才算自由。,自由不是維持害怕承諾，而是能承擔選擇。,若不把害怕承諾叫做自由，你真正想鬆開的是什麼？,"[""自由"", ""害怕承諾"", ""失落""]","[""失落"", ""轉化""]",TruthOS seed dataset,freedom 自由 FRE_001 害怕承諾 重大失落中的害怕承諾盲點 在重大失落中，把害怕承諾誤認成自由，因此逃開了真正的承擔，讓看見真相的空間縮小。 只有維持害怕承諾，我才算自由。 自由不是維持害怕承諾，而是能承擔選擇。 自由 害怕承諾 失落 失落 轉化,2026-06-04T10:25:52.059328+00:00,2026-06-04T10:25:52.059328+00:00,[],dialogue,,
tp_fre_011,freedom,FRE_001,教養現場中的害怕承諾盲點,在教養現場中，把害怕承諾誤認成自由，因此逃開了真正的承擔，讓支持變成壓力。,只有維持害怕承諾，我才算自由。,自由不是維持害怕承諾，而是能承擔選擇。,若不把害怕承諾叫做自由，你真正想鬆開的是什麼？,"[""自由"", ""害怕承諾"", ""教養""]","[""親子"", ""教養""]",TruthOS seed dataset,freedom 自由 FRE_001 害怕承諾 教養現場中的害怕承諾盲點 在教養現場中，把害怕承諾誤認成自由，因此逃開了真正的承擔，讓支持變成壓力。 只有維持害怕承諾，我才算自由。 自由不是維持害怕承諾，而是能承擔選擇。 自由 害怕承諾 教養 親子 教養,2026-06-04T10:25:52.059328+00:00,2026-06-04T10:25:52.059328+00:00,[],dialogue,,
tp_fre_012,freedom,FRE_001,團隊回饋中的害怕承諾盲點,在團隊回饋中，把害怕承諾誤認成自由，因此逃開了真正的承擔，讓改變停在表面。,只有維持害怕承諾，我才算自由。,自由不是維持害怕承諾，而是能承擔選擇。,若不把害怕承諾叫做自由，你真正想鬆開的是什麼？,"[""自由"", ""害怕承諾"", ""回饋""]","[""團隊"", ""回饋""]",TruthOS seed dataset,freedom 自由 FRE_001 害怕承諾 團隊回饋中的害怕承諾盲點 在團隊回饋中，把害怕承諾誤認成自由，因此逃開了真正的承擔，讓改變停在表面。 只有維持害怕承諾，我才算自由。 自由不是維持害怕承諾，而是能承擔選擇。 自由 害怕承諾 回饋 團隊 回饋,2026-06-04T10:25:52.059328+00:00,2026-06-04T10:25:52.059328+00:00,[],dialogue,,
tp_fre_013,freedom,FRE_001,社群曝光中的害怕承諾盲點,在社群曝光中，把害怕承諾誤認成自由，因此逃開了真正的承擔，讓資源交換變得扭曲。,只有維持害怕承諾，我才算自由。,自由不是維持害怕承諾，而是能承擔選擇。,若不把害怕承諾叫做自由，你真正想鬆開的是什麼？,"[""自由"", ""害怕承諾"", ""社群""]","[""社群"", ""自我價值""]",TruthOS seed dataset,freedom 自由 FRE_001 害怕承諾 社群曝光中的害怕承諾盲點 在社群曝光中，把害怕承諾誤認成自由，因此逃開了真正的承擔，讓資源交換變得扭曲。 只有維持害怕承諾，我才算自由。 自由不是維持害怕承諾，而是能承擔選擇。 自由 害怕承諾 社群 社群 自我價值,2026-06-04T10:25:52.059328+00:00,2026-06-04T10:25:52.059328+00:00,[],dialogue,,
tp_fre_014,freedom,FRE_002,伴侶衝突中的假性自由盲點,在伴侶衝突中，把假性自由誤認成自由，因此逃開了真正的承擔，讓對話逐漸失衡。,只有維持假性自由，我才算自由。,自由不是維持假性自由，而是能承擔選擇。,若不把假性自由叫做自由，你真正想鬆開的是什麼？,"[""自由"", ""假性自由"", ""伴侶""]","[""伴侶"", ""界線""]",TruthOS seed dataset,freedom 自由 FRE_002 假性自由 伴侶衝突中的假性自由盲點 在伴侶衝突中，把假性自由誤認成自由，因此逃開了真正的承擔，讓對話逐漸失衡。 只有維持假性自由，我才算自由。 自由不是維持假性自由，而是能承擔選擇。 自由 假性自由 伴侶 伴侶 界線,2026-06-04T10:25:52.059328+00:00,2026-06-04T10:25:52.059328+00:00,[],dialogue,,
tp_fre_015,freedom,FRE_002,職場協作中的假性自由盲點,在職場協作中，把假性自由誤認成自由，因此逃開了真正的承擔，讓界線變得模糊。,只有維持假性自由，我才算自由。,自由不是維持假性自由，而是能承擔選擇。,若不把假性自由叫做自由，你真正想鬆開的是什麼？,"[""自由"", ""假性自由"", ""職場""]","[""工作"", ""團隊""]",TruthOS seed dataset,freedom 自由 FRE_002 假性自由 職場協作中的假性自由盲點 在職場協作中，把假性自由誤認成自由，因此逃開了真正的承擔，讓界線變得模糊。 只有維持假性自由，我才算自由。 自由不是維持假性自由，而是能承擔選擇。 自由 假性自由 職場 工作 團隊,2026-06-04T10:25:52.059328+00:00,2026-06-04T10:25:52.059328+00:00,[],dialogue,,
tp_fre_016,freedom,FRE_002,領導決策中的假性自由盲點,在領導決策中，把假性自由誤認成自由，因此逃開了真正的承擔，讓責任位置變得混亂。,只有維持假性自由，我才算自由。,自由不是維持假性自由，而是能承擔選擇。,若不把假性自由叫做自由，你真正想鬆開的是什麼？,"[""自由"", ""假性自由"", ""領導""]","[""領導"", ""決策""]",TruthOS seed dataset,freedom 自由 FRE_002 假性自由 領導決策中的假性自由盲點 在領導決策中，把假性自由誤認成自由，因此逃開了真正的承擔，讓責任位置變得混亂。 只有維持假性自由，我才算自由。 自由不是維持假性自由，而是能承擔選擇。 自由 假性自由 領導 領導 決策,2026-06-04T10:25:52.059328+00:00,2026-06-04T10:25:52.059328+00:00,[],dialogue,,
tp_fre_017,freedom,FRE_002,朋友互動中的假性自由盲點,在朋友互動中，把假性自由誤認成自由，因此逃開了真正的承擔，使真正的需求被遮住。,只有維持假性自由，我才算自由。,自由不是維持假性自由，而是能承擔選擇。,若不把假性自由叫做自由，你真正想鬆開的是什麼？,"[""自由"", ""假性自由"", ""友誼""]","[""友誼"", ""界線""]",TruthOS seed dataset,freedom 自由 FRE_002 假性自由 朋友互動中的假性自由盲點 在朋友互動中，把假性自由誤認成自由，因此逃開了真正的承擔，使真正的需求被遮住。 只有維持假性自由，我才算自由。 自由不是維持假性自由，而是能承擔選擇。 自由 假性自由 友誼 友誼 界線,2026-06-04T10:25:52.059328+00:00,2026-06-04T10:25:52.059328+00:00,[],dialogue,,
tp_fre_018,freedom,FRE_002,金錢選擇中的假性自由盲點,在金錢選擇中，把假性自由誤認成自由，因此逃開了真正的承擔，讓反饋失去作用。,只有維持假性自由，我才算自由。,自由不是維持假性自由，而是能承擔選擇。,若不把假性自由叫做自由，你真正想鬆開的是什麼？,"[""自由"", ""假性自由"", ""金錢""]","[""金錢"", ""價值""]",TruthOS seed dataset,freedom 自由 FRE_002 假性自由 金錢選擇中的假性自由盲點 在金錢選擇中，把假性自由誤認成自由，因此逃開了真正的承擔，讓反饋失去作用。 只有維持假性自由，我才算自由。 自由不是維持假性自由，而是能承擔選擇。 自由 假性自由 金錢 金錢 價值,2026-06-04T10:25:52.059328+00:00,2026-06-04T10:25:52.059328+00:00,[],dialogue,,
tp_fre_019,freedom,FRE_002,健康壓力中的假性自由盲點,在健康壓力中，把假性自由誤認成自由，因此逃開了真正的承擔，讓信任開始鬆動。,只有維持假性自由，我才算自由。,自由不是維持假性自由，而是能承擔選擇。,若不把假性自由叫做自由，你真正想鬆開的是什麼？,"[""自由"", ""假性自由"", ""健康""]","[""健康"", ""壓力""]",TruthOS seed dataset,freedom 自由 FRE_002 假性自由 健康壓力中的假性自由盲點 在健康壓力中，把假性自由誤認成自由，因此逃開了真正的承擔，讓信任開始鬆動。 只有維持假性自由，我才算自由。 自由不是維持假性自由，而是能承擔選擇。 自由 假性自由 健康 健康 壓力,2026-06-04T10:25:52.059328+00:00,2026-06-04T10:25:52.059328+00:00,[],dialogue,,
tp_fre_020,freedom,FRE_002,創作卡關中的假性自由盲點,在創作卡關中，把假性自由誤認成自由，因此逃開了真正的承擔，讓決定越來越僵硬。,只有維持假性自由，我才算自由。,自由不是維持假性自由，而是能承擔選擇。,若不把假性自由叫做自由，你真正想鬆開的是什麼？,"[""自由"", ""假性自由"", ""創作""]","[""創作"", ""表達""]",TruthOS seed dataset,freedom 自由 FRE_002 假性自由 創作卡關中的假性自由盲點 在創作卡關中，把假性自由誤認成自由，因此逃開了真正的承擔，讓決定越來越僵硬。 只有維持假性自由，我才算自由。 自由不是維持假性自由，而是能承擔選擇。 自由 假性自由 創作 創作 表達,2026-06-04T10:25:52.059328+00:00,2026-06-04T10:25:52.059328+00:00,[],dialogue,,
tp_fre_021,freedom,FRE_002,靈性實踐中的假性自由盲點,在靈性實踐中，把假性自由誤認成自由，因此逃開了真正的承擔，讓內在更難安定。,只有維持假性自由，我才算自由。,自由不是維持假性自由，而是能承擔選擇。,若不把假性自由叫做自由，你真正想鬆開的是什麼？,"[""自由"", ""假性自由"", ""靈性""]","[""靈性"", ""自我觀察""]",TruthOS seed dataset,freedom 自由 FRE_002 假性自由 靈性實踐中的假性自由盲點 在靈性實踐中，把假性自由誤認成自由，因此逃開了真正的承擔，讓內在更難安定。 只有維持假性自由，我才算自由。 自由不是維持假性自由，而是能承擔選擇。 自由 假性自由 靈性 靈性 自我觀察,2026-06-04T10:25:52.059328+00:00,2026-06-04T10:25:52.059328+00:00,[],dialogue,,
tp_fre_022,freedom,FRE_002,重大失落中的假性自由盲點,在重大失落中，把假性自由誤認成自由，因此逃開了真正的承擔，使互動落入重複循環。,只有維持假性自由，我才算自由。,自由不是維持假性自由，而是能承擔選擇。,若不把假性自由叫做自由，你真正想鬆開的是什麼？,"[""自由"", ""假性自由"", ""失落""]","[""失落"", ""轉化""]",TruthOS seed dataset,freedom 自由 FRE_002 假性自由 重大失落中的假性自由盲點 在重大失落中，把假性自由誤認成自由，因此逃開了真正的承擔，使互動落入重複循環。 只有維持假性自由，我才算自由。 自由不是維持假性自由，而是能承擔選擇。 自由 假性自由 失落 失落 轉化,2026-06-04T10:25:52.059328+00:00,2026-06-04T10:25:52.059328+00:00,[],dialogue,,
tp_fre_023,freedom,FRE_002,教養現場中的假性自由盲點,在教養現場中，把假性自由誤認成自由，因此逃開了真正的承擔，讓看見真相的空間縮小。,只有維持假性自由，我才算自由。,自由不是維持假性自由，而是能承擔選擇。,若不把假性自由叫做自由，你真正想鬆開的是什麼？,"[""自由"", ""假性自由"", ""教養""]","[""親子"", ""教養""]",TruthOS seed dataset,freedom 自由 FRE_002 假性自由 教養現場中的假性自由盲點 在教養現場中，把假性自由誤認成自由，因此逃開了真正的承擔，讓看見真相的空間縮小。 只有維持假性自由，我才算自由。 自由不是維持假性自由，而是能承擔選擇。 自由 假性自由 教養 親子 教養,2026-06-04T10:25:52.059328+00:00,2026-06-04T10:25:52.059328+00:00,[],dialogue,,
tp_fre_024,freedom,FRE_002,團隊回饋中的假性自由盲點,在團隊回饋中，把假性自由誤認成自由，因此逃開了真正的承擔，讓支持變成壓力。,只有維持假性自由，我才算自由。,自由不是維持假性自由，而是能承擔選擇。,若不把假性自由叫做自由，你真正想鬆開的是什麼？,"[""自由"", ""假性自由"", ""回饋""]","[""團隊"", ""回饋""]",TruthOS seed dataset,freedom 自由 FRE_002 假性自由 團隊回饋中的假性自由盲點 在團隊回饋中，把假性自由誤認成自由，因此逃開了真正的承擔，讓支持變成壓力。 只有維持假性自由，我才算自由。 自由不是維持假性自由，而是能承擔選擇。 自由 假性自由 回饋 團隊 回饋,2026-06-04T10:25:52.059328+00:00,2026-06-04T10:25:52.059328+00:00,[],dialogue,,
tp_fre_025,freedom,FRE_002,社群曝光中的假性自由盲點,在社群曝光中，把假性自由誤認成自由，因此逃開了真正的承擔，讓改變停在表面。,只有維持假性自由，我才算自由。,自由不是維持假性自由，而是能承擔選擇。,若不把假性自由叫做自由，你真正想鬆開的是什麼？,"[""自由"", ""假性自由"", ""社群""]","[""社群"", ""自我價值""]",TruthOS seed dataset,freedom 自由 FRE_002 假性自由 社群曝光中的假性自由盲點 在社群曝光中，把假性自由誤認成自由，因此逃開了真正的承擔，讓改變停在表面。 只有維持假性自由，我才算自由。 自由不是維持假性自由，而是能承擔選擇。 自由 假性自由 社群 社群 自我價值,2026-06-04T10:25:52.059328+00:00,2026-06-04T10:25:52.059328+00:00,[],dialogue,,
tp_fre_026,freedom,FRE_002,家庭對話中的假性自由盲點,在家庭對話中，把假性自由誤認成自由，因此逃開了真正的承擔，讓資源交換變得扭曲。,只有維持假性自由，我才算自由。,自由不是維持假性自由，而是能承擔選擇。,若不把假性自由叫做自由，你真正想鬆開的是什麼？,"[""自由"", ""假性自由"", ""家庭""]","[""家庭"", ""親子""]",TruthOS seed dataset,freedom 自由 FRE_002 假性自由 家庭對話中的假性自由盲點 在家庭對話中，把假性自由誤認成自由，因此逃開了真正的承擔，讓資源交換變得扭曲。 只有維持假性自由，我才算自由。 自由不是維持假性自由，而是能承擔選擇。 自由 假性自由 家庭 家庭 親子,2026-06-04T10:25:52.059328+00:00,2026-06-04T10:25:52.059328+00:00,[],dialogue,,
tp_fre_027,freedom,FRE_003,職場協作中的依賴外部許可盲點,在職場協作中，把依賴外部許可誤認成自由，因此逃開了真正的承擔，讓對話逐漸失衡。,只有維持依賴外部許可，我才算自由。,自由不是維持依賴外部許可，而是能承擔選擇。,若不把依賴外部許可叫做自由，你真正想鬆開的是什麼？,"[""自由"", ""依賴外部許可"", ""職場""]","[""工作"", ""團隊""]",TruthOS seed dataset,freedom 自由 FRE_003 依賴外部許可 職場協作中的依賴外部許可盲點 在職場協作中，把依賴外部許可誤認成自由，因此逃開了真正的承擔，讓對話逐漸失衡。 只有維持依賴外部許可，我才算自由。 自由不是維持依賴外部許可，而是能承擔選擇。 自由 依賴外部許可 職場 工作 團隊,2026-06-04T10:25:52.059328+00:00,2026-06-04T10:25:52.059328+00:00,[],dialogue,,
tp_fre_028,freedom,FRE_003,領導決策中的依賴外部許可盲點,在領導決策中，把依賴外部許可誤認成自由，因此逃開了真正的承擔，讓界線變得模糊。,只有維持依賴外部許可，我才算自由。,自由不是維持依賴外部許可，而是能承擔選擇。,若不把依賴外部許可叫做自由，你真正想鬆開的是什麼？,"[""自由"", ""依賴外部許可"", ""領導""]","[""領導"", ""決策""]",TruthOS seed dataset,freedom 自由 FRE_003 依賴外部許可 領導決策中的依賴外部許可盲點 在領導決策中，把依賴外部許可誤認成自由，因此逃開了真正的承擔，讓界線變得模糊。 只有維持依賴外部許可，我才算自由。 自由不是維持依賴外部許可，而是能承擔選擇。 自由 依賴外部許可 領導 領導 決策,2026-06-04T10:25:52.059328+00:00,2026-06-04T10:25:52.059328+00:00,[],dialogue,,
tp_fre_029,freedom,FRE_003,朋友互動中的依賴外部許可盲點,在朋友互動中，把依賴外部許可誤認成自由，因此逃開了真正的承擔，讓責任位置變得混亂。,只有維持依賴外部許可，我才算自由。,自由不是維持依賴外部許可，而是能承擔選擇。,若不把依賴外部許可叫做自由，你真正想鬆開的是什麼？,"[""自由"", ""依賴外部許可"", ""友誼""]","[""友誼"", ""界線""]",TruthOS seed dataset,freedom 自由 FRE_003 依賴外部許可 朋友互動中的依賴外部許可盲點 在朋友互動中，把依賴外部許可誤認成自由，因此逃開了真正的承擔，讓責任位置變得混亂。 只有維持依賴外部許可，我才算自由。 自由不是維持依賴外部許可，而是能承擔選擇。 自由 依賴外部許可 友誼 友誼 界線,2026-06-04T10:25:52.059328+00:00,2026-06-04T10:25:52.059328+00:00,[],dialogue,,
tp_fre_030,freedom,FRE_003,金錢選擇中的依賴外部許可盲點,在金錢選擇中，把依賴外部許可誤認成自由，因此逃開了真正的承擔，使真正的需求被遮住。,只有維持依賴外部許可，我才算自由。,自由不是維持依賴外部許可，而是能承擔選擇。,若不把依賴外部許可叫做自由，你真正想鬆開的是什麼？,"[""自由"", ""依賴外部許可"", ""金錢""]","[""金錢"", ""價值""]",TruthOS seed dataset,freedom 自由 FRE_003 依賴外部許可 金錢選擇中的依賴外部許可盲點 在金錢選擇中，把依賴外部許可誤認成自由，因此逃開了真正的承擔，使真正的需求被遮住。 只有維持依賴外部許可，我才算自由。 自由不是維持依賴外部許可，而是能承擔選擇。 自由 依賴外部許可 金錢 金錢 價值,2026-06-04T10:25:52.059328+00:00,2026-06-04T10:25:52.059328+00:00,[],dialogue,,
tp_fre_031,freedom,FRE_003,健康壓力中的依賴外部許可盲點,在健康壓力中，把依賴外部許可誤認成自由，因此逃開了真正的承擔，讓反饋失去作用。,只有維持依賴外部許可，我才算自由。,自由不是維持依賴外部許可，而是能承擔選擇。,若不把依賴外部許可叫做自由，你真正想鬆開的是什麼？,"[""自由"", ""依賴外部許可"", ""健康""]","[""健康"", ""壓力""]",TruthOS seed dataset,freedom 自由 FRE_003 依賴外部許可 健康壓力中的依賴外部許可盲點 在健康壓力中，把依賴外部許可誤認成自由，因此逃開了真正的承擔，讓反饋失去作用。 只有維持依賴外部許可，我才算自由。 自由不是維持依賴外部許可，而是能承擔選擇。 自由 依賴外部許可 健康 健康 壓力,2026-06-04T10:25:52.059328+00:00,2026-06-04T10:25:52.059328+00:00,[],dialogue,,
tp_fre_032,freedom,FRE_003,創作卡關中的依賴外部許可盲點,在創作卡關中，把依賴外部許可誤認成自由，因此逃開了真正的承擔，讓信任開始鬆動。,只有維持依賴外部許可，我才算自由。,自由不是維持依賴外部許可，而是能承擔選擇。,若不把依賴外部許可叫做自由，你真正想鬆開的是什麼？,"[""自由"", ""依賴外部許可"", ""創作""]","[""創作"", ""表達""]",TruthOS seed dataset,freedom 自由 FRE_003 依賴外部許可 創作卡關中的依賴外部許可盲點 在創作卡關中，把依賴外部許可誤認成自由，因此逃開了真正的承擔，讓信任開始鬆動。 只有維持依賴外部許可，我才算自由。 自由不是維持依賴外部許可，而是能承擔選擇。 自由 依賴外部許可 創作 創作 表達,2026-06-04T10:25:52.059328+00:00,2026-06-04T10:25:52.059328+00:00,[],dialogue,,
tp_fre_033,freedom,FRE_003,靈性實踐中的依賴外部許可盲點,在靈性實踐中，把依賴外部許可誤認成自由，因此逃開了真正的承擔，讓決定越來越僵硬。,只有維持依賴外部許可，我才算自由。,自由不是維持依賴外部許可，而是能承擔選擇。,若不把依賴外部許可叫做自由，你真正想鬆開的是什麼？,"[""自由"", ""依賴外部許可"", ""靈性""]","[""靈性"", ""自我觀察""]",TruthOS seed dataset,freedom 自由 FRE_003 依賴外部許可 靈性實踐中的依賴外部許可盲點 在靈性實踐中，把依賴外部許可誤認成自由，因此逃開了真正的承擔，讓決定越來越僵硬。 只有維持依賴外部許可，我才算自由。 自由不是維持依賴外部許可，而是能承擔選擇。 自由 依賴外部許可 靈性 靈性 自我觀察,2026-06-04T10:25:52.059328+00:00,2026-06-04T10:25:52.059328+00:00,[],dialogue,,
tp_fre_034,freedom,FRE_003,重大失落中的依賴外部許可盲點,在重大失落中，把依賴外部許可誤認成自由，因此逃開了真正的承擔，讓內在更難安定。,只有維持依賴外部許可，我才算自由。,自由不是維持依賴外部許可，而是能承擔選擇。,若不把依賴外部許可叫做自由，你真正想鬆開的是什麼？,"[""自由"", ""依賴外部許可"", ""失落""]","[""失落"", ""轉化""]",TruthOS seed dataset,freedom 自由 FRE_003 依賴外部許可 重大失落中的依賴外部許可盲點 在重大失落中，把依賴外部許可誤認成自由，因此逃開了真正的承擔，讓內在更難安定。 只有維持依賴外部許可，我才算自由。 自由不是維持依賴外部許可，而是能承擔選擇。 自由 依賴外部許可 失落 失落 轉化,2026-06-04T10:25:52.059328+00:00,2026-06-04T10:25:52.059328+00:00,[],dialogue,,
tp_fre_035,freedom,FRE_003,教養現場中的依賴外部許可盲點,在教養現場中，把依賴外部許可誤認成自由，因此逃開了真正的承擔，使互動落入重複循環。,只有維持依賴外部許可，我才算自由。,自由不是維持依賴外部許可，而是能承擔選擇。,若不把依賴外部許可叫做自由，你真正想鬆開的是什麼？,"[""自由"", ""依賴外部許可"", ""教養""]","[""親子"", ""教養""]",TruthOS seed dataset,freedom 自由 FRE_003 依賴外部許可 教養現場中的依賴外部許可盲點 在教養現場中，把依賴外部許可誤認成自由，因此逃開了真正的承擔，使互動落入重複循環。 只有維持依賴外部許可，我才算自由。 自由不是維持依賴外部許可，而是能承擔選擇。 自由 依賴外部許可 教養 親子 教養,2026-06-04T10:25:52.059328+00:00,2026-06-04T10:25:52.059328+00:00,[],dialogue,,
tp_fre_036,freedom,FRE_003,團隊回饋中的依賴外部許可盲點,在團隊回饋中，把依賴外部許可誤認成自由，因此逃開了真正的承擔，讓看見真相的空間縮小。,只有維持依賴外部許可，我才算自由。,自由不是維持依賴外部許可，而是能承擔選擇。,若不把依賴外部許可叫做自由，你真正想鬆開的是什麼？,"[""自由"", ""依賴外部許可"", ""回饋""]","[""團隊"", ""回饋""]",TruthOS seed dataset,freedom 自由 FRE_003 依賴外部許可 團隊回饋中的依賴外部許可盲點 在團隊回饋中，把依賴外部許可誤認成自由，因此逃開了真正的承擔，讓看見真相的空間縮小。 只有維持依賴外部許可，我才算自由。 自由不是維持依賴外部許可，而是能承擔選擇。 自由 依賴外部許可 回饋 團隊 回饋,2026-06-04T10:25:52.059328+00:00,2026-06-04T10:25:52.059328+00:00,[],dialogue,,
tp_fre_037,freedom,FRE_003,社群曝光中的依賴外部許可盲點,在社群曝光中，把依賴外部許可誤認成自由，因此逃開了真正的承擔，讓支持變成壓力。,只有維持依賴外部許可，我才算自由。,自由不是維持依賴外部許可，而是能承擔選擇。,若不把依賴外部許可叫做自由，你真正想鬆開的是什麼？,"[""自由"", ""依賴外部許可"", ""社群""]","[""社群"", ""自我價值""]",TruthOS seed dataset,freedom 自由 FRE_003 依賴外部許可 社群曝光中的依賴外部許可盲點 在社群曝光中，把依賴外部許可誤認成自由，因此逃開了真正的承擔，讓支持變成壓力。 只有維持依賴外部許可，我才算自由。 自由不是維持依賴外部許可，而是能承擔選擇。 自由 依賴外部許可 社群 社群 自我價值,2026-06-04T10:25:52.059328+00:00,2026-06-04T10:25:52.059328+00:00,[],dialogue,,
tp_fre_038,freedom,FRE_003,家庭對話中的依賴外部許可盲點,在家庭對話中，把依賴外部許可誤認成自由，因此逃開了真正的承擔，讓改變停在表面。,只有維持依賴外部許可，我才算自由。,自由不是維持依賴外部許可，而是能承擔選擇。,若不把依賴外部許可叫做自由，你真正想鬆開的是什麼？,"[""自由"", ""依賴外部許可"", ""家庭""]","[""家庭"", ""親子""]",TruthOS seed dataset,freedom 自由 FRE_003 依賴外部許可 家庭對話中的依賴外部許可盲點 在家庭對話中，把依賴外部許可誤認成自由，因此逃開了真正的承擔，讓改變停在表面。 只有維持依賴外部許可，我才算自由。 自由不是維持依賴外部許可，而是能承擔選擇。 自由 依賴外部許可 家庭 家庭 親子,2026-06-04T10:25:52.059328+00:00,2026-06-04T10:25:52.059328+00:00,[],dialogue,,
tp_fre_039,freedom,FRE_003,伴侶衝突中的依賴外部許可盲點,在伴侶衝突中，把依賴外部許可誤認成自由，因此逃開了真正的承擔，讓資源交換變得扭曲。,只有維持依賴外部許可，我才算自由。,自由不是維持依賴外部許可，而是能承擔選擇。,若不把依賴外部許可叫做自由，你真正想鬆開的是什麼？,"[""自由"", ""依賴外部許可"", ""伴侶""]","[""伴侶"", ""界線""]",TruthOS seed dataset,freedom 自由 FRE_003 依賴外部許可 伴侶衝突中的依賴外部許可盲點 在伴侶衝突中，把依賴外部許可誤認成自由，因此逃開了真正的承擔，讓資源交換變得扭曲。 只有維持依賴外部許可，我才算自由。 自由不是維持依賴外部許可，而是能承擔選擇。 自由 依賴外部許可 伴侶 伴侶 界線,2026-06-04T10:25:52.059328+00:00,2026-06-04T10:25:52.059328+00:00,[],dialogue,,
tp_fre_040,freedom,FRE_004,領導決策中的逃避責任盲點,在領導決策中，把逃避責任誤認成自由，因此逃開了真正的承擔，讓對話逐漸失衡。,只有維持逃避責任，我才算自由。,自由不是維持逃避責任，而是能承擔選擇。,若不把逃避責任叫做自由，你真正想鬆開的是什麼？,"[""自由"", ""逃避責任"", ""領導""]","[""領導"", ""決策""]",TruthOS seed dataset,freedom 自由 FRE_004 逃避責任 領導決策中的逃避責任盲點 在領導決策中，把逃避責任誤認成自由，因此逃開了真正的承擔，讓對話逐漸失衡。 只有維持逃避責任，我才算自由。 自由不是維持逃避責任，而是能承擔選擇。 自由 逃避責任 領導 領導 決策,2026-06-04T10:25:52.059328+00:00,2026-06-04T10:25:52.059328+00:00,[],dialogue,,
tp_fre_041,freedom,FRE_004,朋友互動中的逃避責任盲點,在朋友互動中，把逃避責任誤認成自由，因此逃開了真正的承擔，讓界線變得模糊。,只有維持逃避責任，我才算自由。,自由不是維持逃避責任，而是能承擔選擇。,若不把逃避責任叫做自由，你真正想鬆開的是什麼？,"[""自由"", ""逃避責任"", ""友誼""]","[""友誼"", ""界線""]",TruthOS seed dataset,freedom 自由 FRE_004 逃避責任 朋友互動中的逃避責任盲點 在朋友互動中，把逃避責任誤認成自由，因此逃開了真正的承擔，讓界線變得模糊。 只有維持逃避責任，我才算自由。 自由不是維持逃避責任，而是能承擔選擇。 自由 逃避責任 友誼 友誼 界線,2026-06-04T10:25:52.059328+00:00,2026-06-04T10:25:52.059328+00:00,[],dialogue,,
tp_fre_042,freedom,FRE_004,金錢選擇中的逃避責任盲點,在金錢選擇中，把逃避責任誤認成自由，因此逃開了真正的承擔，讓責任位置變得混亂。,只有維持逃避責任，我才算自由。,自由不是維持逃避責任，而是能承擔選擇。,若不把逃避責任叫做自由，你真正想鬆開的是什麼？,"[""自由"", ""逃避責任"", ""金錢""]","[""金錢"", ""價值""]",TruthOS seed dataset,freedom 自由 FRE_004 逃避責任 金錢選擇中的逃避責任盲點 在金錢選擇中，把逃避責任誤認成自由，因此逃開了真正的承擔，讓責任位置變得混亂。 只有維持逃避責任，我才算自由。 自由不是維持逃避責任，而是能承擔選擇。 自由 逃避責任 金錢 金錢 價值,2026-06-04T10:25:52.059328+00:00,2026-06-04T10:25:52.059328+00:00,[],dialogue,,
tp_fre_043,freedom,FRE_004,健康壓力中的逃避責任盲點,在健康壓力中，把逃避責任誤認成自由，因此逃開了真正的承擔，使真正的需求被遮住。,只有維持逃避責任，我才算自由。,自由不是維持逃避責任，而是能承擔選擇。,若不把逃避責任叫做自由，你真正想鬆開的是什麼？,"[""自由"", ""逃避責任"", ""健康""]","[""健康"", ""壓力""]",TruthOS seed dataset,freedom 自由 FRE_004 逃避責任 健康壓力中的逃避責任盲點 在健康壓力中，把逃避責任誤認成自由，因此逃開了真正的承擔，使真正的需求被遮住。 只有維持逃避責任，我才算自由。 自由不是維持逃避責任，而是能承擔選擇。 自由 逃避責任 健康 健康 壓力,2026-06-04T10:25:52.059328+00:00,2026-06-04T10:25:52.059328+00:00,[],dialogue,,
tp_fre_044,freedom,FRE_004,創作卡關中的逃避責任盲點,在創作卡關中，把逃避責任誤認成自由，因此逃開了真正的承擔，讓反饋失去作用。,只有維持逃避責任，我才算自由。,自由不是維持逃避責任，而是能承擔選擇。,若不把逃避責任叫做自由，你真正想鬆開的是什麼？,"[""自由"", ""逃避責任"", ""創作""]","[""創作"", ""表達""]",TruthOS seed dataset,freedom 自由 FRE_004 逃避責任 創作卡關中的逃避責任盲點 在創作卡關中，把逃避責任誤認成自由，因此逃開了真正的承擔，讓反饋失去作用。 只有維持逃避責任，我才算自由。 自由不是維持逃避責任，而是能承擔選擇。 自由 逃避責任 創作 創作 表達,2026-06-04T10:25:52.059328+00:00,2026-06-04T10:25:52.059328+00:00,[],dialogue,,
tp_fre_045,freedom,FRE_004,靈性實踐中的逃避責任盲點,在靈性實踐中，把逃避責任誤認成自由，因此逃開了真正的承擔，讓信任開始鬆動。,只有維持逃避責任，我才算自由。,自由不是維持逃避責任，而是能承擔選擇。,若不把逃避責任叫做自由，你真正想鬆開的是什麼？,"[""自由"", ""逃避責任"", ""靈性""]","[""靈性"", ""自我觀察""]",TruthOS seed dataset,freedom 自由 FRE_004 逃避責任 靈性實踐中的逃避責任盲點 在靈性實踐中，把逃避責任誤認成自由，因此逃開了真正的承擔，讓信任開始鬆動。 只有維持逃避責任，我才算自由。 自由不是維持逃避責任，而是能承擔選擇。 自由 逃避責任 靈性 靈性 自我觀察,2026-06-04T10:25:52.059328+00:00,2026-06-04T10:25:52.059328+00:00,[],dialogue,,
tp_fre_046,freedom,FRE_004,重大失落中的逃避責任盲點,在重大失落中，把逃避責任誤認成自由，因此逃開了真正的承擔，讓決定越來越僵硬。,只有維持逃避責任，我才算自由。,自由不是維持逃避責任，而是能承擔選擇。,若不把逃避責任叫做自由，你真正想鬆開的是什麼？,"[""自由"", ""逃避責任"", ""失落""]","[""失落"", ""轉化""]",TruthOS seed dataset,freedom 自由 FRE_004 逃避責任 重大失落中的逃避責任盲點 在重大失落中，把逃避責任誤認成自由，因此逃開了真正的承擔，讓決定越來越僵硬。 只有維持逃避責任，我才算自由。 自由不是維持逃避責任，而是能承擔選擇。 自由 逃避責任 失落 失落 轉化,2026-06-04T10:25:52.059328+00:00,2026-06-04T10:25:52.059328+00:00,[],dialogue,,
tp_fre_047,freedom,FRE_004,教養現場中的逃避責任盲點,在教養現場中，把逃避責任誤認成自由，因此逃開了真正的承擔，讓內在更難安定。,只有維持逃避責任，我才算自由。,自由不是維持逃避責任，而是能承擔選擇。,若不把逃避責任叫做自由，你真正想鬆開的是什麼？,"[""自由"", ""逃避責任"", ""教養""]","[""親子"", ""教養""]",TruthOS seed dataset,freedom 自由 FRE_004 逃避責任 教養現場中的逃避責任盲點 在教養現場中，把逃避責任誤認成自由，因此逃開了真正的承擔，讓內在更難安定。 只有維持逃避責任，我才算自由。 自由不是維持逃避責任，而是能承擔選擇。 自由 逃避責任 教養 親子 教養,2026-06-04T10:25:52.059328+00:00,2026-06-04T10:25:52.059328+00:00,[],dialogue,,
tp_fre_048,freedom,FRE_004,團隊回饋中的逃避責任盲點,在團隊回饋中，把逃避責任誤認成自由，因此逃開了真正的承擔，使互動落入重複循環。,只有維持逃避責任，我才算自由。,自由不是維持逃避責任，而是能承擔選擇。,若不把逃避責任叫做自由，你真正想鬆開的是什麼？,"[""自由"", ""逃避責任"", ""回饋""]","[""團隊"", ""回饋""]",TruthOS seed dataset,freedom 自由 FRE_004 逃避責任 團隊回饋中的逃避責任盲點 在團隊回饋中，把逃避責任誤認成自由，因此逃開了真正的承擔，使互動落入重複循環。 只有維持逃避責任，我才算自由。 自由不是維持逃避責任，而是能承擔選擇。 自由 逃避責任 回饋 團隊 回饋,2026-06-04T10:25:52.059328+00:00,2026-06-04T10:25:52.059328+00:00,[],dialogue,,
tp_fre_049,freedom,FRE_004,社群曝光中的逃避責任盲點,在社群曝光中，把逃避責任誤認成自由，因此逃開了真正的承擔，讓看見真相的空間縮小。,只有維持逃避責任，我才算自由。,自由不是維持逃避責任，而是能承擔選擇。,若不把逃避責任叫做自由，你真正想鬆開的是什麼？,"[""自由"", ""逃避責任"", ""社群""]","[""社群"", ""自我價值""]",TruthOS seed dataset,freedom 自由 FRE_004 逃避責任 社群曝光中的逃避責任盲點 在社群曝光中，把逃避責任誤認成自由，因此逃開了真正的承擔，讓看見真相的空間縮小。 只有維持逃避責任，我才算自由。 自由不是維持逃避責任，而是能承擔選擇。 自由 逃避責任 社群 社群 自我價值,2026-06-04T10:25:52.059328+00:00,2026-06-04T10:25:52.059328+00:00,[],dialogue,,
tp_fre_050,freedom,FRE_004,家庭對話中的逃避責任盲點,在家庭對話中，把逃避責任誤認成自由，因此逃開了真正的承擔，讓支持變成壓力。,只有維持逃避責任，我才算自由。,自由不是維持逃避責任，而是能承擔選擇。,若不把逃避責任叫做自由，你真正想鬆開的是什麼？,"[""自由"", ""逃避責任"", ""家庭""]","[""家庭"", ""親子""]",TruthOS seed dataset,freedom 自由 FRE_004 逃避責任 家庭對話中的逃避責任盲點 在家庭對話中，把逃避責任誤認成自由，因此逃開了真正的承擔，讓支持變成壓力。 只有維持逃避責任，我才算自由。 自由不是維持逃避責任，而是能承擔選擇。 自由 逃避責任 家庭 家庭 親子,2026-06-04T10:25:52.059328+00:00,2026-06-04T10:25:52.059328+00:00,[],dialogue,,
tp_fre_051,freedom,FRE_004,伴侶衝突中的逃避責任盲點,在伴侶衝突中，把逃避責任誤認成自由，因此逃開了真正的承擔，讓改變停在表面。,只有維持逃避責任，我才算自由。,自由不是維持逃避責任，而是能承擔選擇。,若不把逃避責任叫做自由，你真正想鬆開的是什麼？,"[""自由"", ""逃避責任"", ""伴侶""]","[""伴侶"", ""界線""]",TruthOS seed dataset,freedom 自由 FRE_004 逃避責任 伴侶衝突中的逃避責任盲點 在伴侶衝突中，把逃避責任誤認成自由，因此逃開了真正的承擔，讓改變停在表面。 只有維持逃避責任，我才算自由。 自由不是維持逃避責任，而是能承擔選擇。 自由 逃避責任 伴侶 伴侶 界線,2026-06-04T10:25:52.059328+00:00,2026-06-04T10:25:52.059328+00:00,[],dialogue,,
tp_fre_052,freedom,FRE_004,職場協作中的逃避責任盲點,在職場協作中，把逃避責任誤認成自由，因此逃開了真正的承擔，讓資源交換變得扭曲。,只有維持逃避責任，我才算自由。,自由不是維持逃避責任，而是能承擔選擇。,若不把逃避責任叫做自由，你真正想鬆開的是什麼？,"[""自由"", ""逃避責任"", ""職場""]","[""工作"", ""團隊""]",TruthOS seed dataset,freedom 自由 FRE_004 逃避責任 職場協作中的逃避責任盲點 在職場協作中，把逃避責任誤認成自由，因此逃開了真正的承擔，讓資源交換變得扭曲。 只有維持逃避責任，我才算自由。 自由不是維持逃避責任，而是能承擔選擇。 自由 逃避責任 職場 工作 團隊,2026-06-04T10:25:52.059328+00:00,2026-06-04T10:25:52.059328+00:00,[],dialogue,,
tp_fre_053,freedom,FRE_005,朋友互動中的害怕失去選項盲點,在朋友互動中，把害怕失去選項誤認成自由，因此逃開了真正的承擔，讓對話逐漸失衡。,只有維持害怕失去選項，我才算自由。,自由不是維持害怕失去選項，而是能承擔選擇。,若不把害怕失去選項叫做自由，你真正想鬆開的是什麼？,"[""自由"", ""害怕失去選項"", ""友誼""]","[""友誼"", ""界線""]",TruthOS seed dataset,freedom 自由 FRE_005 害怕失去選項 朋友互動中的害怕失去選項盲點 在朋友互動中，把害怕失去選項誤認成自由，因此逃開了真正的承擔，讓對話逐漸失衡。 只有維持害怕失去選項，我才算自由。 自由不是維持害怕失去選項，而是能承擔選擇。 自由 害怕失去選項 友誼 友誼 界線,2026-06-04T10:25:52.059328+00:00,2026-06-04T10:25:52.059328+00:00,[],dialogue,,
tp_fre_054,freedom,FRE_005,金錢選擇中的害怕失去選項盲點,在金錢選擇中，把害怕失去選項誤認成自由，因此逃開了真正的承擔，讓界線變得模糊。,只有維持害怕失去選項，我才算自由。,自由不是維持害怕失去選項，而是能承擔選擇。,若不把害怕失去選項叫做自由，你真正想鬆開的是什麼？,"[""自由"", ""害怕失去選項"", ""金錢""]","[""金錢"", ""價值""]",TruthOS seed dataset,freedom 自由 FRE_005 害怕失去選項 金錢選擇中的害怕失去選項盲點 在金錢選擇中，把害怕失去選項誤認成自由，因此逃開了真正的承擔，讓界線變得模糊。 只有維持害怕失去選項，我才算自由。 自由不是維持害怕失去選項，而是能承擔選擇。 自由 害怕失去選項 金錢 金錢 價值,2026-06-04T10:25:52.059328+00:00,2026-06-04T10:25:52.059328+00:00,[],dialogue,,
tp_fre_055,freedom,FRE_005,健康壓力中的害怕失去選項盲點,在健康壓力中，把害怕失去選項誤認成自由，因此逃開了真正的承擔，讓責任位置變得混亂。,只有維持害怕失去選項，我才算自由。,自由不是維持害怕失去選項，而是能承擔選擇。,若不把害怕失去選項叫做自由，你真正想鬆開的是什麼？,"[""自由"", ""害怕失去選項"", ""健康""]","[""健康"", ""壓力""]",TruthOS seed dataset,freedom 自由 FRE_005 害怕失去選項 健康壓力中的害怕失去選項盲點 在健康壓力中，把害怕失去選項誤認成自由，因此逃開了真正的承擔，讓責任位置變得混亂。 只有維持害怕失去選項，我才算自由。 自由不是維持害怕失去選項，而是能承擔選擇。 自由 害怕失去選項 健康 健康 壓力,2026-06-04T10:25:52.059328+00:00,2026-06-04T10:25:52.059328+00:00,[],dialogue,,
tp_fre_056,freedom,FRE_005,創作卡關中的害怕失去選項盲點,在創作卡關中，把害怕失去選項誤認成自由，因此逃開了真正的承擔，使真正的需求被遮住。,只有維持害怕失去選項，我才算自由。,自由不是維持害怕失去選項，而是能承擔選擇。,若不把害怕失去選項叫做自由，你真正想鬆開的是什麼？,"[""自由"", ""害怕失去選項"", ""創作""]","[""創作"", ""表達""]",TruthOS seed dataset,freedom 自由 FRE_005 害怕失去選項 創作卡關中的害怕失去選項盲點 在創作卡關中，把害怕失去選項誤認成自由，因此逃開了真正的承擔，使真正的需求被遮住。 只有維持害怕失去選項，我才算自由。 自由不是維持害怕失去選項，而是能承擔選擇。 自由 害怕失去選項 創作 創作 表達,2026-06-04T10:25:52.059328+00:00,2026-06-04T10:25:52.059328+00:00,[],dialogue,,
tp_fre_057,freedom,FRE_005,靈性實踐中的害怕失去選項盲點,在靈性實踐中，把害怕失去選項誤認成自由，因此逃開了真正的承擔，讓反饋失去作用。,只有維持害怕失去選項，我才算自由。,自由不是維持害怕失去選項，而是能承擔選擇。,若不把害怕失去選項叫做自由，你真正想鬆開的是什麼？,"[""自由"", ""害怕失去選項"", ""靈性""]","[""靈性"", ""自我觀察""]",TruthOS seed dataset,freedom 自由 FRE_005 害怕失去選項 靈性實踐中的害怕失去選項盲點 在靈性實踐中，把害怕失去選項誤認成自由，因此逃開了真正的承擔，讓反饋失去作用。 只有維持害怕失去選項，我才算自由。 自由不是維持害怕失去選項，而是能承擔選擇。 自由 害怕失去選項 靈性 靈性 自我觀察,2026-06-04T10:25:52.059328+00:00,2026-06-04T10:25:52.059328+00:00,[],dialogue,,
tp_fre_058,freedom,FRE_005,重大失落中的害怕失去選項盲點,在重大失落中，把害怕失去選項誤認成自由，因此逃開了真正的承擔，讓信任開始鬆動。,只有維持害怕失去選項，我才算自由。,自由不是維持害怕失去選項，而是能承擔選擇。,若不把害怕失去選項叫做自由，你真正想鬆開的是什麼？,"[""自由"", ""害怕失去選項"", ""失落""]","[""失落"", ""轉化""]",TruthOS seed dataset,freedom 自由 FRE_005 害怕失去選項 重大失落中的害怕失去選項盲點 在重大失落中，把害怕失去選項誤認成自由，因此逃開了真正的承擔，讓信任開始鬆動。 只有維持害怕失去選項，我才算自由。 自由不是維持害怕失去選項，而是能承擔選擇。 自由 害怕失去選項 失落 失落 轉化,2026-06-04T10:25:52.059328+00:00,2026-06-04T10:25:52.059328+00:00,[],dialogue,,
tp_fre_059,freedom,FRE_005,教養現場中的害怕失去選項盲點,在教養現場中，把害怕失去選項誤認成自由，因此逃開了真正的承擔，讓決定越來越僵硬。,只有維持害怕失去選項，我才算自由。,自由不是維持害怕失去選項，而是能承擔選擇。,若不把害怕失去選項叫做自由，你真正想鬆開的是什麼？,"[""自由"", ""害怕失去選項"", ""教養""]","[""親子"", ""教養""]",TruthOS seed dataset,freedom 自由 FRE_005 害怕失去選項 教養現場中的害怕失去選項盲點 在教養現場中，把害怕失去選項誤認成自由，因此逃開了真正的承擔，讓決定越來越僵硬。 只有維持害怕失去選項，我才算自由。 自由不是維持害怕失去選項，而是能承擔選擇。 自由 害怕失去選項 教養 親子 教養,2026-06-04T10:25:52.059328+00:00,2026-06-04T10:25:52.059328+00:00,[],dialogue,,
tp_fre_060,freedom,FRE_005,團隊回饋中的害怕失去選項盲點,在團隊回饋中，把害怕失去選項誤認成自由，因此逃開了真正的承擔，讓內在更難安定。,只有維持害怕失去選項，我才算自由。,自由不是維持害怕失去選項，而是能承擔選擇。,若不把害怕失去選項叫做自由，你真正想鬆開的是什麼？,"[""自由"", ""害怕失去選項"", ""回饋""]","[""團隊"", ""回饋""]",TruthOS seed dataset,freedom 自由 FRE_005 害怕失去選項 團隊回饋中的害怕失去選項盲點 在團隊回饋中，把害怕失去選項誤認成自由，因此逃開了真正的承擔，讓內在更難安定。 只有維持害怕失去選項，我才算自由。 自由不是維持害怕失去選項，而是能承擔選擇。 自由 害怕失去選項 回饋 團隊 回饋,2026-06-04T10:25:52.059328+00:00,2026-06-04T10:25:52.059328+00:00,[],dialogue,,
tp_fre_061,freedom,FRE_005,社群曝光中的害怕失去選項盲點,在社群曝光中，把害怕失去選項誤認成自由，因此逃開了真正的承擔，使互動落入重複循環。,只有維持害怕失去選項，我才算自由。,自由不是維持害怕失去選項，而是能承擔選擇。,若不把害怕失去選項叫做自由，你真正想鬆開的是什麼？,"[""自由"", ""害怕失去選項"", ""社群""]","[""社群"", ""自我價值""]",TruthOS seed dataset,freedom 自由 FRE_005 害怕失去選項 社群曝光中的害怕失去選項盲點 在社群曝光中，把害怕失去選項誤認成自由，因此逃開了真正的承擔，使互動落入重複循環。 只有維持害怕失去選項，我才算自由。 自由不是維持害怕失去選項，而是能承擔選擇。 自由 害怕失去選項 社群 社群 自我價值,2026-06-04T10:25:52.059328+00:00,2026-06-04T10:25:52.059328+00:00,[],dialogue,,
tp_fre_062,freedom,FRE_005,家庭對話中的害怕失去選項盲點,在家庭對話中，把害怕失去選項誤認成自由，因此逃開了真正的承擔，讓看見真相的空間縮小。,只有維持害怕失去選項，我才算自由。,自由不是維持害怕失去選項，而是能承擔選擇。,若不把害怕失去選項叫做自由，你真正想鬆開的是什麼？,"[""自由"", ""害怕失去選項"", ""家庭""]","[""家庭"", ""親子""]",TruthOS seed dataset,freedom 自由 FRE_005 害怕失去選項 家庭對話中的害怕失去選項盲點 在家庭對話中，把害怕失去選項誤認成自由，因此逃開了真正的承擔，讓看見真相的空間縮小。 只有維持害怕失去選項，我才算自由。 自由不是維持害怕失去選項，而是能承擔選擇。 自由 害怕失去選項 家庭 家庭 親子,2026-06-04T10:25:52.059328+00:00,2026-06-04T10:25:52.059328+00:00,[],dialogue,,
tp_fre_063,freedom,FRE_005,伴侶衝突中的害怕失去選項盲點,在伴侶衝突中，把害怕失去選項誤認成自由，因此逃開了真正的承擔，讓支持變成壓力。,只有維持害怕失去選項，我才算自由。,自由不是維持害怕失去選項，而是能承擔選擇。,若不把害怕失去選項叫做自由，你真正想鬆開的是什麼？,"[""自由"", ""害怕失去選項"", ""伴侶""]","[""伴侶"", ""界線""]",TruthOS seed dataset,freedom 自由 FRE_005 害怕失去選項 伴侶衝突中的害怕失去選項盲點 在伴侶衝突中，把害怕失去選項誤認成自由，因此逃開了真正的承擔，讓支持變成壓力。 只有維持害怕失去選項，我才算自由。 自由不是維持害怕失去選項，而是能承擔選擇。 自由 害怕失去選項 伴侶 伴侶 界線,2026-06-04T10:25:52.059328+00:00,2026-06-04T10:25:52.059328+00:00,[],dialogue,,
tp_fre_064,freedom,FRE_005,職場協作中的害怕失去選項盲點,在職場協作中，把害怕失去選項誤認成自由，因此逃開了真正的承擔，讓改變停在表面。,只有維持害怕失去選項，我才算自由。,自由不是維持害怕失去選項，而是能承擔選擇。,若不把害怕失去選項叫做自由，你真正想鬆開的是什麼？,"[""自由"", ""害怕失去選項"", ""職場""]","[""工作"", ""團隊""]",TruthOS seed dataset,freedom 自由 FRE_005 害怕失去選項 職場協作中的害怕失去選項盲點 在職場協作中，把害怕失去選項誤認成自由，因此逃開了真正的承擔，讓改變停在表面。 只有維持害怕失去選項，我才算自由。 自由不是維持害怕失去選項，而是能承擔選擇。 自由 害怕失去選項 職場 工作 團隊,2026-06-04T10:25:52.059328+00:00,2026-06-04T10:25:52.059328+00:00,[],dialogue,,
tp_fre_065,freedom,FRE_006,金錢選擇中的把反抗當自由盲點,在金錢選擇中，把把反抗當自由誤認成自由，因此逃開了真正的承擔，讓資源交換變得扭曲。,只有維持把反抗當自由，我才算自由。,自由不是維持把反抗當自由，而是能承擔選擇。,若不把把反抗當自由叫做自由，你真正想鬆開的是什麼？,"[""自由"", ""把反抗當自由"", ""金錢""]","[""金錢"", ""價值""]",TruthOS seed dataset,freedom 自由 FRE_006 把反抗當自由 金錢選擇中的把反抗當自由盲點 在金錢選擇中，把把反抗當自由誤認成自由，因此逃開了真正的承擔，讓資源交換變得扭曲。 只有維持把反抗當自由，我才算自由。 自由不是維持把反抗當自由，而是能承擔選擇。 自由 把反抗當自由 金錢 金錢 價值,2026-06-04T10:25:52.059328+00:00,2026-06-04T10:25:52.059328+00:00,[],dialogue,,
tp_fre_066,freedom,FRE_006,健康壓力中的把反抗當自由盲點,在健康壓力中，把把反抗當自由誤認成自由，因此逃開了真正的承擔，讓對話逐漸失衡。,只有維持把反抗當自由，我才算自由。,自由不是維持把反抗當自由，而是能承擔選擇。,若不把把反抗當自由叫做自由，你真正想鬆開的是什麼？,"[""自由"", ""把反抗當自由"", ""健康""]","[""健康"", ""壓力""]",TruthOS seed dataset,freedom 自由 FRE_006 把反抗當自由 健康壓力中的把反抗當自由盲點 在健康壓力中，把把反抗當自由誤認成自由，因此逃開了真正的承擔，讓對話逐漸失衡。 只有維持把反抗當自由，我才算自由。 自由不是維持把反抗當自由，而是能承擔選擇。 自由 把反抗當自由 健康 健康 壓力,2026-06-04T10:25:52.059328+00:00,2026-06-04T10:25:52.059328+00:00,[],dialogue,,
tp_fre_067,freedom,FRE_006,創作卡關中的把反抗當自由盲點,在創作卡關中，把把反抗當自由誤認成自由，因此逃開了真正的承擔，讓界線變得模糊。,只有維持把反抗當自由，我才算自由。,自由不是維持把反抗當自由，而是能承擔選擇。,若不把把反抗當自由叫做自由，你真正想鬆開的是什麼？,"[""自由"", ""把反抗當自由"", ""創作""]","[""創作"", ""表達""]",TruthOS seed dataset,freedom 自由 FRE_006 把反抗當自由 創作卡關中的把反抗當自由盲點 在創作卡關中，把把反抗當自由誤認成自由，因此逃開了真正的承擔，讓界線變得模糊。 只有維持把反抗當自由，我才算自由。 自由不是維持把反抗當自由，而是能承擔選擇。 自由 把反抗當自由 創作 創作 表達,2026-06-04T10:25:52.059328+00:00,2026-06-04T10:25:52.059328+00:00,[],dialogue,,
tp_fre_068,freedom,FRE_006,靈性實踐中的把反抗當自由盲點,在靈性實踐中，把把反抗當自由誤認成自由，因此逃開了真正的承擔，讓責任位置變得混亂。,只有維持把反抗當自由，我才算自由。,自由不是維持把反抗當自由，而是能承擔選擇。,若不把把反抗當自由叫做自由，你真正想鬆開的是什麼？,"[""自由"", ""把反抗當自由"", ""靈性""]","[""靈性"", ""自我觀察""]",TruthOS seed dataset,freedom 自由 FRE_006 把反抗當自由 靈性實踐中的把反抗當自由盲點 在靈性實踐中，把把反抗當自由誤認成自由，因此逃開了真正的承擔，讓責任位置變得混亂。 只有維持把反抗當自由，我才算自由。 自由不是維持把反抗當自由，而是能承擔選擇。 自由 把反抗當自由 靈性 靈性 自我觀察,2026-06-04T10:25:52.059328+00:00,2026-06-04T10:25:52.059328+00:00,[],dialogue,,
tp_fre_069,freedom,FRE_006,重大失落中的把反抗當自由盲點,在重大失落中，把把反抗當自由誤認成自由，因此逃開了真正的承擔，使真正的需求被遮住。,只有維持把反抗當自由，我才算自由。,自由不是維持把反抗當自由，而是能承擔選擇。,若不把把反抗當自由叫做自由，你真正想鬆開的是什麼？,"[""自由"", ""把反抗當自由"", ""失落""]","[""失落"", ""轉化""]",TruthOS seed dataset,freedom 自由 FRE_006 把反抗當自由 重大失落中的把反抗當自由盲點 在重大失落中，把把反抗當自由誤認成自由，因此逃開了真正的承擔，使真正的需求被遮住。 只有維持把反抗當自由，我才算自由。 自由不是維持把反抗當自由，而是能承擔選擇。 自由 把反抗當自由 失落 失落 轉化,2026-06-04T10:25:52.059328+00:00,2026-06-04T10:25:52.059328+00:00,[],dialogue,,
tp_fre_070,freedom,FRE_006,教養現場中的把反抗當自由盲點,在教養現場中，把把反抗當自由誤認成自由，因此逃開了真正的承擔，讓反饋失去作用。,只有維持把反抗當自由，我才算自由。,自由不是維持把反抗當自由，而是能承擔選擇。,若不把把反抗當自由叫做自由，你真正想鬆開的是什麼？,"[""自由"", ""把反抗當自由"", ""教養""]","[""親子"", ""教養""]",TruthOS seed dataset,freedom 自由 FRE_006 把反抗當自由 教養現場中的把反抗當自由盲點 在教養現場中，把把反抗當自由誤認成自由，因此逃開了真正的承擔，讓反饋失去作用。 只有維持把反抗當自由，我才算自由。 自由不是維持把反抗當自由，而是能承擔選擇。 自由 把反抗當自由 教養 親子 教養,2026-06-04T10:25:52.059328+00:00,2026-06-04T10:25:52.059328+00:00,[],dialogue,,
tp_fre_071,freedom,FRE_006,團隊回饋中的把反抗當自由盲點,在團隊回饋中，把把反抗當自由誤認成自由，因此逃開了真正的承擔，讓信任開始鬆動。,只有維持把反抗當自由，我才算自由。,自由不是維持把反抗當自由，而是能承擔選擇。,若不把把反抗當自由叫做自由，你真正想鬆開的是什麼？,"[""自由"", ""把反抗當自由"", ""回饋""]","[""團隊"", ""回饋""]",TruthOS seed dataset,freedom 自由 FRE_006 把反抗當自由 團隊回饋中的把反抗當自由盲點 在團隊回饋中，把把反抗當自由誤認成自由，因此逃開了真正的承擔，讓信任開始鬆動。 只有維持把反抗當自由，我才算自由。 自由不是維持把反抗當自由，而是能承擔選擇。 自由 把反抗當自由 回饋 團隊 回饋,2026-06-04T10:25:52.059328+00:00,2026-06-04T10:25:52.059328+00:00,[],dialogue,,
tp_fre_072,freedom,FRE_006,社群曝光中的把反抗當自由盲點,在社群曝光中，把把反抗當自由誤認成自由，因此逃開了真正的承擔，讓決定越來越僵硬。,只有維持把反抗當自由，我才算自由。,自由不是維持把反抗當自由，而是能承擔選擇。,若不把把反抗當自由叫做自由，你真正想鬆開的是什麼？,"[""自由"", ""把反抗當自由"", ""社群""]","[""社群"", ""自我價值""]",TruthOS seed dataset,freedom 自由 FRE_006 把反抗當自由 社群曝光中的把反抗當自由盲點 在社群曝光中，把把反抗當自由誤認成自由，因此逃開了真正的承擔，讓決定越來越僵硬。 只有維持把反抗當自由，我才算自由。 自由不是維持把反抗當自由，而是能承擔選擇。 自由 把反抗當自由 社群 社群 自我價值,2026-06-04T10:25:52.059328+00:00,2026-06-04T10:25:52.059328+00:00,[],dialogue,,
tp_fre_073,freedom,FRE_006,家庭對話中的把反抗當自由盲點,在家庭對話中，把把反抗當自由誤認成自由，因此逃開了真正的承擔，讓內在更難安定。,只有維持把反抗當自由，我才算自由。,自由不是維持把反抗當自由，而是能承擔選擇。,若不把把反抗當自由叫做自由，你真正想鬆開的是什麼？,"[""自由"", ""把反抗當自由"", ""家庭""]","[""家庭"", ""親子""]",TruthOS seed dataset,freedom 自由 FRE_006 把反抗當自由 家庭對話中的把反抗當自由盲點 在家庭對話中，把把反抗當自由誤認成自由，因此逃開了真正的承擔，讓內在更難安定。 只有維持把反抗當自由，我才算自由。 自由不是維持把反抗當自由，而是能承擔選擇。 自由 把反抗當自由 家庭 家庭 親子,2026-06-04T10:25:52.059328+00:00,2026-06-04T10:25:52.059328+00:00,[],dialogue,,
tp_fre_074,freedom,FRE_006,伴侶衝突中的把反抗當自由盲點,在伴侶衝突中，把把反抗當自由誤認成自由，因此逃開了真正的承擔，使互動落入重複循環。,只有維持把反抗當自由，我才算自由。,自由不是維持把反抗當自由，而是能承擔選擇。,若不把把反抗當自由叫做自由，你真正想鬆開的是什麼？,"[""自由"", ""把反抗當自由"", ""伴侶""]","[""伴侶"", ""界線""]",TruthOS seed dataset,freedom 自由 FRE_006 把反抗當自由 伴侶衝突中的把反抗當自由盲點 在伴侶衝突中，把把反抗當自由誤認成自由，因此逃開了真正的承擔，使互動落入重複循環。 只有維持把反抗當自由，我才算自由。 自由不是維持把反抗當自由，而是能承擔選擇。 自由 把反抗當自由 伴侶 伴侶 界線,2026-06-04T10:25:52.059328+00:00,2026-06-04T10:25:52.059328+00:00,[],dialogue,,
tp_fre_075,freedom,FRE_006,職場協作中的把反抗當自由盲點,在職場協作中，把把反抗當自由誤認成自由，因此逃開了真正的承擔，讓看見真相的空間縮小。,只有維持把反抗當自由，我才算自由。,自由不是維持把反抗當自由，而是能承擔選擇。,若不把把反抗當自由叫做自由，你真正想鬆開的是什麼？,"[""自由"", ""把反抗當自由"", ""職場""]","[""工作"", ""團隊""]",TruthOS seed dataset,freedom 自由 FRE_006 把反抗當自由 職場協作中的把反抗當自由盲點 在職場協作中，把把反抗當自由誤認成自由，因此逃開了真正的承擔，讓看見真相的空間縮小。 只有維持把反抗當自由，我才算自由。 自由不是維持把反抗當自由，而是能承擔選擇。 自由 把反抗當自由 職場 工作 團隊,2026-06-04T10:25:52.059328+00:00,2026-06-04T10:25:52.059328+00:00,[],dialogue,,
tp_fre_076,freedom,FRE_006,領導決策中的把反抗當自由盲點,在領導決策中，把把反抗當自由誤認成自由，因此逃開了真正的承擔，讓支持變成壓力。,只有維持把反抗當自由，我才算自由。,自由不是維持把反抗當自由，而是能承擔選擇。,若不把把反抗當自由叫做自由，你真正想鬆開的是什麼？,"[""自由"", ""把反抗當自由"", ""領導""]","[""領導"", ""決策""]",TruthOS seed dataset,freedom 自由 FRE_006 把反抗當自由 領導決策中的把反抗當自由盲點 在領導決策中，把把反抗當自由誤認成自由，因此逃開了真正的承擔，讓支持變成壓力。 只有維持把反抗當自由，我才算自由。 自由不是維持把反抗當自由，而是能承擔選擇。 自由 把反抗當自由 領導 領導 決策,2026-06-04T10:25:52.059328+00:00,2026-06-04T10:25:52.059328+00:00,[],dialogue,,
tp_fre_077,freedom,FRE_007,健康壓力中的過度獨立盲點,在健康壓力中，把過度獨立誤認成自由，因此逃開了真正的承擔，讓改變停在表面。,只有維持過度獨立，我才算自由。,自由不是維持過度獨立，而是能承擔選擇。,若不把過度獨立叫做自由，你真正想鬆開的是什麼？,"[""自由"", ""過度獨立"", ""健康""]","[""健康"", ""壓力""]",TruthOS seed dataset,freedom 自由 FRE_007 過度獨立 健康壓力中的過度獨立盲點 在健康壓力中，把過度獨立誤認成自由，因此逃開了真正的承擔，讓改變停在表面。 只有維持過度獨立，我才算自由。 自由不是維持過度獨立，而是能承擔選擇。 自由 過度獨立 健康 健康 壓力,2026-06-04T10:25:52.059328+00:00,2026-06-04T10:25:52.059328+00:00,[],dialogue,,
tp_fre_078,freedom,FRE_007,創作卡關中的過度獨立盲點,在創作卡關中，把過度獨立誤認成自由，因此逃開了真正的承擔，讓資源交換變得扭曲。,只有維持過度獨立，我才算自由。,自由不是維持過度獨立，而是能承擔選擇。,若不把過度獨立叫做自由，你真正想鬆開的是什麼？,"[""自由"", ""過度獨立"", ""創作""]","[""創作"", ""表達""]",TruthOS seed dataset,freedom 自由 FRE_007 過度獨立 創作卡關中的過度獨立盲點 在創作卡關中，把過度獨立誤認成自由，因此逃開了真正的承擔，讓資源交換變得扭曲。 只有維持過度獨立，我才算自由。 自由不是維持過度獨立，而是能承擔選擇。 自由 過度獨立 創作 創作 表達,2026-06-04T10:25:52.059328+00:00,2026-06-04T10:25:52.059328+00:00,[],dialogue,,
tp_fre_079,freedom,FRE_007,靈性實踐中的過度獨立盲點,在靈性實踐中，把過度獨立誤認成自由，因此逃開了真正的承擔，讓對話逐漸失衡。,只有維持過度獨立，我才算自由。,自由不是維持過度獨立，而是能承擔選擇。,若不把過度獨立叫做自由，你真正想鬆開的是什麼？,"[""自由"", ""過度獨立"", ""靈性""]","[""靈性"", ""自我觀察""]",TruthOS seed dataset,freedom 自由 FRE_007 過度獨立 靈性實踐中的過度獨立盲點 在靈性實踐中，把過度獨立誤認成自由，因此逃開了真正的承擔，讓對話逐漸失衡。 只有維持過度獨立，我才算自由。 自由不是維持過度獨立，而是能承擔選擇。 自由 過度獨立 靈性 靈性 自我觀察,2026-06-04T10:25:52.059328+00:00,2026-06-04T10:25:52.059328+00:00,[],dialogue,,
tp_fre_080,freedom,FRE_007,重大失落中的過度獨立盲點,在重大失落中，把過度獨立誤認成自由，因此逃開了真正的承擔，讓界線變得模糊。,只有維持過度獨立，我才算自由。,自由不是維持過度獨立，而是能承擔選擇。,若不把過度獨立叫做自由，你真正想鬆開的是什麼？,"[""自由"", ""過度獨立"", ""失落""]","[""失落"", ""轉化""]",TruthOS seed dataset,freedom 自由 FRE_007 過度獨立 重大失落中的過度獨立盲點 在重大失落中，把過度獨立誤認成自由，因此逃開了真正的承擔，讓界線變得模糊。 只有維持過度獨立，我才算自由。 自由不是維持過度獨立，而是能承擔選擇。 自由 過度獨立 失落 失落 轉化,2026-06-04T10:25:52.059328+00:00,2026-06-04T10:25:52.059328+00:00,[],dialogue,,
tp_fre_081,freedom,FRE_007,教養現場中的過度獨立盲點,在教養現場中，把過度獨立誤認成自由，因此逃開了真正的承擔，讓責任位置變得混亂。,只有維持過度獨立，我才算自由。,自由不是維持過度獨立，而是能承擔選擇。,若不把過度獨立叫做自由，你真正想鬆開的是什麼？,"[""自由"", ""過度獨立"", ""教養""]","[""親子"", ""教養""]",TruthOS seed dataset,freedom 自由 FRE_007 過度獨立 教養現場中的過度獨立盲點 在教養現場中，把過度獨立誤認成自由，因此逃開了真正的承擔，讓責任位置變得混亂。 只有維持過度獨立，我才算自由。 自由不是維持過度獨立，而是能承擔選擇。 自由 過度獨立 教養 親子 教養,2026-06-04T10:25:52.059328+00:00,2026-06-04T10:25:52.059328+00:00,[],dialogue,,
tp_fre_082,freedom,FRE_007,團隊回饋中的過度獨立盲點,在團隊回饋中，把過度獨立誤認成自由，因此逃開了真正的承擔，使真正的需求被遮住。,只有維持過度獨立，我才算自由。,自由不是維持過度獨立，而是能承擔選擇。,若不把過度獨立叫做自由，你真正想鬆開的是什麼？,"[""自由"", ""過度獨立"", ""回饋""]","[""團隊"", ""回饋""]",TruthOS seed dataset,freedom 自由 FRE_007 過度獨立 團隊回饋中的過度獨立盲點 在團隊回饋中，把過度獨立誤認成自由，因此逃開了真正的承擔，使真正的需求被遮住。 只有維持過度獨立，我才算自由。 自由不是維持過度獨立，而是能承擔選擇。 自由 過度獨立 回饋 團隊 回饋,2026-06-04T10:25:52.059328+00:00,2026-06-04T10:25:52.059328+00:00,[],dialogue,,
tp_fre_083,freedom,FRE_007,社群曝光中的過度獨立盲點,在社群曝光中，把過度獨立誤認成自由，因此逃開了真正的承擔，讓反饋失去作用。,只有維持過度獨立，我才算自由。,自由不是維持過度獨立，而是能承擔選擇。,若不把過度獨立叫做自由，你真正想鬆開的是什麼？,"[""自由"", ""過度獨立"", ""社群""]","[""社群"", ""自我價值""]",TruthOS seed dataset,freedom 自由 FRE_007 過度獨立 社群曝光中的過度獨立盲點 在社群曝光中，把過度獨立誤認成自由，因此逃開了真正的承擔，讓反饋失去作用。 只有維持過度獨立，我才算自由。 自由不是維持過度獨立，而是能承擔選擇。 自由 過度獨立 社群 社群 自我價值,2026-06-04T10:25:52.059328+00:00,2026-06-04T10:25:52.059328+00:00,[],dialogue,,
tp_fre_084,freedom,FRE_007,家庭對話中的過度獨立盲點,在家庭對話中，把過度獨立誤認成自由，因此逃開了真正的承擔，讓信任開始鬆動。,只有維持過度獨立，我才算自由。,自由不是維持過度獨立，而是能承擔選擇。,若不把過度獨立叫做自由，你真正想鬆開的是什麼？,"[""自由"", ""過度獨立"", ""家庭""]","[""家庭"", ""親子""]",TruthOS seed dataset,freedom 自由 FRE_007 過度獨立 家庭對話中的過度獨立盲點 在家庭對話中，把過度獨立誤認成自由，因此逃開了真正的承擔，讓信任開始鬆動。 只有維持過度獨立，我才算自由。 自由不是維持過度獨立，而是能承擔選擇。 自由 過度獨立 家庭 家庭 親子,2026-06-04T10:25:52.059328+00:00,2026-06-04T10:25:52.059328+00:00,[],dialogue,,
tp_fre_085,freedom,FRE_007,伴侶衝突中的過度獨立盲點,在伴侶衝突中，把過度獨立誤認成自由，因此逃開了真正的承擔，讓決定越來越僵硬。,只有維持過度獨立，我才算自由。,自由不是維持過度獨立，而是能承擔選擇。,若不把過度獨立叫做自由，你真正想鬆開的是什麼？,"[""自由"", ""過度獨立"", ""伴侶""]","[""伴侶"", ""界線""]",TruthOS seed dataset,freedom 自由 FRE_007 過度獨立 伴侶衝突中的過度獨立盲點 在伴侶衝突中，把過度獨立誤認成自由，因此逃開了真正的承擔，讓決定越來越僵硬。 只有維持過度獨立，我才算自由。 自由不是維持過度獨立，而是能承擔選擇。 自由 過度獨立 伴侶 伴侶 界線,2026-06-04T10:25:52.059328+00:00,2026-06-04T10:25:52.059328+00:00,[],dialogue,,
tp_fre_086,freedom,FRE_007,職場協作中的過度獨立盲點,在職場協作中，把過度獨立誤認成自由，因此逃開了真正的承擔，讓內在更難安定。,只有維持過度獨立，我才算自由。,自由不是維持過度獨立，而是能承擔選擇。,若不把過度獨立叫做自由，你真正想鬆開的是什麼？,"[""自由"", ""過度獨立"", ""職場""]","[""工作"", ""團隊""]",TruthOS seed dataset,freedom 自由 FRE_007 過度獨立 職場協作中的過度獨立盲點 在職場協作中，把過度獨立誤認成自由，因此逃開了真正的承擔，讓內在更難安定。 只有維持過度獨立，我才算自由。 自由不是維持過度獨立，而是能承擔選擇。 自由 過度獨立 職場 工作 團隊,2026-06-04T10:25:52.059328+00:00,2026-06-04T10:25:52.059328+00:00,[],dialogue,,
tp_fre_087,freedom,FRE_007,領導決策中的過度獨立盲點,在領導決策中，把過度獨立誤認成自由，因此逃開了真正的承擔，使互動落入重複循環。,只有維持過度獨立，我才算自由。,自由不是維持過度獨立，而是能承擔選擇。,若不把過度獨立叫做自由，你真正想鬆開的是什麼？,"[""自由"", ""過度獨立"", ""領導""]","[""領導"", ""決策""]",TruthOS seed dataset,freedom 自由 FRE_007 過度獨立 領導決策中的過度獨立盲點 在領導決策中，把過度獨立誤認成自由，因此逃開了真正的承擔，使互動落入重複循環。 只有維持過度獨立，我才算自由。 自由不是維持過度獨立，而是能承擔選擇。 自由 過度獨立 領導 領導 決策,2026-06-04T10:25:52.059328+00:00,2026-06-04T10:25:52.059328+00:00,[],dialogue,,
tp_fre_088,freedom,FRE_007,朋友互動中的過度獨立盲點,在朋友互動中，把過度獨立誤認成自由，因此逃開了真正的承擔，讓看見真相的空間縮小。,只有維持過度獨立，我才算自由。,自由不是維持過度獨立，而是能承擔選擇。,若不把過度獨立叫做自由，你真正想鬆開的是什麼？,"[""自由"", ""過度獨立"", ""友誼""]","[""友誼"", ""界線""]",TruthOS seed dataset,freedom 自由 FRE_007 過度獨立 朋友互動中的過度獨立盲點 在朋友互動中，把過度獨立誤認成自由，因此逃開了真正的承擔，讓看見真相的空間縮小。 只有維持過度獨立，我才算自由。 自由不是維持過度獨立，而是能承擔選擇。 自由 過度獨立 友誼 友誼 界線,2026-06-04T10:25:52.059328+00:00,2026-06-04T10:25:52.059328+00:00,[],dialogue,,
tp_fre_089,freedom,FRE_008,創作卡關中的被角色綁住盲點,在創作卡關中，把被角色綁住誤認成自由，因此逃開了真正的承擔，讓支持變成壓力。,只有維持被角色綁住，我才算自由。,自由不是維持被角色綁住，而是能承擔選擇。,若不把被角色綁住叫做自由，你真正想鬆開的是什麼？,"[""自由"", ""被角色綁住"", ""創作""]","[""創作"", ""表達""]",TruthOS seed dataset,freedom 自由 FRE_008 被角色綁住 創作卡關中的被角色綁住盲點 在創作卡關中，把被角色綁住誤認成自由，因此逃開了真正的承擔，讓支持變成壓力。 只有維持被角色綁住，我才算自由。 自由不是維持被角色綁住，而是能承擔選擇。 自由 被角色綁住 創作 創作 表達,2026-06-04T10:25:52.059328+00:00,2026-06-04T10:25:52.059328+00:00,[],dialogue,,
tp_fre_090,freedom,FRE_008,靈性實踐中的被角色綁住盲點,在靈性實踐中，把被角色綁住誤認成自由，因此逃開了真正的承擔，讓改變停在表面。,只有維持被角色綁住，我才算自由。,自由不是維持被角色綁住，而是能承擔選擇。,若不把被角色綁住叫做自由，你真正想鬆開的是什麼？,"[""自由"", ""被角色綁住"", ""靈性""]","[""靈性"", ""自我觀察""]",TruthOS seed dataset,freedom 自由 FRE_008 被角色綁住 靈性實踐中的被角色綁住盲點 在靈性實踐中，把被角色綁住誤認成自由，因此逃開了真正的承擔，讓改變停在表面。 只有維持被角色綁住，我才算自由。 自由不是維持被角色綁住，而是能承擔選擇。 自由 被角色綁住 靈性 靈性 自我觀察,2026-06-04T10:25:52.059328+00:00,2026-06-04T10:25:52.059328+00:00,[],dialogue,,
tp_fre_091,freedom,FRE_008,重大失落中的被角色綁住盲點,在重大失落中，把被角色綁住誤認成自由，因此逃開了真正的承擔，讓資源交換變得扭曲。,只有維持被角色綁住，我才算自由。,自由不是維持被角色綁住，而是能承擔選擇。,若不把被角色綁住叫做自由，你真正想鬆開的是什麼？,"[""自由"", ""被角色綁住"", ""失落""]","[""失落"", ""轉化""]",TruthOS seed dataset,freedom 自由 FRE_008 被角色綁住 重大失落中的被角色綁住盲點 在重大失落中，把被角色綁住誤認成自由，因此逃開了真正的承擔，讓資源交換變得扭曲。 只有維持被角色綁住，我才算自由。 自由不是維持被角色綁住，而是能承擔選擇。 自由 被角色綁住 失落 失落 轉化,2026-06-04T10:25:52.059328+00:00,2026-06-04T10:25:52.059328+00:00,[],dialogue,,
tp_fre_092,freedom,FRE_008,教養現場中的被角色綁住盲點,在教養現場中，把被角色綁住誤認成自由，因此逃開了真正的承擔，讓對話逐漸失衡。,只有維持被角色綁住，我才算自由。,自由不是維持被角色綁住，而是能承擔選擇。,若不把被角色綁住叫做自由，你真正想鬆開的是什麼？,"[""自由"", ""被角色綁住"", ""教養""]","[""親子"", ""教養""]",TruthOS seed dataset,freedom 自由 FRE_008 被角色綁住 教養現場中的被角色綁住盲點 在教養現場中，把被角色綁住誤認成自由，因此逃開了真正的承擔，讓對話逐漸失衡。 只有維持被角色綁住，我才算自由。 自由不是維持被角色綁住，而是能承擔選擇。 自由 被角色綁住 教養 親子 教養,2026-06-04T10:25:52.059328+00:00,2026-06-04T10:25:52.059328+00:00,[],dialogue,,
tp_fre_093,freedom,FRE_008,團隊回饋中的被角色綁住盲點,在團隊回饋中，把被角色綁住誤認成自由，因此逃開了真正的承擔，讓界線變得模糊。,只有維持被角色綁住，我才算自由。,自由不是維持被角色綁住，而是能承擔選擇。,若不把被角色綁住叫做自由，你真正想鬆開的是什麼？,"[""自由"", ""被角色綁住"", ""回饋""]","[""團隊"", ""回饋""]",TruthOS seed dataset,freedom 自由 FRE_008 被角色綁住 團隊回饋中的被角色綁住盲點 在團隊回饋中，把被角色綁住誤認成自由，因此逃開了真正的承擔，讓界線變得模糊。 只有維持被角色綁住，我才算自由。 自由不是維持被角色綁住，而是能承擔選擇。 自由 被角色綁住 回饋 團隊 回饋,2026-06-04T10:25:52.059328+00:00,2026-06-04T10:25:52.059328+00:00,[],dialogue,,
tp_fre_094,freedom,FRE_008,社群曝光中的被角色綁住盲點,在社群曝光中，把被角色綁住誤認成自由，因此逃開了真正的承擔，讓責任位置變得混亂。,只有維持被角色綁住，我才算自由。,自由不是維持被角色綁住，而是能承擔選擇。,若不把被角色綁住叫做自由，你真正想鬆開的是什麼？,"[""自由"", ""被角色綁住"", ""社群""]","[""社群"", ""自我價值""]",TruthOS seed dataset,freedom 自由 FRE_008 被角色綁住 社群曝光中的被角色綁住盲點 在社群曝光中，把被角色綁住誤認成自由，因此逃開了真正的承擔，讓責任位置變得混亂。 只有維持被角色綁住，我才算自由。 自由不是維持被角色綁住，而是能承擔選擇。 自由 被角色綁住 社群 社群 自我價值,2026-06-04T10:25:52.059328+00:00,2026-06-04T10:25:52.059328+00:00,[],dialogue,,
tp_fre_095,freedom,FRE_008,家庭對話中的被角色綁住盲點,在家庭對話中，把被角色綁住誤認成自由，因此逃開了真正的承擔，使真正的需求被遮住。,只有維持被角色綁住，我才算自由。,自由不是維持被角色綁住，而是能承擔選擇。,若不把被角色綁住叫做自由，你真正想鬆開的是什麼？,"[""自由"", ""被角色綁住"", ""家庭""]","[""家庭"", ""親子""]",TruthOS seed dataset,freedom 自由 FRE_008 被角色綁住 家庭對話中的被角色綁住盲點 在家庭對話中，把被角色綁住誤認成自由，因此逃開了真正的承擔，使真正的需求被遮住。 只有維持被角色綁住，我才算自由。 自由不是維持被角色綁住，而是能承擔選擇。 自由 被角色綁住 家庭 家庭 親子,2026-06-04T10:25:52.059328+00:00,2026-06-04T10:25:52.059328+00:00,[],dialogue,,
tp_fre_096,freedom,FRE_008,伴侶衝突中的被角色綁住盲點,在伴侶衝突中，把被角色綁住誤認成自由，因此逃開了真正的承擔，讓反饋失去作用。,只有維持被角色綁住，我才算自由。,自由不是維持被角色綁住，而是能承擔選擇。,若不把被角色綁住叫做自由，你真正想鬆開的是什麼？,"[""自由"", ""被角色綁住"", ""伴侶""]","[""伴侶"", ""界線""]",TruthOS seed dataset,freedom 自由 FRE_008 被角色綁住 伴侶衝突中的被角色綁住盲點 在伴侶衝突中，把被角色綁住誤認成自由，因此逃開了真正的承擔，讓反饋失去作用。 只有維持被角色綁住，我才算自由。 自由不是維持被角色綁住，而是能承擔選擇。 自由 被角色綁住 伴侶 伴侶 界線,2026-06-04T10:25:52.059328+00:00,2026-06-04T10:25:52.059328+00:00,[],dialogue,,
tp_fre_097,freedom,FRE_008,職場協作中的被角色綁住盲點,在職場協作中，把被角色綁住誤認成自由，因此逃開了真正的承擔，讓信任開始鬆動。,只有維持被角色綁住，我才算自由。,自由不是維持被角色綁住，而是能承擔選擇。,若不把被角色綁住叫做自由，你真正想鬆開的是什麼？,"[""自由"", ""被角色綁住"", ""職場""]","[""工作"", ""團隊""]",TruthOS seed dataset,freedom 自由 FRE_008 被角色綁住 職場協作中的被角色綁住盲點 在職場協作中，把被角色綁住誤認成自由，因此逃開了真正的承擔，讓信任開始鬆動。 只有維持被角色綁住，我才算自由。 自由不是維持被角色綁住，而是能承擔選擇。 自由 被角色綁住 職場 工作 團隊,2026-06-04T10:25:52.059328+00:00,2026-06-04T10:25:52.059328+00:00,[],dialogue,,
tp_fre_098,freedom,FRE_008,領導決策中的被角色綁住盲點,在領導決策中，把被角色綁住誤認成自由，因此逃開了真正的承擔，讓決定越來越僵硬。,只有維持被角色綁住，我才算自由。,自由不是維持被角色綁住，而是能承擔選擇。,若不把被角色綁住叫做自由，你真正想鬆開的是什麼？,"[""自由"", ""被角色綁住"", ""領導""]","[""領導"", ""決策""]",TruthOS seed dataset,freedom 自由 FRE_008 被角色綁住 領導決策中的被角色綁住盲點 在領導決策中，把被角色綁住誤認成自由，因此逃開了真正的承擔，讓決定越來越僵硬。 只有維持被角色綁住，我才算自由。 自由不是維持被角色綁住，而是能承擔選擇。 自由 被角色綁住 領導 領導 決策,2026-06-04T10:25:52.059328+00:00,2026-06-04T10:25:52.059328+00:00,[],dialogue,,
tp_fre_099,freedom,FRE_008,朋友互動中的被角色綁住盲點,在朋友互動中，把被角色綁住誤認成自由，因此逃開了真正的承擔，讓內在更難安定。,只有維持被角色綁住，我才算自由。,自由不是維持被角色綁住，而是能承擔選擇。,若不把被角色綁住叫做自由，你真正想鬆開的是什麼？,"[""自由"", ""被角色綁住"", ""友誼""]","[""友誼"", ""界線""]",TruthOS seed dataset,freedom 自由 FRE_008 被角色綁住 朋友互動中的被角色綁住盲點 在朋友互動中，把被角色綁住誤認成自由，因此逃開了真正的承擔，讓內在更難安定。 只有維持被角色綁住，我才算自由。 自由不是維持被角色綁住，而是能承擔選擇。 自由 被角色綁住 友誼 友誼 界線,2026-06-04T10:25:52.059328+00:00,2026-06-04T10:25:52.059328+00:00,[],dialogue,,
tp_fre_100,freedom,FRE_008,金錢選擇中的被角色綁住盲點,在金錢選擇中，把被角色綁住誤認成自由，因此逃開了真正的承擔，使互動落入重複循環。,只有維持被角色綁住，我才算自由。,自由不是維持被角色綁住，而是能承擔選擇。,若不把被角色綁住叫做自由，你真正想鬆開的是什麼？,"[""自由"", ""被角色綁住"", ""金錢""]","[""金錢"", ""價值""]",TruthOS seed dataset,freedom 自由 FRE_008 被角色綁住 金錢選擇中的被角色綁住盲點 在金錢選擇中，把被角色綁住誤認成自由，因此逃開了真正的承擔，使互動落入重複循環。 只有維持被角色綁住，我才算自由。 自由不是維持被角色綁住，而是能承擔選擇。 自由 被角色綁住 金錢 金錢 價值,2026-06-04T10:25:52.059328+00:00,2026-06-04T10:25:52.059328+00:00,[],dialogue,,
tp_com_001,compassion,COM_001,家庭對話中的過度承擔盲點,在家庭對話中，出於過度承擔去照顧別人，最後連自己也被耗盡，讓對話逐漸失衡。,如果不靠過度承擔回應他人，我就是自私。,真正的慈悲能照顧他人，也能鬆開過度承擔。,少一點過度承擔之後，你還能怎麼溫柔而清楚地回應？,"[""慈悲"", ""過度承擔"", ""家庭""]","[""家庭"", ""親子""]",TruthOS seed dataset,compassion 慈悲 COM_001 過度承擔 家庭對話中的過度承擔盲點 在家庭對話中，出於過度承擔去照顧別人，最後連自己也被耗盡，讓對話逐漸失衡。 如果不靠過度承擔回應他人，我就是自私。 真正的慈悲能照顧他人，也能鬆開過度承擔。 慈悲 過度承擔 家庭 家庭 親子,2026-06-04T10:25:52.059328+00:00,2026-06-04T10:25:52.059328+00:00,[],dialogue,,
tp_com_002,compassion,COM_001,伴侶衝突中的過度承擔盲點,在伴侶衝突中，出於過度承擔去照顧別人，最後連自己也被耗盡，讓界線變得模糊。,如果不靠過度承擔回應他人，我就是自私。,真正的慈悲能照顧他人，也能鬆開過度承擔。,少一點過度承擔之後，你還能怎麼溫柔而清楚地回應？,"[""慈悲"", ""過度承擔"", ""伴侶""]","[""伴侶"", ""界線""]",TruthOS seed dataset,compassion 慈悲 COM_001 過度承擔 伴侶衝突中的過度承擔盲點 在伴侶衝突中，出於過度承擔去照顧別人，最後連自己也被耗盡，讓界線變得模糊。 如果不靠過度承擔回應他人，我就是自私。 真正的慈悲能照顧他人，也能鬆開過度承擔。 慈悲 過度承擔 伴侶 伴侶 界線,2026-06-04T10:25:52.059328+00:00,2026-06-04T10:25:52.059328+00:00,[],dialogue,,
tp_com_003,compassion,COM_001,職場協作中的過度承擔盲點,在職場協作中，出於過度承擔去照顧別人，最後連自己也被耗盡，讓責任位置變得混亂。,如果不靠過度承擔回應他人，我就是自私。,真正的慈悲能照顧他人，也能鬆開過度承擔。,少一點過度承擔之後，你還能怎麼溫柔而清楚地回應？,"[""慈悲"", ""過度承擔"", ""職場""]","[""工作"", ""團隊""]",TruthOS seed dataset,compassion 慈悲 COM_001 過度承擔 職場協作中的過度承擔盲點 在職場協作中，出於過度承擔去照顧別人，最後連自己也被耗盡，讓責任位置變得混亂。 如果不靠過度承擔回應他人，我就是自私。 真正的慈悲能照顧他人，也能鬆開過度承擔。 慈悲 過度承擔 職場 工作 團隊,2026-06-04T10:25:52.059328+00:00,2026-06-04T10:25:52.059328+00:00,[],dialogue,,
tp_com_004,compassion,COM_001,領導決策中的過度承擔盲點,在領導決策中，出於過度承擔去照顧別人，最後連自己也被耗盡，使真正的需求被遮住。,如果不靠過度承擔回應他人，我就是自私。,真正的慈悲能照顧他人，也能鬆開過度承擔。,少一點過度承擔之後，你還能怎麼溫柔而清楚地回應？,"[""慈悲"", ""過度承擔"", ""領導""]","[""領導"", ""決策""]",TruthOS seed dataset,compassion 慈悲 COM_001 過度承擔 領導決策中的過度承擔盲點 在領導決策中，出於過度承擔去照顧別人，最後連自己也被耗盡，使真正的需求被遮住。 如果不靠過度承擔回應他人，我就是自私。 真正的慈悲能照顧他人，也能鬆開過度承擔。 慈悲 過度承擔 領導 領導 決策,2026-06-04T10:25:52.059328+00:00,2026-06-04T10:25:52.059328+00:00,[],dialogue,,
tp_com_005,compassion,COM_001,朋友互動中的過度承擔盲點,在朋友互動中，出於過度承擔去照顧別人，最後連自己也被耗盡，讓反饋失去作用。,如果不靠過度承擔回應他人，我就是自私。,真正的慈悲能照顧他人，也能鬆開過度承擔。,少一點過度承擔之後，你還能怎麼溫柔而清楚地回應？,"[""慈悲"", ""過度承擔"", ""友誼""]","[""友誼"", ""界線""]",TruthOS seed dataset,compassion 慈悲 COM_001 過度承擔 朋友互動中的過度承擔盲點 在朋友互動中，出於過度承擔去照顧別人，最後連自己也被耗盡，讓反饋失去作用。 如果不靠過度承擔回應他人，我就是自私。 真正的慈悲能照顧他人，也能鬆開過度承擔。 慈悲 過度承擔 友誼 友誼 界線,2026-06-04T10:25:52.059328+00:00,2026-06-04T10:25:52.059328+00:00,[],dialogue,,
tp_com_006,compassion,COM_001,金錢選擇中的過度承擔盲點,在金錢選擇中，出於過度承擔去照顧別人，最後連自己也被耗盡，讓信任開始鬆動。,如果不靠過度承擔回應他人，我就是自私。,真正的慈悲能照顧他人，也能鬆開過度承擔。,少一點過度承擔之後，你還能怎麼溫柔而清楚地回應？,"[""慈悲"", ""過度承擔"", ""金錢""]","[""金錢"", ""價值""]",TruthOS seed dataset,compassion 慈悲 COM_001 過度承擔 金錢選擇中的過度承擔盲點 在金錢選擇中，出於過度承擔去照顧別人，最後連自己也被耗盡，讓信任開始鬆動。 如果不靠過度承擔回應他人，我就是自私。 真正的慈悲能照顧他人，也能鬆開過度承擔。 慈悲 過度承擔 金錢 金錢 價值,2026-06-04T10:25:52.059328+00:00,2026-06-04T10:25:52.059328+00:00,[],dialogue,,
tp_com_007,compassion,COM_001,健康壓力中的過度承擔盲點,在健康壓力中，出於過度承擔去照顧別人，最後連自己也被耗盡，讓決定越來越僵硬。,如果不靠過度承擔回應他人，我就是自私。,真正的慈悲能照顧他人，也能鬆開過度承擔。,少一點過度承擔之後，你還能怎麼溫柔而清楚地回應？,"[""慈悲"", ""過度承擔"", ""健康""]","[""健康"", ""壓力""]",TruthOS seed dataset,compassion 慈悲 COM_001 過度承擔 健康壓力中的過度承擔盲點 在健康壓力中，出於過度承擔去照顧別人，最後連自己也被耗盡，讓決定越來越僵硬。 如果不靠過度承擔回應他人，我就是自私。 真正的慈悲能照顧他人，也能鬆開過度承擔。 慈悲 過度承擔 健康 健康 壓力,2026-06-04T10:25:52.059328+00:00,2026-06-04T10:25:52.059328+00:00,[],dialogue,,
tp_com_008,compassion,COM_001,創作卡關中的過度承擔盲點,在創作卡關中，出於過度承擔去照顧別人，最後連自己也被耗盡，讓內在更難安定。,如果不靠過度承擔回應他人，我就是自私。,真正的慈悲能照顧他人，也能鬆開過度承擔。,少一點過度承擔之後，你還能怎麼溫柔而清楚地回應？,"[""慈悲"", ""過度承擔"", ""創作""]","[""創作"", ""表達""]",TruthOS seed dataset,compassion 慈悲 COM_001 過度承擔 創作卡關中的過度承擔盲點 在創作卡關中，出於過度承擔去照顧別人，最後連自己也被耗盡，讓內在更難安定。 如果不靠過度承擔回應他人，我就是自私。 真正的慈悲能照顧他人，也能鬆開過度承擔。 慈悲 過度承擔 創作 創作 表達,2026-06-04T10:25:52.059328+00:00,2026-06-04T10:25:52.059328+00:00,[],dialogue,,
tp_com_009,compassion,COM_001,靈性實踐中的過度承擔盲點,在靈性實踐中，出於過度承擔去照顧別人，最後連自己也被耗盡，使互動落入重複循環。,如果不靠過度承擔回應他人，我就是自私。,真正的慈悲能照顧他人，也能鬆開過度承擔。,少一點過度承擔之後，你還能怎麼溫柔而清楚地回應？,"[""慈悲"", ""過度承擔"", ""靈性""]","[""靈性"", ""自我觀察""]",TruthOS seed dataset,compassion 慈悲 COM_001 過度承擔 靈性實踐中的過度承擔盲點 在靈性實踐中，出於過度承擔去照顧別人，最後連自己也被耗盡，使互動落入重複循環。 如果不靠過度承擔回應他人，我就是自私。 真正的慈悲能照顧他人，也能鬆開過度承擔。 慈悲 過度承擔 靈性 靈性 自我觀察,2026-06-04T10:25:52.059328+00:00,2026-06-04T10:25:52.059328+00:00,[],dialogue,,
tp_com_010,compassion,COM_001,重大失落中的過度承擔盲點,在重大失落中，出於過度承擔去照顧別人，最後連自己也被耗盡，讓看見真相的空間縮小。,如果不靠過度承擔回應他人，我就是自私。,真正的慈悲能照顧他人，也能鬆開過度承擔。,少一點過度承擔之後，你還能怎麼溫柔而清楚地回應？,"[""慈悲"", ""過度承擔"", ""失落""]","[""失落"", ""轉化""]",TruthOS seed dataset,compassion 慈悲 COM_001 過度承擔 重大失落中的過度承擔盲點 在重大失落中，出於過度承擔去照顧別人，最後連自己也被耗盡，讓看見真相的空間縮小。 如果不靠過度承擔回應他人，我就是自私。 真正的慈悲能照顧他人，也能鬆開過度承擔。 慈悲 過度承擔 失落 失落 轉化,2026-06-04T10:25:52.059328+00:00,2026-06-04T10:25:52.059328+00:00,[],dialogue,,
tp_com_011,compassion,COM_001,教養現場中的過度承擔盲點,在教養現場中，出於過度承擔去照顧別人，最後連自己也被耗盡，讓支持變成壓力。,如果不靠過度承擔回應他人，我就是自私。,真正的慈悲能照顧他人，也能鬆開過度承擔。,少一點過度承擔之後，你還能怎麼溫柔而清楚地回應？,"[""慈悲"", ""過度承擔"", ""教養""]","[""親子"", ""教養""]",TruthOS seed dataset,compassion 慈悲 COM_001 過度承擔 教養現場中的過度承擔盲點 在教養現場中，出於過度承擔去照顧別人，最後連自己也被耗盡，讓支持變成壓力。 如果不靠過度承擔回應他人，我就是自私。 真正的慈悲能照顧他人，也能鬆開過度承擔。 慈悲 過度承擔 教養 親子 教養,2026-06-04T10:25:52.059328+00:00,2026-06-04T10:25:52.059328+00:00,[],dialogue,,
tp_com_012,compassion,COM_001,團隊回饋中的過度承擔盲點,在團隊回饋中，出於過度承擔去照顧別人，最後連自己也被耗盡，讓改變停在表面。,如果不靠過度承擔回應他人，我就是自私。,真正的慈悲能照顧他人，也能鬆開過度承擔。,少一點過度承擔之後，你還能怎麼溫柔而清楚地回應？,"[""慈悲"", ""過度承擔"", ""回饋""]","[""團隊"", ""回饋""]",TruthOS seed dataset,compassion 慈悲 COM_001 過度承擔 團隊回饋中的過度承擔盲點 在團隊回饋中，出於過度承擔去照顧別人，最後連自己也被耗盡，讓改變停在表面。 如果不靠過度承擔回應他人，我就是自私。 真正的慈悲能照顧他人，也能鬆開過度承擔。 慈悲 過度承擔 回饋 團隊 回饋,2026-06-04T10:25:52.059328+00:00,2026-06-04T10:25:52.059328+00:00,[],dialogue,,
tp_com_013,compassion,COM_001,社群曝光中的過度承擔盲點,在社群曝光中，出於過度承擔去照顧別人，最後連自己也被耗盡，讓資源交換變得扭曲。,如果不靠過度承擔回應他人，我就是自私。,真正的慈悲能照顧他人，也能鬆開過度承擔。,少一點過度承擔之後，你還能怎麼溫柔而清楚地回應？,"[""慈悲"", ""過度承擔"", ""社群""]","[""社群"", ""自我價值""]",TruthOS seed dataset,compassion 慈悲 COM_001 過度承擔 社群曝光中的過度承擔盲點 在社群曝光中，出於過度承擔去照顧別人，最後連自己也被耗盡，讓資源交換變得扭曲。 如果不靠過度承擔回應他人，我就是自私。 真正的慈悲能照顧他人，也能鬆開過度承擔。 慈悲 過度承擔 社群 社群 自我價值,2026-06-04T10:25:52.059328+00:00,2026-06-04T10:25:52.059328+00:00,[],dialogue,,
tp_com_014,compassion,COM_002,伴侶衝突中的慈悲疲勞盲點,在伴侶衝突中，出於慈悲疲勞去照顧別人，最後連自己也被耗盡，讓對話逐漸失衡。,如果不靠慈悲疲勞回應他人，我就是自私。,真正的慈悲能照顧他人，也能鬆開慈悲疲勞。,少一點慈悲疲勞之後，你還能怎麼溫柔而清楚地回應？,"[""慈悲"", ""慈悲疲勞"", ""伴侶""]","[""伴侶"", ""界線""]",TruthOS seed dataset,compassion 慈悲 COM_002 慈悲疲勞 伴侶衝突中的慈悲疲勞盲點 在伴侶衝突中，出於慈悲疲勞去照顧別人，最後連自己也被耗盡，讓對話逐漸失衡。 如果不靠慈悲疲勞回應他人，我就是自私。 真正的慈悲能照顧他人，也能鬆開慈悲疲勞。 慈悲 慈悲疲勞 伴侶 伴侶 界線,2026-06-04T10:25:52.059328+00:00,2026-06-04T10:25:52.059328+00:00,[],dialogue,,
tp_com_015,compassion,COM_002,職場協作中的慈悲疲勞盲點,在職場協作中，出於慈悲疲勞去照顧別人，最後連自己也被耗盡，讓界線變得模糊。,如果不靠慈悲疲勞回應他人，我就是自私。,真正的慈悲能照顧他人，也能鬆開慈悲疲勞。,少一點慈悲疲勞之後，你還能怎麼溫柔而清楚地回應？,"[""慈悲"", ""慈悲疲勞"", ""職場""]","[""工作"", ""團隊""]",TruthOS seed dataset,compassion 慈悲 COM_002 慈悲疲勞 職場協作中的慈悲疲勞盲點 在職場協作中，出於慈悲疲勞去照顧別人，最後連自己也被耗盡，讓界線變得模糊。 如果不靠慈悲疲勞回應他人，我就是自私。 真正的慈悲能照顧他人，也能鬆開慈悲疲勞。 慈悲 慈悲疲勞 職場 工作 團隊,2026-06-04T10:25:52.059328+00:00,2026-06-04T10:25:52.059328+00:00,[],dialogue,,
tp_com_016,compassion,COM_002,領導決策中的慈悲疲勞盲點,在領導決策中，出於慈悲疲勞去照顧別人，最後連自己也被耗盡，讓責任位置變得混亂。,如果不靠慈悲疲勞回應他人，我就是自私。,真正的慈悲能照顧他人，也能鬆開慈悲疲勞。,少一點慈悲疲勞之後，你還能怎麼溫柔而清楚地回應？,"[""慈悲"", ""慈悲疲勞"", ""領導""]","[""領導"", ""決策""]",TruthOS seed dataset,compassion 慈悲 COM_002 慈悲疲勞 領導決策中的慈悲疲勞盲點 在領導決策中，出於慈悲疲勞去照顧別人，最後連自己也被耗盡，讓責任位置變得混亂。 如果不靠慈悲疲勞回應他人，我就是自私。 真正的慈悲能照顧他人，也能鬆開慈悲疲勞。 慈悲 慈悲疲勞 領導 領導 決策,2026-06-04T10:25:52.059328+00:00,2026-06-04T10:25:52.059328+00:00,[],dialogue,,
tp_com_017,compassion,COM_002,朋友互動中的慈悲疲勞盲點,在朋友互動中，出於慈悲疲勞去照顧別人，最後連自己也被耗盡，使真正的需求被遮住。,如果不靠慈悲疲勞回應他人，我就是自私。,真正的慈悲能照顧他人，也能鬆開慈悲疲勞。,少一點慈悲疲勞之後，你還能怎麼溫柔而清楚地回應？,"[""慈悲"", ""慈悲疲勞"", ""友誼""]","[""友誼"", ""界線""]",TruthOS seed dataset,compassion 慈悲 COM_002 慈悲疲勞 朋友互動中的慈悲疲勞盲點 在朋友互動中，出於慈悲疲勞去照顧別人，最後連自己也被耗盡，使真正的需求被遮住。 如果不靠慈悲疲勞回應他人，我就是自私。 真正的慈悲能照顧他人，也能鬆開慈悲疲勞。 慈悲 慈悲疲勞 友誼 友誼 界線,2026-06-04T10:25:52.059328+00:00,2026-06-04T10:25:52.059328+00:00,[],dialogue,,
tp_com_018,compassion,COM_002,金錢選擇中的慈悲疲勞盲點,在金錢選擇中，出於慈悲疲勞去照顧別人，最後連自己也被耗盡，讓反饋失去作用。,如果不靠慈悲疲勞回應他人，我就是自私。,真正的慈悲能照顧他人，也能鬆開慈悲疲勞。,少一點慈悲疲勞之後，你還能怎麼溫柔而清楚地回應？,"[""慈悲"", ""慈悲疲勞"", ""金錢""]","[""金錢"", ""價值""]",TruthOS seed dataset,compassion 慈悲 COM_002 慈悲疲勞 金錢選擇中的慈悲疲勞盲點 在金錢選擇中，出於慈悲疲勞去照顧別人，最後連自己也被耗盡，讓反饋失去作用。 如果不靠慈悲疲勞回應他人，我就是自私。 真正的慈悲能照顧他人，也能鬆開慈悲疲勞。 慈悲 慈悲疲勞 金錢 金錢 價值,2026-06-04T10:25:52.059328+00:00,2026-06-04T10:25:52.059328+00:00,[],dialogue,,
tp_com_019,compassion,COM_002,健康壓力中的慈悲疲勞盲點,在健康壓力中，出於慈悲疲勞去照顧別人，最後連自己也被耗盡，讓信任開始鬆動。,如果不靠慈悲疲勞回應他人，我就是自私。,真正的慈悲能照顧他人，也能鬆開慈悲疲勞。,少一點慈悲疲勞之後，你還能怎麼溫柔而清楚地回應？,"[""慈悲"", ""慈悲疲勞"", ""健康""]","[""健康"", ""壓力""]",TruthOS seed dataset,compassion 慈悲 COM_002 慈悲疲勞 健康壓力中的慈悲疲勞盲點 在健康壓力中，出於慈悲疲勞去照顧別人，最後連自己也被耗盡，讓信任開始鬆動。 如果不靠慈悲疲勞回應他人，我就是自私。 真正的慈悲能照顧他人，也能鬆開慈悲疲勞。 慈悲 慈悲疲勞 健康 健康 壓力,2026-06-04T10:25:52.059328+00:00,2026-06-04T10:25:52.059328+00:00,[],dialogue,,
tp_com_020,compassion,COM_002,創作卡關中的慈悲疲勞盲點,在創作卡關中，出於慈悲疲勞去照顧別人，最後連自己也被耗盡，讓決定越來越僵硬。,如果不靠慈悲疲勞回應他人，我就是自私。,真正的慈悲能照顧他人，也能鬆開慈悲疲勞。,少一點慈悲疲勞之後，你還能怎麼溫柔而清楚地回應？,"[""慈悲"", ""慈悲疲勞"", ""創作""]","[""創作"", ""表達""]",TruthOS seed dataset,compassion 慈悲 COM_002 慈悲疲勞 創作卡關中的慈悲疲勞盲點 在創作卡關中，出於慈悲疲勞去照顧別人，最後連自己也被耗盡，讓決定越來越僵硬。 如果不靠慈悲疲勞回應他人，我就是自私。 真正的慈悲能照顧他人，也能鬆開慈悲疲勞。 慈悲 慈悲疲勞 創作 創作 表達,2026-06-04T10:25:52.059328+00:00,2026-06-04T10:25:52.059328+00:00,[],dialogue,,
tp_com_021,compassion,COM_002,靈性實踐中的慈悲疲勞盲點,在靈性實踐中，出於慈悲疲勞去照顧別人，最後連自己也被耗盡，讓內在更難安定。,如果不靠慈悲疲勞回應他人，我就是自私。,真正的慈悲能照顧他人，也能鬆開慈悲疲勞。,少一點慈悲疲勞之後，你還能怎麼溫柔而清楚地回應？,"[""慈悲"", ""慈悲疲勞"", ""靈性""]","[""靈性"", ""自我觀察""]",TruthOS seed dataset,compassion 慈悲 COM_002 慈悲疲勞 靈性實踐中的慈悲疲勞盲點 在靈性實踐中，出於慈悲疲勞去照顧別人，最後連自己也被耗盡，讓內在更難安定。 如果不靠慈悲疲勞回應他人，我就是自私。 真正的慈悲能照顧他人，也能鬆開慈悲疲勞。 慈悲 慈悲疲勞 靈性 靈性 自我觀察,2026-06-04T10:25:52.059328+00:00,2026-06-04T10:25:52.059328+00:00,[],dialogue,,
tp_com_022,compassion,COM_002,重大失落中的慈悲疲勞盲點,在重大失落中，出於慈悲疲勞去照顧別人，最後連自己也被耗盡，使互動落入重複循環。,如果不靠慈悲疲勞回應他人，我就是自私。,真正的慈悲能照顧他人，也能鬆開慈悲疲勞。,少一點慈悲疲勞之後，你還能怎麼溫柔而清楚地回應？,"[""慈悲"", ""慈悲疲勞"", ""失落""]","[""失落"", ""轉化""]",TruthOS seed dataset,compassion 慈悲 COM_002 慈悲疲勞 重大失落中的慈悲疲勞盲點 在重大失落中，出於慈悲疲勞去照顧別人，最後連自己也被耗盡，使互動落入重複循環。 如果不靠慈悲疲勞回應他人，我就是自私。 真正的慈悲能照顧他人，也能鬆開慈悲疲勞。 慈悲 慈悲疲勞 失落 失落 轉化,2026-06-04T10:25:52.059328+00:00,2026-06-04T10:25:52.059328+00:00,[],dialogue,,
tp_com_023,compassion,COM_002,教養現場中的慈悲疲勞盲點,在教養現場中，出於慈悲疲勞去照顧別人，最後連自己也被耗盡，讓看見真相的空間縮小。,如果不靠慈悲疲勞回應他人，我就是自私。,真正的慈悲能照顧他人，也能鬆開慈悲疲勞。,少一點慈悲疲勞之後，你還能怎麼溫柔而清楚地回應？,"[""慈悲"", ""慈悲疲勞"", ""教養""]","[""親子"", ""教養""]",TruthOS seed dataset,compassion 慈悲 COM_002 慈悲疲勞 教養現場中的慈悲疲勞盲點 在教養現場中，出於慈悲疲勞去照顧別人，最後連自己也被耗盡，讓看見真相的空間縮小。 如果不靠慈悲疲勞回應他人，我就是自私。 真正的慈悲能照顧他人，也能鬆開慈悲疲勞。 慈悲 慈悲疲勞 教養 親子 教養,2026-06-04T10:25:52.059328+00:00,2026-06-04T10:25:52.059328+00:00,[],dialogue,,
tp_com_024,compassion,COM_002,團隊回饋中的慈悲疲勞盲點,在團隊回饋中，出於慈悲疲勞去照顧別人，最後連自己也被耗盡，讓支持變成壓力。,如果不靠慈悲疲勞回應他人，我就是自私。,真正的慈悲能照顧他人，也能鬆開慈悲疲勞。,少一點慈悲疲勞之後，你還能怎麼溫柔而清楚地回應？,"[""慈悲"", ""慈悲疲勞"", ""回饋""]","[""團隊"", ""回饋""]",TruthOS seed dataset,compassion 慈悲 COM_002 慈悲疲勞 團隊回饋中的慈悲疲勞盲點 在團隊回饋中，出於慈悲疲勞去照顧別人，最後連自己也被耗盡，讓支持變成壓力。 如果不靠慈悲疲勞回應他人，我就是自私。 真正的慈悲能照顧他人，也能鬆開慈悲疲勞。 慈悲 慈悲疲勞 回饋 團隊 回饋,2026-06-04T10:25:52.059328+00:00,2026-06-04T10:25:52.059328+00:00,[],dialogue,,
tp_com_025,compassion,COM_002,社群曝光中的慈悲疲勞盲點,在社群曝光中，出於慈悲疲勞去照顧別人，最後連自己也被耗盡，讓改變停在表面。,如果不靠慈悲疲勞回應他人，我就是自私。,真正的慈悲能照顧他人，也能鬆開慈悲疲勞。,少一點慈悲疲勞之後，你還能怎麼溫柔而清楚地回應？,"[""慈悲"", ""慈悲疲勞"", ""社群""]","[""社群"", ""自我價值""]",TruthOS seed dataset,compassion 慈悲 COM_002 慈悲疲勞 社群曝光中的慈悲疲勞盲點 在社群曝光中，出於慈悲疲勞去照顧別人，最後連自己也被耗盡，讓改變停在表面。 如果不靠慈悲疲勞回應他人，我就是自私。 真正的慈悲能照顧他人，也能鬆開慈悲疲勞。 慈悲 慈悲疲勞 社群 社群 自我價值,2026-06-04T10:25:52.059328+00:00,2026-06-04T10:25:52.059328+00:00,[],dialogue,,
tp_com_026,compassion,COM_002,家庭對話中的慈悲疲勞盲點,在家庭對話中，出於慈悲疲勞去照顧別人，最後連自己也被耗盡，讓資源交換變得扭曲。,如果不靠慈悲疲勞回應他人，我就是自私。,真正的慈悲能照顧他人，也能鬆開慈悲疲勞。,少一點慈悲疲勞之後，你還能怎麼溫柔而清楚地回應？,"[""慈悲"", ""慈悲疲勞"", ""家庭""]","[""家庭"", ""親子""]",TruthOS seed dataset,compassion 慈悲 COM_002 慈悲疲勞 家庭對話中的慈悲疲勞盲點 在家庭對話中，出於慈悲疲勞去照顧別人，最後連自己也被耗盡，讓資源交換變得扭曲。 如果不靠慈悲疲勞回應他人，我就是自私。 真正的慈悲能照顧他人，也能鬆開慈悲疲勞。 慈悲 慈悲疲勞 家庭 家庭 親子,2026-06-04T10:25:52.059328+00:00,2026-06-04T10:25:52.059328+00:00,[],dialogue,,
tp_com_027,compassion,COM_003,職場協作中的同情替代理解盲點,在職場協作中，出於同情替代理解去照顧別人，最後連自己也被耗盡，讓對話逐漸失衡。,如果不靠同情替代理解回應他人，我就是自私。,真正的慈悲能照顧他人，也能鬆開同情替代理解。,少一點同情替代理解之後，你還能怎麼溫柔而清楚地回應？,"[""慈悲"", ""同情替代理解"", ""職場""]","[""工作"", ""團隊""]",TruthOS seed dataset,compassion 慈悲 COM_003 同情替代理解 職場協作中的同情替代理解盲點 在職場協作中，出於同情替代理解去照顧別人，最後連自己也被耗盡，讓對話逐漸失衡。 如果不靠同情替代理解回應他人，我就是自私。 真正的慈悲能照顧他人，也能鬆開同情替代理解。 慈悲 同情替代理解 職場 工作 團隊,2026-06-04T10:25:52.059328+00:00,2026-06-04T10:25:52.059328+00:00,[],dialogue,,
tp_com_028,compassion,COM_003,領導決策中的同情替代理解盲點,在領導決策中，出於同情替代理解去照顧別人，最後連自己也被耗盡，讓界線變得模糊。,如果不靠同情替代理解回應他人，我就是自私。,真正的慈悲能照顧他人，也能鬆開同情替代理解。,少一點同情替代理解之後，你還能怎麼溫柔而清楚地回應？,"[""慈悲"", ""同情替代理解"", ""領導""]","[""領導"", ""決策""]",TruthOS seed dataset,compassion 慈悲 COM_003 同情替代理解 領導決策中的同情替代理解盲點 在領導決策中，出於同情替代理解去照顧別人，最後連自己也被耗盡，讓界線變得模糊。 如果不靠同情替代理解回應他人，我就是自私。 真正的慈悲能照顧他人，也能鬆開同情替代理解。 慈悲 同情替代理解 領導 領導 決策,2026-06-04T10:25:52.059328+00:00,2026-06-04T10:25:52.059328+00:00,[],dialogue,,
tp_com_029,compassion,COM_003,朋友互動中的同情替代理解盲點,在朋友互動中，出於同情替代理解去照顧別人，最後連自己也被耗盡，讓責任位置變得混亂。,如果不靠同情替代理解回應他人，我就是自私。,真正的慈悲能照顧他人，也能鬆開同情替代理解。,少一點同情替代理解之後，你還能怎麼溫柔而清楚地回應？,"[""慈悲"", ""同情替代理解"", ""友誼""]","[""友誼"", ""界線""]",TruthOS seed dataset,compassion 慈悲 COM_003 同情替代理解 朋友互動中的同情替代理解盲點 在朋友互動中，出於同情替代理解去照顧別人，最後連自己也被耗盡，讓責任位置變得混亂。 如果不靠同情替代理解回應他人，我就是自私。 真正的慈悲能照顧他人，也能鬆開同情替代理解。 慈悲 同情替代理解 友誼 友誼 界線,2026-06-04T10:25:52.059328+00:00,2026-06-04T10:25:52.059328+00:00,[],dialogue,,
tp_com_030,compassion,COM_003,金錢選擇中的同情替代理解盲點,在金錢選擇中，出於同情替代理解去照顧別人，最後連自己也被耗盡，使真正的需求被遮住。,如果不靠同情替代理解回應他人，我就是自私。,真正的慈悲能照顧他人，也能鬆開同情替代理解。,少一點同情替代理解之後，你還能怎麼溫柔而清楚地回應？,"[""慈悲"", ""同情替代理解"", ""金錢""]","[""金錢"", ""價值""]",TruthOS seed dataset,compassion 慈悲 COM_003 同情替代理解 金錢選擇中的同情替代理解盲點 在金錢選擇中，出於同情替代理解去照顧別人，最後連自己也被耗盡，使真正的需求被遮住。 如果不靠同情替代理解回應他人，我就是自私。 真正的慈悲能照顧他人，也能鬆開同情替代理解。 慈悲 同情替代理解 金錢 金錢 價值,2026-06-04T10:25:52.059328+00:00,2026-06-04T10:25:52.059328+00:00,[],dialogue,,
tp_com_031,compassion,COM_003,健康壓力中的同情替代理解盲點,在健康壓力中，出於同情替代理解去照顧別人，最後連自己也被耗盡，讓反饋失去作用。,如果不靠同情替代理解回應他人，我就是自私。,真正的慈悲能照顧他人，也能鬆開同情替代理解。,少一點同情替代理解之後，你還能怎麼溫柔而清楚地回應？,"[""慈悲"", ""同情替代理解"", ""健康""]","[""健康"", ""壓力""]",TruthOS seed dataset,compassion 慈悲 COM_003 同情替代理解 健康壓力中的同情替代理解盲點 在健康壓力中，出於同情替代理解去照顧別人，最後連自己也被耗盡，讓反饋失去作用。 如果不靠同情替代理解回應他人，我就是自私。 真正的慈悲能照顧他人，也能鬆開同情替代理解。 慈悲 同情替代理解 健康 健康 壓力,2026-06-04T10:25:52.059328+00:00,2026-06-04T10:25:52.059328+00:00,[],dialogue,,
tp_com_032,compassion,COM_003,創作卡關中的同情替代理解盲點,在創作卡關中，出於同情替代理解去照顧別人，最後連自己也被耗盡，讓信任開始鬆動。,如果不靠同情替代理解回應他人，我就是自私。,真正的慈悲能照顧他人，也能鬆開同情替代理解。,少一點同情替代理解之後，你還能怎麼溫柔而清楚地回應？,"[""慈悲"", ""同情替代理解"", ""創作""]","[""創作"", ""表達""]",TruthOS seed dataset,compassion 慈悲 COM_003 同情替代理解 創作卡關中的同情替代理解盲點 在創作卡關中，出於同情替代理解去照顧別人，最後連自己也被耗盡，讓信任開始鬆動。 如果不靠同情替代理解回應他人，我就是自私。 真正的慈悲能照顧他人，也能鬆開同情替代理解。 慈悲 同情替代理解 創作 創作 表達,2026-06-04T10:25:52.059328+00:00,2026-06-04T10:25:52.059328+00:00,[],dialogue,,
tp_com_033,compassion,COM_003,靈性實踐中的同情替代理解盲點,在靈性實踐中，出於同情替代理解去照顧別人，最後連自己也被耗盡，讓決定越來越僵硬。,如果不靠同情替代理解回應他人，我就是自私。,真正的慈悲能照顧他人，也能鬆開同情替代理解。,少一點同情替代理解之後，你還能怎麼溫柔而清楚地回應？,"[""慈悲"", ""同情替代理解"", ""靈性""]","[""靈性"", ""自我觀察""]",TruthOS seed dataset,compassion 慈悲 COM_003 同情替代理解 靈性實踐中的同情替代理解盲點 在靈性實踐中，出於同情替代理解去照顧別人，最後連自己也被耗盡，讓決定越來越僵硬。 如果不靠同情替代理解回應他人，我就是自私。 真正的慈悲能照顧他人，也能鬆開同情替代理解。 慈悲 同情替代理解 靈性 靈性 自我觀察,2026-06-04T10:25:52.059328+00:00,2026-06-04T10:25:52.059328+00:00,[],dialogue,,
tp_com_034,compassion,COM_003,重大失落中的同情替代理解盲點,在重大失落中，出於同情替代理解去照顧別人，最後連自己也被耗盡，讓內在更難安定。,如果不靠同情替代理解回應他人，我就是自私。,真正的慈悲能照顧他人，也能鬆開同情替代理解。,少一點同情替代理解之後，你還能怎麼溫柔而清楚地回應？,"[""慈悲"", ""同情替代理解"", ""失落""]","[""失落"", ""轉化""]",TruthOS seed dataset,compassion 慈悲 COM_003 同情替代理解 重大失落中的同情替代理解盲點 在重大失落中，出於同情替代理解去照顧別人，最後連自己也被耗盡，讓內在更難安定。 如果不靠同情替代理解回應他人，我就是自私。 真正的慈悲能照顧他人，也能鬆開同情替代理解。 慈悲 同情替代理解 失落 失落 轉化,2026-06-04T10:25:52.059328+00:00,2026-06-04T10:25:52.059328+00:00,[],dialogue,,
tp_com_035,compassion,COM_003,教養現場中的同情替代理解盲點,在教養現場中，出於同情替代理解去照顧別人，最後連自己也被耗盡，使互動落入重複循環。,如果不靠同情替代理解回應他人，我就是自私。,真正的慈悲能照顧他人，也能鬆開同情替代理解。,少一點同情替代理解之後，你還能怎麼溫柔而清楚地回應？,"[""慈悲"", ""同情替代理解"", ""教養""]","[""親子"", ""教養""]",TruthOS seed dataset,compassion 慈悲 COM_003 同情替代理解 教養現場中的同情替代理解盲點 在教養現場中，出於同情替代理解去照顧別人，最後連自己也被耗盡，使互動落入重複循環。 如果不靠同情替代理解回應他人，我就是自私。 真正的慈悲能照顧他人，也能鬆開同情替代理解。 慈悲 同情替代理解 教養 親子 教養,2026-06-04T10:25:52.059328+00:00,2026-06-04T10:25:52.059328+00:00,[],dialogue,,
tp_com_036,compassion,COM_003,團隊回饋中的同情替代理解盲點,在團隊回饋中，出於同情替代理解去照顧別人，最後連自己也被耗盡，讓看見真相的空間縮小。,如果不靠同情替代理解回應他人，我就是自私。,真正的慈悲能照顧他人，也能鬆開同情替代理解。,少一點同情替代理解之後，你還能怎麼溫柔而清楚地回應？,"[""慈悲"", ""同情替代理解"", ""回饋""]","[""團隊"", ""回饋""]",TruthOS seed dataset,compassion 慈悲 COM_003 同情替代理解 團隊回饋中的同情替代理解盲點 在團隊回饋中，出於同情替代理解去照顧別人，最後連自己也被耗盡，讓看見真相的空間縮小。 如果不靠同情替代理解回應他人，我就是自私。 真正的慈悲能照顧他人，也能鬆開同情替代理解。 慈悲 同情替代理解 回饋 團隊 回饋,2026-06-04T10:25:52.059328+00:00,2026-06-04T10:25:52.059328+00:00,[],dialogue,,
tp_com_037,compassion,COM_003,社群曝光中的同情替代理解盲點,在社群曝光中，出於同情替代理解去照顧別人，最後連自己也被耗盡，讓支持變成壓力。,如果不靠同情替代理解回應他人，我就是自私。,真正的慈悲能照顧他人，也能鬆開同情替代理解。,少一點同情替代理解之後，你還能怎麼溫柔而清楚地回應？,"[""慈悲"", ""同情替代理解"", ""社群""]","[""社群"", ""自我價值""]",TruthOS seed dataset,compassion 慈悲 COM_003 同情替代理解 社群曝光中的同情替代理解盲點 在社群曝光中，出於同情替代理解去照顧別人，最後連自己也被耗盡，讓支持變成壓力。 如果不靠同情替代理解回應他人，我就是自私。 真正的慈悲能照顧他人，也能鬆開同情替代理解。 慈悲 同情替代理解 社群 社群 自我價值,2026-06-04T10:25:52.059328+00:00,2026-06-04T10:25:52.059328+00:00,[],dialogue,,
tp_com_038,compassion,COM_003,家庭對話中的同情替代理解盲點,在家庭對話中，出於同情替代理解去照顧別人，最後連自己也被耗盡，讓改變停在表面。,如果不靠同情替代理解回應他人，我就是自私。,真正的慈悲能照顧他人，也能鬆開同情替代理解。,少一點同情替代理解之後，你還能怎麼溫柔而清楚地回應？,"[""慈悲"", ""同情替代理解"", ""家庭""]","[""家庭"", ""親子""]",TruthOS seed dataset,compassion 慈悲 COM_003 同情替代理解 家庭對話中的同情替代理解盲點 在家庭對話中，出於同情替代理解去照顧別人，最後連自己也被耗盡，讓改變停在表面。 如果不靠同情替代理解回應他人，我就是自私。 真正的慈悲能照顧他人，也能鬆開同情替代理解。 慈悲 同情替代理解 家庭 家庭 親子,2026-06-04T10:25:52.059328+00:00,2026-06-04T10:25:52.059328+00:00,[],dialogue,,
tp_com_039,compassion,COM_003,伴侶衝突中的同情替代理解盲點,在伴侶衝突中，出於同情替代理解去照顧別人，最後連自己也被耗盡，讓資源交換變得扭曲。,如果不靠同情替代理解回應他人，我就是自私。,真正的慈悲能照顧他人，也能鬆開同情替代理解。,少一點同情替代理解之後，你還能怎麼溫柔而清楚地回應？,"[""慈悲"", ""同情替代理解"", ""伴侶""]","[""伴侶"", ""界線""]",TruthOS seed dataset,compassion 慈悲 COM_003 同情替代理解 伴侶衝突中的同情替代理解盲點 在伴侶衝突中，出於同情替代理解去照顧別人，最後連自己也被耗盡，讓資源交換變得扭曲。 如果不靠同情替代理解回應他人，我就是自私。 真正的慈悲能照顧他人，也能鬆開同情替代理解。 慈悲 同情替代理解 伴侶 伴侶 界線,2026-06-04T10:25:52.059328+00:00,2026-06-04T10:25:52.059328+00:00,[],dialogue,,
tp_com_040,compassion,COM_004,領導決策中的把付出當價值盲點,在領導決策中，出於把付出當價值去照顧別人，最後連自己也被耗盡，讓對話逐漸失衡。,如果不靠把付出當價值回應他人，我就是自私。,真正的慈悲能照顧他人，也能鬆開把付出當價值。,少一點把付出當價值之後，你還能怎麼溫柔而清楚地回應？,"[""慈悲"", ""把付出當價值"", ""領導""]","[""領導"", ""決策""]",TruthOS seed dataset,compassion 慈悲 COM_004 把付出當價值 領導決策中的把付出當價值盲點 在領導決策中，出於把付出當價值去照顧別人，最後連自己也被耗盡，讓對話逐漸失衡。 如果不靠把付出當價值回應他人，我就是自私。 真正的慈悲能照顧他人，也能鬆開把付出當價值。 慈悲 把付出當價值 領導 領導 決策,2026-06-04T10:25:52.059328+00:00,2026-06-04T10:25:52.059328+00:00,[],dialogue,,
tp_com_041,compassion,COM_004,朋友互動中的把付出當價值盲點,在朋友互動中，出於把付出當價值去照顧別人，最後連自己也被耗盡，讓界線變得模糊。,如果不靠把付出當價值回應他人，我就是自私。,真正的慈悲能照顧他人，也能鬆開把付出當價值。,少一點把付出當價值之後，你還能怎麼溫柔而清楚地回應？,"[""慈悲"", ""把付出當價值"", ""友誼""]","[""友誼"", ""界線""]",TruthOS seed dataset,compassion 慈悲 COM_004 把付出當價值 朋友互動中的把付出當價值盲點 在朋友互動中，出於把付出當價值去照顧別人，最後連自己也被耗盡，讓界線變得模糊。 如果不靠把付出當價值回應他人，我就是自私。 真正的慈悲能照顧他人，也能鬆開把付出當價值。 慈悲 把付出當價值 友誼 友誼 界線,2026-06-04T10:25:52.059328+00:00,2026-06-04T10:25:52.059328+00:00,[],dialogue,,
tp_com_042,compassion,COM_004,金錢選擇中的把付出當價值盲點,在金錢選擇中，出於把付出當價值去照顧別人，最後連自己也被耗盡，讓責任位置變得混亂。,如果不靠把付出當價值回應他人，我就是自私。,真正的慈悲能照顧他人，也能鬆開把付出當價值。,少一點把付出當價值之後，你還能怎麼溫柔而清楚地回應？,"[""慈悲"", ""把付出當價值"", ""金錢""]","[""金錢"", ""價值""]",TruthOS seed dataset,compassion 慈悲 COM_004 把付出當價值 金錢選擇中的把付出當價值盲點 在金錢選擇中，出於把付出當價值去照顧別人，最後連自己也被耗盡，讓責任位置變得混亂。 如果不靠把付出當價值回應他人，我就是自私。 真正的慈悲能照顧他人，也能鬆開把付出當價值。 慈悲 把付出當價值 金錢 金錢 價值,2026-06-04T10:25:52.059328+00:00,2026-06-04T10:25:52.059328+00:00,[],dialogue,,
tp_com_043,compassion,COM_004,健康壓力中的把付出當價值盲點,在健康壓力中，出於把付出當價值去照顧別人，最後連自己也被耗盡，使真正的需求被遮住。,如果不靠把付出當價值回應他人，我就是自私。,真正的慈悲能照顧他人，也能鬆開把付出當價值。,少一點把付出當價值之後，你還能怎麼溫柔而清楚地回應？,"[""慈悲"", ""把付出當價值"", ""健康""]","[""健康"", ""壓力""]",TruthOS seed dataset,compassion 慈悲 COM_004 把付出當價值 健康壓力中的把付出當價值盲點 在健康壓力中，出於把付出當價值去照顧別人，最後連自己也被耗盡，使真正的需求被遮住。 如果不靠把付出當價值回應他人，我就是自私。 真正的慈悲能照顧他人，也能鬆開把付出當價值。 慈悲 把付出當價值 健康 健康 壓力,2026-06-04T10:25:52.059328+00:00,2026-06-04T10:25:52.059328+00:00,[],dialogue,,
tp_com_044,compassion,COM_004,創作卡關中的把付出當價值盲點,在創作卡關中，出於把付出當價值去照顧別人，最後連自己也被耗盡，讓反饋失去作用。,如果不靠把付出當價值回應他人，我就是自私。,真正的慈悲能照顧他人，也能鬆開把付出當價值。,少一點把付出當價值之後，你還能怎麼溫柔而清楚地回應？,"[""慈悲"", ""把付出當價值"", ""創作""]","[""創作"", ""表達""]",TruthOS seed dataset,compassion 慈悲 COM_004 把付出當價值 創作卡關中的把付出當價值盲點 在創作卡關中，出於把付出當價值去照顧別人，最後連自己也被耗盡，讓反饋失去作用。 如果不靠把付出當價值回應他人，我就是自私。 真正的慈悲能照顧他人，也能鬆開把付出當價值。 慈悲 把付出當價值 創作 創作 表達,2026-06-04T10:25:52.059328+00:00,2026-06-04T10:25:52.059328+00:00,[],dialogue,,
tp_com_045,compassion,COM_004,靈性實踐中的把付出當價值盲點,在靈性實踐中，出於把付出當價值去照顧別人，最後連自己也被耗盡，讓信任開始鬆動。,如果不靠把付出當價值回應他人，我就是自私。,真正的慈悲能照顧他人，也能鬆開把付出當價值。,少一點把付出當價值之後，你還能怎麼溫柔而清楚地回應？,"[""慈悲"", ""把付出當價值"", ""靈性""]","[""靈性"", ""自我觀察""]",TruthOS seed dataset,compassion 慈悲 COM_004 把付出當價值 靈性實踐中的把付出當價值盲點 在靈性實踐中，出於把付出當價值去照顧別人，最後連自己也被耗盡，讓信任開始鬆動。 如果不靠把付出當價值回應他人，我就是自私。 真正的慈悲能照顧他人，也能鬆開把付出當價值。 慈悲 把付出當價值 靈性 靈性 自我觀察,2026-06-04T10:25:52.059328+00:00,2026-06-04T10:25:52.059328+00:00,[],dialogue,,
tp_com_046,compassion,COM_004,重大失落中的把付出當價值盲點,在重大失落中，出於把付出當價值去照顧別人，最後連自己也被耗盡，讓決定越來越僵硬。,如果不靠把付出當價值回應他人，我就是自私。,真正的慈悲能照顧他人，也能鬆開把付出當價值。,少一點把付出當價值之後，你還能怎麼溫柔而清楚地回應？,"[""慈悲"", ""把付出當價值"", ""失落""]","[""失落"", ""轉化""]",TruthOS seed dataset,compassion 慈悲 COM_004 把付出當價值 重大失落中的把付出當價值盲點 在重大失落中，出於把付出當價值去照顧別人，最後連自己也被耗盡，讓決定越來越僵硬。 如果不靠把付出當價值回應他人，我就是自私。 真正的慈悲能照顧他人，也能鬆開把付出當價值。 慈悲 把付出當價值 失落 失落 轉化,2026-06-04T10:25:52.059328+00:00,2026-06-04T10:25:52.059328+00:00,[],dialogue,,
tp_com_047,compassion,COM_004,教養現場中的把付出當價值盲點,在教養現場中，出於把付出當價值去照顧別人，最後連自己也被耗盡，讓內在更難安定。,如果不靠把付出當價值回應他人，我就是自私。,真正的慈悲能照顧他人，也能鬆開把付出當價值。,少一點把付出當價值之後，你還能怎麼溫柔而清楚地回應？,"[""慈悲"", ""把付出當價值"", ""教養""]","[""親子"", ""教養""]",TruthOS seed dataset,compassion 慈悲 COM_004 把付出當價值 教養現場中的把付出當價值盲點 在教養現場中，出於把付出當價值去照顧別人，最後連自己也被耗盡，讓內在更難安定。 如果不靠把付出當價值回應他人，我就是自私。 真正的慈悲能照顧他人，也能鬆開把付出當價值。 慈悲 把付出當價值 教養 親子 教養,2026-06-04T10:25:52.059328+00:00,2026-06-04T10:25:52.059328+00:00,[],dialogue,,
tp_com_048,compassion,COM_004,團隊回饋中的把付出當價值盲點,在團隊回饋中，出於把付出當價值去照顧別人，最後連自己也被耗盡，使互動落入重複循環。,如果不靠把付出當價值回應他人，我就是自私。,真正的慈悲能照顧他人，也能鬆開把付出當價值。,少一點把付出當價值之後，你還能怎麼溫柔而清楚地回應？,"[""慈悲"", ""把付出當價值"", ""回饋""]","[""團隊"", ""回饋""]",TruthOS seed dataset,compassion 慈悲 COM_004 把付出當價值 團隊回饋中的把付出當價值盲點 在團隊回饋中，出於把付出當價值去照顧別人，最後連自己也被耗盡，使互動落入重複循環。 如果不靠把付出當價值回應他人，我就是自私。 真正的慈悲能照顧他人，也能鬆開把付出當價值。 慈悲 把付出當價值 回饋 團隊 回饋,2026-06-04T10:25:52.059328+00:00,2026-06-04T10:25:52.059328+00:00,[],dialogue,,
tp_com_049,compassion,COM_004,社群曝光中的把付出當價值盲點,在社群曝光中，出於把付出當價值去照顧別人，最後連自己也被耗盡，讓看見真相的空間縮小。,如果不靠把付出當價值回應他人，我就是自私。,真正的慈悲能照顧他人，也能鬆開把付出當價值。,少一點把付出當價值之後，你還能怎麼溫柔而清楚地回應？,"[""慈悲"", ""把付出當價值"", ""社群""]","[""社群"", ""自我價值""]",TruthOS seed dataset,compassion 慈悲 COM_004 把付出當價值 社群曝光中的把付出當價值盲點 在社群曝光中，出於把付出當價值去照顧別人，最後連自己也被耗盡，讓看見真相的空間縮小。 如果不靠把付出當價值回應他人，我就是自私。 真正的慈悲能照顧他人，也能鬆開把付出當價值。 慈悲 把付出當價值 社群 社群 自我價值,2026-06-04T10:25:52.059328+00:00,2026-06-04T10:25:52.059328+00:00,[],dialogue,,
tp_com_050,compassion,COM_004,家庭對話中的把付出當價值盲點,在家庭對話中，出於把付出當價值去照顧別人，最後連自己也被耗盡，讓支持變成壓力。,如果不靠把付出當價值回應他人，我就是自私。,真正的慈悲能照顧他人，也能鬆開把付出當價值。,少一點把付出當價值之後，你還能怎麼溫柔而清楚地回應？,"[""慈悲"", ""把付出當價值"", ""家庭""]","[""家庭"", ""親子""]",TruthOS seed dataset,compassion 慈悲 COM_004 把付出當價值 家庭對話中的把付出當價值盲點 在家庭對話中，出於把付出當價值去照顧別人，最後連自己也被耗盡，讓支持變成壓力。 如果不靠把付出當價值回應他人，我就是自私。 真正的慈悲能照顧他人，也能鬆開把付出當價值。 慈悲 把付出當價值 家庭 家庭 親子,2026-06-04T10:25:52.059328+00:00,2026-06-04T10:25:52.059328+00:00,[],dialogue,,
tp_com_051,compassion,COM_004,伴侶衝突中的把付出當價值盲點,在伴侶衝突中，出於把付出當價值去照顧別人，最後連自己也被耗盡，讓改變停在表面。,如果不靠把付出當價值回應他人，我就是自私。,真正的慈悲能照顧他人，也能鬆開把付出當價值。,少一點把付出當價值之後，你還能怎麼溫柔而清楚地回應？,"[""慈悲"", ""把付出當價值"", ""伴侶""]","[""伴侶"", ""界線""]",TruthOS seed dataset,compassion 慈悲 COM_004 把付出當價值 伴侶衝突中的把付出當價值盲點 在伴侶衝突中，出於把付出當價值去照顧別人，最後連自己也被耗盡，讓改變停在表面。 如果不靠把付出當價值回應他人，我就是自私。 真正的慈悲能照顧他人，也能鬆開把付出當價值。 慈悲 把付出當價值 伴侶 伴侶 界線,2026-06-04T10:25:52.059328+00:00,2026-06-04T10:25:52.059328+00:00,[],dialogue,,
tp_com_052,compassion,COM_004,職場協作中的把付出當價值盲點,在職場協作中，出於把付出當價值去照顧別人，最後連自己也被耗盡，讓資源交換變得扭曲。,如果不靠把付出當價值回應他人，我就是自私。,真正的慈悲能照顧他人，也能鬆開把付出當價值。,少一點把付出當價值之後，你還能怎麼溫柔而清楚地回應？,"[""慈悲"", ""把付出當價值"", ""職場""]","[""工作"", ""團隊""]",TruthOS seed dataset,compassion 慈悲 COM_004 把付出當價值 職場協作中的把付出當價值盲點 在職場協作中，出於把付出當價值去照顧別人，最後連自己也被耗盡，讓資源交換變得扭曲。 如果不靠把付出當價值回應他人，我就是自私。 真正的慈悲能照顧他人，也能鬆開把付出當價值。 慈悲 把付出當價值 職場 工作 團隊,2026-06-04T10:25:52.059328+00:00,2026-06-04T10:25:52.059328+00:00,[],dialogue,,
tp_com_053,compassion,COM_005,朋友互動中的不會接住自己盲點,在朋友互動中，出於不會接住自己去照顧別人，最後連自己也被耗盡，讓對話逐漸失衡。,如果不靠不會接住自己回應他人，我就是自私。,真正的慈悲能照顧他人，也能鬆開不會接住自己。,少一點不會接住自己之後，你還能怎麼溫柔而清楚地回應？,"[""慈悲"", ""不會接住自己"", ""友誼""]","[""友誼"", ""界線""]",TruthOS seed dataset,compassion 慈悲 COM_005 不會接住自己 朋友互動中的不會接住自己盲點 在朋友互動中，出於不會接住自己去照顧別人，最後連自己也被耗盡，讓對話逐漸失衡。 如果不靠不會接住自己回應他人，我就是自私。 真正的慈悲能照顧他人，也能鬆開不會接住自己。 慈悲 不會接住自己 友誼 友誼 界線,2026-06-04T10:25:52.059328+00:00,2026-06-04T10:25:52.059328+00:00,[],dialogue,,
tp_com_054,compassion,COM_005,金錢選擇中的不會接住自己盲點,在金錢選擇中，出於不會接住自己去照顧別人，最後連自己也被耗盡，讓界線變得模糊。,如果不靠不會接住自己回應他人，我就是自私。,真正的慈悲能照顧他人，也能鬆開不會接住自己。,少一點不會接住自己之後，你還能怎麼溫柔而清楚地回應？,"[""慈悲"", ""不會接住自己"", ""金錢""]","[""金錢"", ""價值""]",TruthOS seed dataset,compassion 慈悲 COM_005 不會接住自己 金錢選擇中的不會接住自己盲點 在金錢選擇中，出於不會接住自己去照顧別人，最後連自己也被耗盡，讓界線變得模糊。 如果不靠不會接住自己回應他人，我就是自私。 真正的慈悲能照顧他人，也能鬆開不會接住自己。 慈悲 不會接住自己 金錢 金錢 價值,2026-06-04T10:25:52.059328+00:00,2026-06-04T10:25:52.059328+00:00,[],dialogue,,
tp_com_055,compassion,COM_005,健康壓力中的不會接住自己盲點,在健康壓力中，出於不會接住自己去照顧別人，最後連自己也被耗盡，讓責任位置變得混亂。,如果不靠不會接住自己回應他人，我就是自私。,真正的慈悲能照顧他人，也能鬆開不會接住自己。,少一點不會接住自己之後，你還能怎麼溫柔而清楚地回應？,"[""慈悲"", ""不會接住自己"", ""健康""]","[""健康"", ""壓力""]",TruthOS seed dataset,compassion 慈悲 COM_005 不會接住自己 健康壓力中的不會接住自己盲點 在健康壓力中，出於不會接住自己去照顧別人，最後連自己也被耗盡，讓責任位置變得混亂。 如果不靠不會接住自己回應他人，我就是自私。 真正的慈悲能照顧他人，也能鬆開不會接住自己。 慈悲 不會接住自己 健康 健康 壓力,2026-06-04T10:25:52.059328+00:00,2026-06-04T10:25:52.059328+00:00,[],dialogue,,
tp_com_056,compassion,COM_005,創作卡關中的不會接住自己盲點,在創作卡關中，出於不會接住自己去照顧別人，最後連自己也被耗盡，使真正的需求被遮住。,如果不靠不會接住自己回應他人，我就是自私。,真正的慈悲能照顧他人，也能鬆開不會接住自己。,少一點不會接住自己之後，你還能怎麼溫柔而清楚地回應？,"[""慈悲"", ""不會接住自己"", ""創作""]","[""創作"", ""表達""]",TruthOS seed dataset,compassion 慈悲 COM_005 不會接住自己 創作卡關中的不會接住自己盲點 在創作卡關中，出於不會接住自己去照顧別人，最後連自己也被耗盡，使真正的需求被遮住。 如果不靠不會接住自己回應他人，我就是自私。 真正的慈悲能照顧他人，也能鬆開不會接住自己。 慈悲 不會接住自己 創作 創作 表達,2026-06-04T10:25:52.059328+00:00,2026-06-04T10:25:52.059328+00:00,[],dialogue,,
tp_com_057,compassion,COM_005,靈性實踐中的不會接住自己盲點,在靈性實踐中，出於不會接住自己去照顧別人，最後連自己也被耗盡，讓反饋失去作用。,如果不靠不會接住自己回應他人，我就是自私。,真正的慈悲能照顧他人，也能鬆開不會接住自己。,少一點不會接住自己之後，你還能怎麼溫柔而清楚地回應？,"[""慈悲"", ""不會接住自己"", ""靈性""]","[""靈性"", ""自我觀察""]",TruthOS seed dataset,compassion 慈悲 COM_005 不會接住自己 靈性實踐中的不會接住自己盲點 在靈性實踐中，出於不會接住自己去照顧別人，最後連自己也被耗盡，讓反饋失去作用。 如果不靠不會接住自己回應他人，我就是自私。 真正的慈悲能照顧他人，也能鬆開不會接住自己。 慈悲 不會接住自己 靈性 靈性 自我觀察,2026-06-04T10:25:52.059328+00:00,2026-06-04T10:25:52.059328+00:00,[],dialogue,,
tp_com_058,compassion,COM_005,重大失落中的不會接住自己盲點,在重大失落中，出於不會接住自己去照顧別人，最後連自己也被耗盡，讓信任開始鬆動。,如果不靠不會接住自己回應他人，我就是自私。,真正的慈悲能照顧他人，也能鬆開不會接住自己。,少一點不會接住自己之後，你還能怎麼溫柔而清楚地回應？,"[""慈悲"", ""不會接住自己"", ""失落""]","[""失落"", ""轉化""]",TruthOS seed dataset,compassion 慈悲 COM_005 不會接住自己 重大失落中的不會接住自己盲點 在重大失落中，出於不會接住自己去照顧別人，最後連自己也被耗盡，讓信任開始鬆動。 如果不靠不會接住自己回應他人，我就是自私。 真正的慈悲能照顧他人，也能鬆開不會接住自己。 慈悲 不會接住自己 失落 失落 轉化,2026-06-04T10:25:52.059328+00:00,2026-06-04T10:25:52.059328+00:00,[],dialogue,,
tp_com_059,compassion,COM_005,教養現場中的不會接住自己盲點,在教養現場中，出於不會接住自己去照顧別人，最後連自己也被耗盡，讓決定越來越僵硬。,如果不靠不會接住自己回應他人，我就是自私。,真正的慈悲能照顧他人，也能鬆開不會接住自己。,少一點不會接住自己之後，你還能怎麼溫柔而清楚地回應？,"[""慈悲"", ""不會接住自己"", ""教養""]","[""親子"", ""教養""]",TruthOS seed dataset,compassion 慈悲 COM_005 不會接住自己 教養現場中的不會接住自己盲點 在教養現場中，出於不會接住自己去照顧別人，最後連自己也被耗盡，讓決定越來越僵硬。 如果不靠不會接住自己回應他人，我就是自私。 真正的慈悲能照顧他人，也能鬆開不會接住自己。 慈悲 不會接住自己 教養 親子 教養,2026-06-04T10:25:52.059328+00:00,2026-06-04T10:25:52.059328+00:00,[],dialogue,,
tp_com_060,compassion,COM_005,團隊回饋中的不會接住自己盲點,在團隊回饋中，出於不會接住自己去照顧別人，最後連自己也被耗盡，讓內在更難安定。,如果不靠不會接住自己回應他人，我就是自私。,真正的慈悲能照顧他人，也能鬆開不會接住自己。,少一點不會接住自己之後，你還能怎麼溫柔而清楚地回應？,"[""慈悲"", ""不會接住自己"", ""回饋""]","[""團隊"", ""回饋""]",TruthOS seed dataset,compassion 慈悲 COM_005 不會接住自己 團隊回饋中的不會接住自己盲點 在團隊回饋中，出於不會接住自己去照顧別人，最後連自己也被耗盡，讓內在更難安定。 如果不靠不會接住自己回應他人，我就是自私。 真正的慈悲能照顧他人，也能鬆開不會接住自己。 慈悲 不會接住自己 回饋 團隊 回饋,2026-06-04T10:25:52.059328+00:00,2026-06-04T10:25:52.059328+00:00,[],dialogue,,
tp_com_061,compassion,COM_005,社群曝光中的不會接住自己盲點,在社群曝光中，出於不會接住自己去照顧別人，最後連自己也被耗盡，使互動落入重複循環。,如果不靠不會接住自己回應他人，我就是自私。,真正的慈悲能照顧他人，也能鬆開不會接住自己。,少一點不會接住自己之後，你還能怎麼溫柔而清楚地回應？,"[""慈悲"", ""不會接住自己"", ""社群""]","[""社群"", ""自我價值""]",TruthOS seed dataset,compassion 慈悲 COM_005 不會接住自己 社群曝光中的不會接住自己盲點 在社群曝光中，出於不會接住自己去照顧別人，最後連自己也被耗盡，使互動落入重複循環。 如果不靠不會接住自己回應他人，我就是自私。 真正的慈悲能照顧他人，也能鬆開不會接住自己。 慈悲 不會接住自己 社群 社群 自我價值,2026-06-04T10:25:52.059328+00:00,2026-06-04T10:25:52.059328+00:00,[],dialogue,,
tp_com_062,compassion,COM_005,家庭對話中的不會接住自己盲點,在家庭對話中，出於不會接住自己去照顧別人，最後連自己也被耗盡，讓看見真相的空間縮小。,如果不靠不會接住自己回應他人，我就是自私。,真正的慈悲能照顧他人，也能鬆開不會接住自己。,少一點不會接住自己之後，你還能怎麼溫柔而清楚地回應？,"[""慈悲"", ""不會接住自己"", ""家庭""]","[""家庭"", ""親子""]",TruthOS seed dataset,compassion 慈悲 COM_005 不會接住自己 家庭對話中的不會接住自己盲點 在家庭對話中，出於不會接住自己去照顧別人，最後連自己也被耗盡，讓看見真相的空間縮小。 如果不靠不會接住自己回應他人，我就是自私。 真正的慈悲能照顧他人，也能鬆開不會接住自己。 慈悲 不會接住自己 家庭 家庭 親子,2026-06-04T10:25:52.059328+00:00,2026-06-04T10:25:52.059328+00:00,[],dialogue,,
tp_com_063,compassion,COM_005,伴侶衝突中的不會接住自己盲點,在伴侶衝突中，出於不會接住自己去照顧別人，最後連自己也被耗盡，讓支持變成壓力。,如果不靠不會接住自己回應他人，我就是自私。,真正的慈悲能照顧他人，也能鬆開不會接住自己。,少一點不會接住自己之後，你還能怎麼溫柔而清楚地回應？,"[""慈悲"", ""不會接住自己"", ""伴侶""]","[""伴侶"", ""界線""]",TruthOS seed dataset,compassion 慈悲 COM_005 不會接住自己 伴侶衝突中的不會接住自己盲點 在伴侶衝突中，出於不會接住自己去照顧別人，最後連自己也被耗盡，讓支持變成壓力。 如果不靠不會接住自己回應他人，我就是自私。 真正的慈悲能照顧他人，也能鬆開不會接住自己。 慈悲 不會接住自己 伴侶 伴侶 界線,2026-06-04T10:25:52.059328+00:00,2026-06-04T10:25:52.059328+00:00,[],dialogue,,
tp_com_064,compassion,COM_005,職場協作中的不會接住自己盲點,在職場協作中，出於不會接住自己去照顧別人，最後連自己也被耗盡，讓改變停在表面。,如果不靠不會接住自己回應他人，我就是自私。,真正的慈悲能照顧他人，也能鬆開不會接住自己。,少一點不會接住自己之後，你還能怎麼溫柔而清楚地回應？,"[""慈悲"", ""不會接住自己"", ""職場""]","[""工作"", ""團隊""]",TruthOS seed dataset,compassion 慈悲 COM_005 不會接住自己 職場協作中的不會接住自己盲點 在職場協作中，出於不會接住自己去照顧別人，最後連自己也被耗盡，讓改變停在表面。 如果不靠不會接住自己回應他人，我就是自私。 真正的慈悲能照顧他人，也能鬆開不會接住自己。 慈悲 不會接住自己 職場 工作 團隊,2026-06-04T10:25:52.059328+00:00,2026-06-04T10:25:52.059328+00:00,[],dialogue,,
tp_com_065,compassion,COM_006,金錢選擇中的溫柔失去界線盲點,在金錢選擇中，出於溫柔失去界線去照顧別人，最後連自己也被耗盡，讓資源交換變得扭曲。,如果不靠溫柔失去界線回應他人，我就是自私。,真正的慈悲能照顧他人，也能鬆開溫柔失去界線。,少一點溫柔失去界線之後，你還能怎麼溫柔而清楚地回應？,"[""慈悲"", ""溫柔失去界線"", ""金錢""]","[""金錢"", ""價值""]",TruthOS seed dataset,compassion 慈悲 COM_006 溫柔失去界線 金錢選擇中的溫柔失去界線盲點 在金錢選擇中，出於溫柔失去界線去照顧別人，最後連自己也被耗盡，讓資源交換變得扭曲。 如果不靠溫柔失去界線回應他人，我就是自私。 真正的慈悲能照顧他人，也能鬆開溫柔失去界線。 慈悲 溫柔失去界線 金錢 金錢 價值,2026-06-04T10:25:52.059328+00:00,2026-06-04T10:25:52.059328+00:00,[],dialogue,,
tp_com_066,compassion,COM_006,健康壓力中的溫柔失去界線盲點,在健康壓力中，出於溫柔失去界線去照顧別人，最後連自己也被耗盡，讓對話逐漸失衡。,如果不靠溫柔失去界線回應他人，我就是自私。,真正的慈悲能照顧他人，也能鬆開溫柔失去界線。,少一點溫柔失去界線之後，你還能怎麼溫柔而清楚地回應？,"[""慈悲"", ""溫柔失去界線"", ""健康""]","[""健康"", ""壓力""]",TruthOS seed dataset,compassion 慈悲 COM_006 溫柔失去界線 健康壓力中的溫柔失去界線盲點 在健康壓力中，出於溫柔失去界線去照顧別人，最後連自己也被耗盡，讓對話逐漸失衡。 如果不靠溫柔失去界線回應他人，我就是自私。 真正的慈悲能照顧他人，也能鬆開溫柔失去界線。 慈悲 溫柔失去界線 健康 健康 壓力,2026-06-04T10:25:52.059328+00:00,2026-06-04T10:25:52.059328+00:00,[],dialogue,,
tp_com_067,compassion,COM_006,創作卡關中的溫柔失去界線盲點,在創作卡關中，出於溫柔失去界線去照顧別人，最後連自己也被耗盡，讓界線變得模糊。,如果不靠溫柔失去界線回應他人，我就是自私。,真正的慈悲能照顧他人，也能鬆開溫柔失去界線。,少一點溫柔失去界線之後，你還能怎麼溫柔而清楚地回應？,"[""慈悲"", ""溫柔失去界線"", ""創作""]","[""創作"", ""表達""]",TruthOS seed dataset,compassion 慈悲 COM_006 溫柔失去界線 創作卡關中的溫柔失去界線盲點 在創作卡關中，出於溫柔失去界線去照顧別人，最後連自己也被耗盡，讓界線變得模糊。 如果不靠溫柔失去界線回應他人，我就是自私。 真正的慈悲能照顧他人，也能鬆開溫柔失去界線。 慈悲 溫柔失去界線 創作 創作 表達,2026-06-04T10:25:52.059328+00:00,2026-06-04T10:25:52.059328+00:00,[],dialogue,,
tp_com_068,compassion,COM_006,靈性實踐中的溫柔失去界線盲點,在靈性實踐中，出於溫柔失去界線去照顧別人，最後連自己也被耗盡，讓責任位置變得混亂。,如果不靠溫柔失去界線回應他人，我就是自私。,真正的慈悲能照顧他人，也能鬆開溫柔失去界線。,少一點溫柔失去界線之後，你還能怎麼溫柔而清楚地回應？,"[""慈悲"", ""溫柔失去界線"", ""靈性""]","[""靈性"", ""自我觀察""]",TruthOS seed dataset,compassion 慈悲 COM_006 溫柔失去界線 靈性實踐中的溫柔失去界線盲點 在靈性實踐中，出於溫柔失去界線去照顧別人，最後連自己也被耗盡，讓責任位置變得混亂。 如果不靠溫柔失去界線回應他人，我就是自私。 真正的慈悲能照顧他人，也能鬆開溫柔失去界線。 慈悲 溫柔失去界線 靈性 靈性 自我觀察,2026-06-04T10:25:52.059328+00:00,2026-06-04T10:25:52.059328+00:00,[],dialogue,,
tp_com_069,compassion,COM_006,重大失落中的溫柔失去界線盲點,在重大失落中，出於溫柔失去界線去照顧別人，最後連自己也被耗盡，使真正的需求被遮住。,如果不靠溫柔失去界線回應他人，我就是自私。,真正的慈悲能照顧他人，也能鬆開溫柔失去界線。,少一點溫柔失去界線之後，你還能怎麼溫柔而清楚地回應？,"[""慈悲"", ""溫柔失去界線"", ""失落""]","[""失落"", ""轉化""]",TruthOS seed dataset,compassion 慈悲 COM_006 溫柔失去界線 重大失落中的溫柔失去界線盲點 在重大失落中，出於溫柔失去界線去照顧別人，最後連自己也被耗盡，使真正的需求被遮住。 如果不靠溫柔失去界線回應他人，我就是自私。 真正的慈悲能照顧他人，也能鬆開溫柔失去界線。 慈悲 溫柔失去界線 失落 失落 轉化,2026-06-04T10:25:52.059328+00:00,2026-06-04T10:25:52.059328+00:00,[],dialogue,,
tp_com_070,compassion,COM_006,教養現場中的溫柔失去界線盲點,在教養現場中，出於溫柔失去界線去照顧別人，最後連自己也被耗盡，讓反饋失去作用。,如果不靠溫柔失去界線回應他人，我就是自私。,真正的慈悲能照顧他人，也能鬆開溫柔失去界線。,少一點溫柔失去界線之後，你還能怎麼溫柔而清楚地回應？,"[""慈悲"", ""溫柔失去界線"", ""教養""]","[""親子"", ""教養""]",TruthOS seed dataset,compassion 慈悲 COM_006 溫柔失去界線 教養現場中的溫柔失去界線盲點 在教養現場中，出於溫柔失去界線去照顧別人，最後連自己也被耗盡，讓反饋失去作用。 如果不靠溫柔失去界線回應他人，我就是自私。 真正的慈悲能照顧他人，也能鬆開溫柔失去界線。 慈悲 溫柔失去界線 教養 親子 教養,2026-06-04T10:25:52.059328+00:00,2026-06-04T10:25:52.059328+00:00,[],dialogue,,
tp_com_071,compassion,COM_006,團隊回饋中的溫柔失去界線盲點,在團隊回饋中，出於溫柔失去界線去照顧別人，最後連自己也被耗盡，讓信任開始鬆動。,如果不靠溫柔失去界線回應他人，我就是自私。,真正的慈悲能照顧他人，也能鬆開溫柔失去界線。,少一點溫柔失去界線之後，你還能怎麼溫柔而清楚地回應？,"[""慈悲"", ""溫柔失去界線"", ""回饋""]","[""團隊"", ""回饋""]",TruthOS seed dataset,compassion 慈悲 COM_006 溫柔失去界線 團隊回饋中的溫柔失去界線盲點 在團隊回饋中，出於溫柔失去界線去照顧別人，最後連自己也被耗盡，讓信任開始鬆動。 如果不靠溫柔失去界線回應他人，我就是自私。 真正的慈悲能照顧他人，也能鬆開溫柔失去界線。 慈悲 溫柔失去界線 回饋 團隊 回饋,2026-06-04T10:25:52.059328+00:00,2026-06-04T10:25:52.059328+00:00,[],dialogue,,
tp_com_072,compassion,COM_006,社群曝光中的溫柔失去界線盲點,在社群曝光中，出於溫柔失去界線去照顧別人，最後連自己也被耗盡，讓決定越來越僵硬。,如果不靠溫柔失去界線回應他人，我就是自私。,真正的慈悲能照顧他人，也能鬆開溫柔失去界線。,少一點溫柔失去界線之後，你還能怎麼溫柔而清楚地回應？,"[""慈悲"", ""溫柔失去界線"", ""社群""]","[""社群"", ""自我價值""]",TruthOS seed dataset,compassion 慈悲 COM_006 溫柔失去界線 社群曝光中的溫柔失去界線盲點 在社群曝光中，出於溫柔失去界線去照顧別人，最後連自己也被耗盡，讓決定越來越僵硬。 如果不靠溫柔失去界線回應他人，我就是自私。 真正的慈悲能照顧他人，也能鬆開溫柔失去界線。 慈悲 溫柔失去界線 社群 社群 自我價值,2026-06-04T10:25:52.059328+00:00,2026-06-04T10:25:52.059328+00:00,[],dialogue,,
tp_com_073,compassion,COM_006,家庭對話中的溫柔失去界線盲點,在家庭對話中，出於溫柔失去界線去照顧別人，最後連自己也被耗盡，讓內在更難安定。,如果不靠溫柔失去界線回應他人，我就是自私。,真正的慈悲能照顧他人，也能鬆開溫柔失去界線。,少一點溫柔失去界線之後，你還能怎麼溫柔而清楚地回應？,"[""慈悲"", ""溫柔失去界線"", ""家庭""]","[""家庭"", ""親子""]",TruthOS seed dataset,compassion 慈悲 COM_006 溫柔失去界線 家庭對話中的溫柔失去界線盲點 在家庭對話中，出於溫柔失去界線去照顧別人，最後連自己也被耗盡，讓內在更難安定。 如果不靠溫柔失去界線回應他人，我就是自私。 真正的慈悲能照顧他人，也能鬆開溫柔失去界線。 慈悲 溫柔失去界線 家庭 家庭 親子,2026-06-04T10:25:52.059328+00:00,2026-06-04T10:25:52.059328+00:00,[],dialogue,,
tp_com_074,compassion,COM_006,伴侶衝突中的溫柔失去界線盲點,在伴侶衝突中，出於溫柔失去界線去照顧別人，最後連自己也被耗盡，使互動落入重複循環。,如果不靠溫柔失去界線回應他人，我就是自私。,真正的慈悲能照顧他人，也能鬆開溫柔失去界線。,少一點溫柔失去界線之後，你還能怎麼溫柔而清楚地回應？,"[""慈悲"", ""溫柔失去界線"", ""伴侶""]","[""伴侶"", ""界線""]",TruthOS seed dataset,compassion 慈悲 COM_006 溫柔失去界線 伴侶衝突中的溫柔失去界線盲點 在伴侶衝突中，出於溫柔失去界線去照顧別人，最後連自己也被耗盡，使互動落入重複循環。 如果不靠溫柔失去界線回應他人，我就是自私。 真正的慈悲能照顧他人，也能鬆開溫柔失去界線。 慈悲 溫柔失去界線 伴侶 伴侶 界線,2026-06-04T10:25:52.059328+00:00,2026-06-04T10:25:52.059328+00:00,[],dialogue,,
tp_com_075,compassion,COM_006,職場協作中的溫柔失去界線盲點,在職場協作中，出於溫柔失去界線去照顧別人，最後連自己也被耗盡，讓看見真相的空間縮小。,如果不靠溫柔失去界線回應他人，我就是自私。,真正的慈悲能照顧他人，也能鬆開溫柔失去界線。,少一點溫柔失去界線之後，你還能怎麼溫柔而清楚地回應？,"[""慈悲"", ""溫柔失去界線"", ""職場""]","[""工作"", ""團隊""]",TruthOS seed dataset,compassion 慈悲 COM_006 溫柔失去界線 職場協作中的溫柔失去界線盲點 在職場協作中，出於溫柔失去界線去照顧別人，最後連自己也被耗盡，讓看見真相的空間縮小。 如果不靠溫柔失去界線回應他人，我就是自私。 真正的慈悲能照顧他人，也能鬆開溫柔失去界線。 慈悲 溫柔失去界線 職場 工作 團隊,2026-06-04T10:25:52.059328+00:00,2026-06-04T10:25:52.059328+00:00,[],dialogue,,
tp_com_076,compassion,COM_006,領導決策中的溫柔失去界線盲點,在領導決策中，出於溫柔失去界線去照顧別人，最後連自己也被耗盡，讓支持變成壓力。,如果不靠溫柔失去界線回應他人，我就是自私。,真正的慈悲能照顧他人，也能鬆開溫柔失去界線。,少一點溫柔失去界線之後，你還能怎麼溫柔而清楚地回應？,"[""慈悲"", ""溫柔失去界線"", ""領導""]","[""領導"", ""決策""]",TruthOS seed dataset,compassion 慈悲 COM_006 溫柔失去界線 領導決策中的溫柔失去界線盲點 在領導決策中，出於溫柔失去界線去照顧別人，最後連自己也被耗盡，讓支持變成壓力。 如果不靠溫柔失去界線回應他人，我就是自私。 真正的慈悲能照顧他人，也能鬆開溫柔失去界線。 慈悲 溫柔失去界線 領導 領導 決策,2026-06-04T10:25:52.059328+00:00,2026-06-04T10:25:52.059328+00:00,[],dialogue,,
tp_com_077,compassion,COM_007,健康壓力中的用善良避衝突盲點,在健康壓力中，出於用善良避衝突去照顧別人，最後連自己也被耗盡，讓改變停在表面。,如果不靠用善良避衝突回應他人，我就是自私。,真正的慈悲能照顧他人，也能鬆開用善良避衝突。,少一點用善良避衝突之後，你還能怎麼溫柔而清楚地回應？,"[""慈悲"", ""用善良避衝突"", ""健康""]","[""健康"", ""壓力""]",TruthOS seed dataset,compassion 慈悲 COM_007 用善良避衝突 健康壓力中的用善良避衝突盲點 在健康壓力中，出於用善良避衝突去照顧別人，最後連自己也被耗盡，讓改變停在表面。 如果不靠用善良避衝突回應他人，我就是自私。 真正的慈悲能照顧他人，也能鬆開用善良避衝突。 慈悲 用善良避衝突 健康 健康 壓力,2026-06-04T10:25:52.059328+00:00,2026-06-04T10:25:52.059328+00:00,[],dialogue,,
tp_com_078,compassion,COM_007,創作卡關中的用善良避衝突盲點,在創作卡關中，出於用善良避衝突去照顧別人，最後連自己也被耗盡，讓資源交換變得扭曲。,如果不靠用善良避衝突回應他人，我就是自私。,真正的慈悲能照顧他人，也能鬆開用善良避衝突。,少一點用善良避衝突之後，你還能怎麼溫柔而清楚地回應？,"[""慈悲"", ""用善良避衝突"", ""創作""]","[""創作"", ""表達""]",TruthOS seed dataset,compassion 慈悲 COM_007 用善良避衝突 創作卡關中的用善良避衝突盲點 在創作卡關中，出於用善良避衝突去照顧別人，最後連自己也被耗盡，讓資源交換變得扭曲。 如果不靠用善良避衝突回應他人，我就是自私。 真正的慈悲能照顧他人，也能鬆開用善良避衝突。 慈悲 用善良避衝突 創作 創作 表達,2026-06-04T10:25:52.059328+00:00,2026-06-04T10:25:52.059328+00:00,[],dialogue,,
tp_com_079,compassion,COM_007,靈性實踐中的用善良避衝突盲點,在靈性實踐中，出於用善良避衝突去照顧別人，最後連自己也被耗盡，讓對話逐漸失衡。,如果不靠用善良避衝突回應他人，我就是自私。,真正的慈悲能照顧他人，也能鬆開用善良避衝突。,少一點用善良避衝突之後，你還能怎麼溫柔而清楚地回應？,"[""慈悲"", ""用善良避衝突"", ""靈性""]","[""靈性"", ""自我觀察""]",TruthOS seed dataset,compassion 慈悲 COM_007 用善良避衝突 靈性實踐中的用善良避衝突盲點 在靈性實踐中，出於用善良避衝突去照顧別人，最後連自己也被耗盡，讓對話逐漸失衡。 如果不靠用善良避衝突回應他人，我就是自私。 真正的慈悲能照顧他人，也能鬆開用善良避衝突。 慈悲 用善良避衝突 靈性 靈性 自我觀察,2026-06-04T10:25:52.059328+00:00,2026-06-04T10:25:52.059328+00:00,[],dialogue,,
tp_com_080,compassion,COM_007,重大失落中的用善良避衝突盲點,在重大失落中，出於用善良避衝突去照顧別人，最後連自己也被耗盡，讓界線變得模糊。,如果不靠用善良避衝突回應他人，我就是自私。,真正的慈悲能照顧他人，也能鬆開用善良避衝突。,少一點用善良避衝突之後，你還能怎麼溫柔而清楚地回應？,"[""慈悲"", ""用善良避衝突"", ""失落""]","[""失落"", ""轉化""]",TruthOS seed dataset,compassion 慈悲 COM_007 用善良避衝突 重大失落中的用善良避衝突盲點 在重大失落中，出於用善良避衝突去照顧別人，最後連自己也被耗盡，讓界線變得模糊。 如果不靠用善良避衝突回應他人，我就是自私。 真正的慈悲能照顧他人，也能鬆開用善良避衝突。 慈悲 用善良避衝突 失落 失落 轉化,2026-06-04T10:25:52.059328+00:00,2026-06-04T10:25:52.059328+00:00,[],dialogue,,
tp_com_081,compassion,COM_007,教養現場中的用善良避衝突盲點,在教養現場中，出於用善良避衝突去照顧別人，最後連自己也被耗盡，讓責任位置變得混亂。,如果不靠用善良避衝突回應他人，我就是自私。,真正的慈悲能照顧他人，也能鬆開用善良避衝突。,少一點用善良避衝突之後，你還能怎麼溫柔而清楚地回應？,"[""慈悲"", ""用善良避衝突"", ""教養""]","[""親子"", ""教養""]",TruthOS seed dataset,compassion 慈悲 COM_007 用善良避衝突 教養現場中的用善良避衝突盲點 在教養現場中，出於用善良避衝突去照顧別人，最後連自己也被耗盡，讓責任位置變得混亂。 如果不靠用善良避衝突回應他人，我就是自私。 真正的慈悲能照顧他人，也能鬆開用善良避衝突。 慈悲 用善良避衝突 教養 親子 教養,2026-06-04T10:25:52.059328+00:00,2026-06-04T10:25:52.059328+00:00,[],dialogue,,
tp_com_082,compassion,COM_007,團隊回饋中的用善良避衝突盲點,在團隊回饋中，出於用善良避衝突去照顧別人，最後連自己也被耗盡，使真正的需求被遮住。,如果不靠用善良避衝突回應他人，我就是自私。,真正的慈悲能照顧他人，也能鬆開用善良避衝突。,少一點用善良避衝突之後，你還能怎麼溫柔而清楚地回應？,"[""慈悲"", ""用善良避衝突"", ""回饋""]","[""團隊"", ""回饋""]",TruthOS seed dataset,compassion 慈悲 COM_007 用善良避衝突 團隊回饋中的用善良避衝突盲點 在團隊回饋中，出於用善良避衝突去照顧別人，最後連自己也被耗盡，使真正的需求被遮住。 如果不靠用善良避衝突回應他人，我就是自私。 真正的慈悲能照顧他人，也能鬆開用善良避衝突。 慈悲 用善良避衝突 回饋 團隊 回饋,2026-06-04T10:25:52.059328+00:00,2026-06-04T10:25:52.059328+00:00,[],dialogue,,
tp_com_083,compassion,COM_007,社群曝光中的用善良避衝突盲點,在社群曝光中，出於用善良避衝突去照顧別人，最後連自己也被耗盡，讓反饋失去作用。,如果不靠用善良避衝突回應他人，我就是自私。,真正的慈悲能照顧他人，也能鬆開用善良避衝突。,少一點用善良避衝突之後，你還能怎麼溫柔而清楚地回應？,"[""慈悲"", ""用善良避衝突"", ""社群""]","[""社群"", ""自我價值""]",TruthOS seed dataset,compassion 慈悲 COM_007 用善良避衝突 社群曝光中的用善良避衝突盲點 在社群曝光中，出於用善良避衝突去照顧別人，最後連自己也被耗盡，讓反饋失去作用。 如果不靠用善良避衝突回應他人，我就是自私。 真正的慈悲能照顧他人，也能鬆開用善良避衝突。 慈悲 用善良避衝突 社群 社群 自我價值,2026-06-04T10:25:52.059328+00:00,2026-06-04T10:25:52.059328+00:00,[],dialogue,,
tp_com_084,compassion,COM_007,家庭對話中的用善良避衝突盲點,在家庭對話中，出於用善良避衝突去照顧別人，最後連自己也被耗盡，讓信任開始鬆動。,如果不靠用善良避衝突回應他人，我就是自私。,真正的慈悲能照顧他人，也能鬆開用善良避衝突。,少一點用善良避衝突之後，你還能怎麼溫柔而清楚地回應？,"[""慈悲"", ""用善良避衝突"", ""家庭""]","[""家庭"", ""親子""]",TruthOS seed dataset,compassion 慈悲 COM_007 用善良避衝突 家庭對話中的用善良避衝突盲點 在家庭對話中，出於用善良避衝突去照顧別人，最後連自己也被耗盡，讓信任開始鬆動。 如果不靠用善良避衝突回應他人，我就是自私。 真正的慈悲能照顧他人，也能鬆開用善良避衝突。 慈悲 用善良避衝突 家庭 家庭 親子,2026-06-04T10:25:52.059328+00:00,2026-06-04T10:25:52.059328+00:00,[],dialogue,,
tp_com_085,compassion,COM_007,伴侶衝突中的用善良避衝突盲點,在伴侶衝突中，出於用善良避衝突去照顧別人，最後連自己也被耗盡，讓決定越來越僵硬。,如果不靠用善良避衝突回應他人，我就是自私。,真正的慈悲能照顧他人，也能鬆開用善良避衝突。,少一點用善良避衝突之後，你還能怎麼溫柔而清楚地回應？,"[""慈悲"", ""用善良避衝突"", ""伴侶""]","[""伴侶"", ""界線""]",TruthOS seed dataset,compassion 慈悲 COM_007 用善良避衝突 伴侶衝突中的用善良避衝突盲點 在伴侶衝突中，出於用善良避衝突去照顧別人，最後連自己也被耗盡，讓決定越來越僵硬。 如果不靠用善良避衝突回應他人，我就是自私。 真正的慈悲能照顧他人，也能鬆開用善良避衝突。 慈悲 用善良避衝突 伴侶 伴侶 界線,2026-06-04T10:25:52.059328+00:00,2026-06-04T10:25:52.059328+00:00,[],dialogue,,
tp_com_086,compassion,COM_007,職場協作中的用善良避衝突盲點,在職場協作中，出於用善良避衝突去照顧別人，最後連自己也被耗盡，讓內在更難安定。,如果不靠用善良避衝突回應他人，我就是自私。,真正的慈悲能照顧他人，也能鬆開用善良避衝突。,少一點用善良避衝突之後，你還能怎麼溫柔而清楚地回應？,"[""慈悲"", ""用善良避衝突"", ""職場""]","[""工作"", ""團隊""]",TruthOS seed dataset,compassion 慈悲 COM_007 用善良避衝突 職場協作中的用善良避衝突盲點 在職場協作中，出於用善良避衝突去照顧別人，最後連自己也被耗盡，讓內在更難安定。 如果不靠用善良避衝突回應他人，我就是自私。 真正的慈悲能照顧他人，也能鬆開用善良避衝突。 慈悲 用善良避衝突 職場 工作 團隊,2026-06-04T10:25:52.059328+00:00,2026-06-04T10:25:52.059328+00:00,[],dialogue,,
tp_com_087,compassion,COM_007,領導決策中的用善良避衝突盲點,在領導決策中，出於用善良避衝突去照顧別人，最後連自己也被耗盡，使互動落入重複循環。,如果不靠用善良避衝突回應他人，我就是自私。,真正的慈悲能照顧他人，也能鬆開用善良避衝突。,少一點用善良避衝突之後，你還能怎麼溫柔而清楚地回應？,"[""慈悲"", ""用善良避衝突"", ""領導""]","[""領導"", ""決策""]",TruthOS seed dataset,compassion 慈悲 COM_007 用善良避衝突 領導決策中的用善良避衝突盲點 在領導決策中，出於用善良避衝突去照顧別人，最後連自己也被耗盡，使互動落入重複循環。 如果不靠用善良避衝突回應他人，我就是自私。 真正的慈悲能照顧他人，也能鬆開用善良避衝突。 慈悲 用善良避衝突 領導 領導 決策,2026-06-04T10:25:52.059328+00:00,2026-06-04T10:25:52.059328+00:00,[],dialogue,,
tp_com_088,compassion,COM_007,朋友互動中的用善良避衝突盲點,在朋友互動中，出於用善良避衝突去照顧別人，最後連自己也被耗盡，讓看見真相的空間縮小。,如果不靠用善良避衝突回應他人，我就是自私。,真正的慈悲能照顧他人，也能鬆開用善良避衝突。,少一點用善良避衝突之後，你還能怎麼溫柔而清楚地回應？,"[""慈悲"", ""用善良避衝突"", ""友誼""]","[""友誼"", ""界線""]",TruthOS seed dataset,compassion 慈悲 COM_007 用善良避衝突 朋友互動中的用善良避衝突盲點 在朋友互動中，出於用善良避衝突去照顧別人，最後連自己也被耗盡，讓看見真相的空間縮小。 如果不靠用善良避衝突回應他人，我就是自私。 真正的慈悲能照顧他人，也能鬆開用善良避衝突。 慈悲 用善良避衝突 友誼 友誼 界線,2026-06-04T10:25:52.059328+00:00,2026-06-04T10:25:52.059328+00:00,[],dialogue,,
tp_com_089,compassion,COM_008,創作卡關中的忽略自身需要盲點,在創作卡關中，出於忽略自身需要去照顧別人，最後連自己也被耗盡，讓支持變成壓力。,如果不靠忽略自身需要回應他人，我就是自私。,真正的慈悲能照顧他人，也能鬆開忽略自身需要。,少一點忽略自身需要之後，你還能怎麼溫柔而清楚地回應？,"[""慈悲"", ""忽略自身需要"", ""創作""]","[""創作"", ""表達""]",TruthOS seed dataset,compassion 慈悲 COM_008 忽略自身需要 創作卡關中的忽略自身需要盲點 在創作卡關中，出於忽略自身需要去照顧別人，最後連自己也被耗盡，讓支持變成壓力。 如果不靠忽略自身需要回應他人，我就是自私。 真正的慈悲能照顧他人，也能鬆開忽略自身需要。 慈悲 忽略自身需要 創作 創作 表達,2026-06-04T10:25:52.059328+00:00,2026-06-04T10:25:52.059328+00:00,[],dialogue,,
tp_com_090,compassion,COM_008,靈性實踐中的忽略自身需要盲點,在靈性實踐中，出於忽略自身需要去照顧別人，最後連自己也被耗盡，讓改變停在表面。,如果不靠忽略自身需要回應他人，我就是自私。,真正的慈悲能照顧他人，也能鬆開忽略自身需要。,少一點忽略自身需要之後，你還能怎麼溫柔而清楚地回應？,"[""慈悲"", ""忽略自身需要"", ""靈性""]","[""靈性"", ""自我觀察""]",TruthOS seed dataset,compassion 慈悲 COM_008 忽略自身需要 靈性實踐中的忽略自身需要盲點 在靈性實踐中，出於忽略自身需要去照顧別人，最後連自己也被耗盡，讓改變停在表面。 如果不靠忽略自身需要回應他人，我就是自私。 真正的慈悲能照顧他人，也能鬆開忽略自身需要。 慈悲 忽略自身需要 靈性 靈性 自我觀察,2026-06-04T10:25:52.059328+00:00,2026-06-04T10:25:52.059328+00:00,[],dialogue,,
tp_com_091,compassion,COM_008,重大失落中的忽略自身需要盲點,在重大失落中，出於忽略自身需要去照顧別人，最後連自己也被耗盡，讓資源交換變得扭曲。,如果不靠忽略自身需要回應他人，我就是自私。,真正的慈悲能照顧他人，也能鬆開忽略自身需要。,少一點忽略自身需要之後，你還能怎麼溫柔而清楚地回應？,"[""慈悲"", ""忽略自身需要"", ""失落""]","[""失落"", ""轉化""]",TruthOS seed dataset,compassion 慈悲 COM_008 忽略自身需要 重大失落中的忽略自身需要盲點 在重大失落中，出於忽略自身需要去照顧別人，最後連自己也被耗盡，讓資源交換變得扭曲。 如果不靠忽略自身需要回應他人，我就是自私。 真正的慈悲能照顧他人，也能鬆開忽略自身需要。 慈悲 忽略自身需要 失落 失落 轉化,2026-06-04T10:25:52.059328+00:00,2026-06-04T10:25:52.059328+00:00,[],dialogue,,
tp_com_092,compassion,COM_008,教養現場中的忽略自身需要盲點,在教養現場中，出於忽略自身需要去照顧別人，最後連自己也被耗盡，讓對話逐漸失衡。,如果不靠忽略自身需要回應他人，我就是自私。,真正的慈悲能照顧他人，也能鬆開忽略自身需要。,少一點忽略自身需要之後，你還能怎麼溫柔而清楚地回應？,"[""慈悲"", ""忽略自身需要"", ""教養""]","[""親子"", ""教養""]",TruthOS seed dataset,compassion 慈悲 COM_008 忽略自身需要 教養現場中的忽略自身需要盲點 在教養現場中，出於忽略自身需要去照顧別人，最後連自己也被耗盡，讓對話逐漸失衡。 如果不靠忽略自身需要回應他人，我就是自私。 真正的慈悲能照顧他人，也能鬆開忽略自身需要。 慈悲 忽略自身需要 教養 親子 教養,2026-06-04T10:25:52.059328+00:00,2026-06-04T10:25:52.059328+00:00,[],dialogue,,
tp_com_093,compassion,COM_008,團隊回饋中的忽略自身需要盲點,在團隊回饋中，出於忽略自身需要去照顧別人，最後連自己也被耗盡，讓界線變得模糊。,如果不靠忽略自身需要回應他人，我就是自私。,真正的慈悲能照顧他人，也能鬆開忽略自身需要。,少一點忽略自身需要之後，你還能怎麼溫柔而清楚地回應？,"[""慈悲"", ""忽略自身需要"", ""回饋""]","[""團隊"", ""回饋""]",TruthOS seed dataset,compassion 慈悲 COM_008 忽略自身需要 團隊回饋中的忽略自身需要盲點 在團隊回饋中，出於忽略自身需要去照顧別人，最後連自己也被耗盡，讓界線變得模糊。 如果不靠忽略自身需要回應他人，我就是自私。 真正的慈悲能照顧他人，也能鬆開忽略自身需要。 慈悲 忽略自身需要 回饋 團隊 回饋,2026-06-04T10:25:52.059328+00:00,2026-06-04T10:25:52.059328+00:00,[],dialogue,,
tp_com_094,compassion,COM_008,社群曝光中的忽略自身需要盲點,在社群曝光中，出於忽略自身需要去照顧別人，最後連自己也被耗盡，讓責任位置變得混亂。,如果不靠忽略自身需要回應他人，我就是自私。,真正的慈悲能照顧他人，也能鬆開忽略自身需要。,少一點忽略自身需要之後，你還能怎麼溫柔而清楚地回應？,"[""慈悲"", ""忽略自身需要"", ""社群""]","[""社群"", ""自我價值""]",TruthOS seed dataset,compassion 慈悲 COM_008 忽略自身需要 社群曝光中的忽略自身需要盲點 在社群曝光中，出於忽略自身需要去照顧別人，最後連自己也被耗盡，讓責任位置變得混亂。 如果不靠忽略自身需要回應他人，我就是自私。 真正的慈悲能照顧他人，也能鬆開忽略自身需要。 慈悲 忽略自身需要 社群 社群 自我價值,2026-06-04T10:25:52.059328+00:00,2026-06-04T10:25:52.059328+00:00,[],dialogue,,
tp_com_095,compassion,COM_008,家庭對話中的忽略自身需要盲點,在家庭對話中，出於忽略自身需要去照顧別人，最後連自己也被耗盡，使真正的需求被遮住。,如果不靠忽略自身需要回應他人，我就是自私。,真正的慈悲能照顧他人，也能鬆開忽略自身需要。,少一點忽略自身需要之後，你還能怎麼溫柔而清楚地回應？,"[""慈悲"", ""忽略自身需要"", ""家庭""]","[""家庭"", ""親子""]",TruthOS seed dataset,compassion 慈悲 COM_008 忽略自身需要 家庭對話中的忽略自身需要盲點 在家庭對話中，出於忽略自身需要去照顧別人，最後連自己也被耗盡，使真正的需求被遮住。 如果不靠忽略自身需要回應他人，我就是自私。 真正的慈悲能照顧他人，也能鬆開忽略自身需要。 慈悲 忽略自身需要 家庭 家庭 親子,2026-06-04T10:25:52.059328+00:00,2026-06-04T10:25:52.059328+00:00,[],dialogue,,
tp_com_096,compassion,COM_008,伴侶衝突中的忽略自身需要盲點,在伴侶衝突中，出於忽略自身需要去照顧別人，最後連自己也被耗盡，讓反饋失去作用。,如果不靠忽略自身需要回應他人，我就是自私。,真正的慈悲能照顧他人，也能鬆開忽略自身需要。,少一點忽略自身需要之後，你還能怎麼溫柔而清楚地回應？,"[""慈悲"", ""忽略自身需要"", ""伴侶""]","[""伴侶"", ""界線""]",TruthOS seed dataset,compassion 慈悲 COM_008 忽略自身需要 伴侶衝突中的忽略自身需要盲點 在伴侶衝突中，出於忽略自身需要去照顧別人，最後連自己也被耗盡，讓反饋失去作用。 如果不靠忽略自身需要回應他人，我就是自私。 真正的慈悲能照顧他人，也能鬆開忽略自身需要。 慈悲 忽略自身需要 伴侶 伴侶 界線,2026-06-04T10:25:52.059328+00:00,2026-06-04T10:25:52.059328+00:00,[],dialogue,,
tp_com_097,compassion,COM_008,職場協作中的忽略自身需要盲點,在職場協作中，出於忽略自身需要去照顧別人，最後連自己也被耗盡，讓信任開始鬆動。,如果不靠忽略自身需要回應他人，我就是自私。,真正的慈悲能照顧他人，也能鬆開忽略自身需要。,少一點忽略自身需要之後，你還能怎麼溫柔而清楚地回應？,"[""慈悲"", ""忽略自身需要"", ""職場""]","[""工作"", ""團隊""]",TruthOS seed dataset,compassion 慈悲 COM_008 忽略自身需要 職場協作中的忽略自身需要盲點 在職場協作中，出於忽略自身需要去照顧別人，最後連自己也被耗盡，讓信任開始鬆動。 如果不靠忽略自身需要回應他人，我就是自私。 真正的慈悲能照顧他人，也能鬆開忽略自身需要。 慈悲 忽略自身需要 職場 工作 團隊,2026-06-04T10:25:52.059328+00:00,2026-06-04T10:25:52.059328+00:00,[],dialogue,,
tp_com_098,compassion,COM_008,領導決策中的忽略自身需要盲點,在領導決策中，出於忽略自身需要去照顧別人，最後連自己也被耗盡，讓決定越來越僵硬。,如果不靠忽略自身需要回應他人，我就是自私。,真正的慈悲能照顧他人，也能鬆開忽略自身需要。,少一點忽略自身需要之後，你還能怎麼溫柔而清楚地回應？,"[""慈悲"", ""忽略自身需要"", ""領導""]","[""領導"", ""決策""]",TruthOS seed dataset,compassion 慈悲 COM_008 忽略自身需要 領導決策中的忽略自身需要盲點 在領導決策中，出於忽略自身需要去照顧別人，最後連自己也被耗盡，讓決定越來越僵硬。 如果不靠忽略自身需要回應他人，我就是自私。 真正的慈悲能照顧他人，也能鬆開忽略自身需要。 慈悲 忽略自身需要 領導 領導 決策,2026-06-04T10:25:52.059328+00:00,2026-06-04T10:25:52.059328+00:00,[],dialogue,,
tp_com_099,compassion,COM_008,朋友互動中的忽略自身需要盲點,在朋友互動中，出於忽略自身需要去照顧別人，最後連自己也被耗盡，讓內在更難安定。,如果不靠忽略自身需要回應他人，我就是自私。,真正的慈悲能照顧他人，也能鬆開忽略自身需要。,少一點忽略自身需要之後，你還能怎麼溫柔而清楚地回應？,"[""慈悲"", ""忽略自身需要"", ""友誼""]","[""友誼"", ""界線""]",TruthOS seed dataset,compassion 慈悲 COM_008 忽略自身需要 朋友互動中的忽略自身需要盲點 在朋友互動中，出於忽略自身需要去照顧別人，最後連自己也被耗盡，讓內在更難安定。 如果不靠忽略自身需要回應他人，我就是自私。 真正的慈悲能照顧他人，也能鬆開忽略自身需要。 慈悲 忽略自身需要 友誼 友誼 界線,2026-06-04T10:25:52.059328+00:00,2026-06-04T10:25:52.059328+00:00,[],dialogue,,
tp_com_100,compassion,COM_008,金錢選擇中的忽略自身需要盲點,在金錢選擇中，出於忽略自身需要去照顧別人，最後連自己也被耗盡，使互動落入重複循環。,如果不靠忽略自身需要回應他人，我就是自私。,真正的慈悲能照顧他人，也能鬆開忽略自身需要。,少一點忽略自身需要之後，你還能怎麼溫柔而清楚地回應？,"[""慈悲"", ""忽略自身需要"", ""金錢""]","[""金錢"", ""價值""]",TruthOS seed dataset,compassion 慈悲 COM_008 忽略自身需要 金錢選擇中的忽略自身需要盲點 在金錢選擇中，出於忽略自身需要去照顧別人，最後連自己也被耗盡，使互動落入重複循環。 如果不靠忽略自身需要回應他人，我就是自私。 真正的慈悲能照顧他人，也能鬆開忽略自身需要。 慈悲 忽略自身需要 金錢 金錢 價值,2026-06-04T10:25:52.059328+00:00,2026-06-04T10:25:52.059328+00:00,[],dialogue,,
tp_dis_001,discernment,DIS_001,家庭對話中的把直覺當結論盲點,在家庭對話中，讓把直覺當結論主導判斷，於是真相被偏好的說法覆蓋，讓對話逐漸失衡。,只要我避開把直覺當結論的不舒服，就能更快看見真相。,真相不怕複雜，先放下把直覺當結論才看得更清楚。,若先暫停把直覺當結論，你會重新檢查哪個訊號？,"[""辨識"", ""把直覺當結論"", ""家庭""]","[""家庭"", ""親子""]",TruthOS seed dataset,discernment 辨識 DIS_001 把直覺當結論 家庭對話中的把直覺當結論盲點 在家庭對話中，讓把直覺當結論主導判斷，於是真相被偏好的說法覆蓋，讓對話逐漸失衡。 只要我避開把直覺當結論的不舒服，就能更快看見真相。 真相不怕複雜，先放下把直覺當結論才看得更清楚。 辨識 把直覺當結論 家庭 家庭 親子,2026-06-04T10:25:52.059328+00:00,2026-06-04T10:25:52.059328+00:00,[],dialogue,,
tp_dis_002,discernment,DIS_001,伴侶衝突中的把直覺當結論盲點,在伴侶衝突中，讓把直覺當結論主導判斷，於是真相被偏好的說法覆蓋，讓界線變得模糊。,只要我避開把直覺當結論的不舒服，就能更快看見真相。,真相不怕複雜，先放下把直覺當結論才看得更清楚。,若先暫停把直覺當結論，你會重新檢查哪個訊號？,"[""辨識"", ""把直覺當結論"", ""伴侶""]","[""伴侶"", ""界線""]",TruthOS seed dataset,discernment 辨識 DIS_001 把直覺當結論 伴侶衝突中的把直覺當結論盲點 在伴侶衝突中，讓把直覺當結論主導判斷，於是真相被偏好的說法覆蓋，讓界線變得模糊。 只要我避開把直覺當結論的不舒服，就能更快看見真相。 真相不怕複雜，先放下把直覺當結論才看得更清楚。 辨識 把直覺當結論 伴侶 伴侶 界線,2026-06-04T10:25:52.059328+00:00,2026-06-04T10:25:52.059328+00:00,[],dialogue,,
tp_dis_003,discernment,DIS_001,職場協作中的把直覺當結論盲點,在職場協作中，讓把直覺當結論主導判斷，於是真相被偏好的說法覆蓋，讓責任位置變得混亂。,只要我避開把直覺當結論的不舒服，就能更快看見真相。,真相不怕複雜，先放下把直覺當結論才看得更清楚。,若先暫停把直覺當結論，你會重新檢查哪個訊號？,"[""辨識"", ""把直覺當結論"", ""職場""]","[""工作"", ""團隊""]",TruthOS seed dataset,discernment 辨識 DIS_001 把直覺當結論 職場協作中的把直覺當結論盲點 在職場協作中，讓把直覺當結論主導判斷，於是真相被偏好的說法覆蓋，讓責任位置變得混亂。 只要我避開把直覺當結論的不舒服，就能更快看見真相。 真相不怕複雜，先放下把直覺當結論才看得更清楚。 辨識 把直覺當結論 職場 工作 團隊,2026-06-04T10:25:52.059328+00:00,2026-06-04T10:25:52.059328+00:00,[],dialogue,,
tp_dis_004,discernment,DIS_001,領導決策中的把直覺當結論盲點,在領導決策中，讓把直覺當結論主導判斷，於是真相被偏好的說法覆蓋，使真正的需求被遮住。,只要我避開把直覺當結論的不舒服，就能更快看見真相。,真相不怕複雜，先放下把直覺當結論才看得更清楚。,若先暫停把直覺當結論，你會重新檢查哪個訊號？,"[""辨識"", ""把直覺當結論"", ""領導""]","[""領導"", ""決策""]",TruthOS seed dataset,discernment 辨識 DIS_001 把直覺當結論 領導決策中的把直覺當結論盲點 在領導決策中，讓把直覺當結論主導判斷，於是真相被偏好的說法覆蓋，使真正的需求被遮住。 只要我避開把直覺當結論的不舒服，就能更快看見真相。 真相不怕複雜，先放下把直覺當結論才看得更清楚。 辨識 把直覺當結論 領導 領導 決策,2026-06-04T10:25:52.059328+00:00,2026-06-04T10:25:52.059328+00:00,[],dialogue,,
tp_dis_005,discernment,DIS_001,朋友互動中的把直覺當結論盲點,在朋友互動中，讓把直覺當結論主導判斷，於是真相被偏好的說法覆蓋，讓反饋失去作用。,只要我避開把直覺當結論的不舒服，就能更快看見真相。,真相不怕複雜，先放下把直覺當結論才看得更清楚。,若先暫停把直覺當結論，你會重新檢查哪個訊號？,"[""辨識"", ""把直覺當結論"", ""友誼""]","[""友誼"", ""界線""]",TruthOS seed dataset,discernment 辨識 DIS_001 把直覺當結論 朋友互動中的把直覺當結論盲點 在朋友互動中，讓把直覺當結論主導判斷，於是真相被偏好的說法覆蓋，讓反饋失去作用。 只要我避開把直覺當結論的不舒服，就能更快看見真相。 真相不怕複雜，先放下把直覺當結論才看得更清楚。 辨識 把直覺當結論 友誼 友誼 界線,2026-06-04T10:25:52.059328+00:00,2026-06-04T10:25:52.059328+00:00,[],dialogue,,
tp_dis_006,discernment,DIS_001,金錢選擇中的把直覺當結論盲點,在金錢選擇中，讓把直覺當結論主導判斷，於是真相被偏好的說法覆蓋，讓信任開始鬆動。,只要我避開把直覺當結論的不舒服，就能更快看見真相。,真相不怕複雜，先放下把直覺當結論才看得更清楚。,若先暫停把直覺當結論，你會重新檢查哪個訊號？,"[""辨識"", ""把直覺當結論"", ""金錢""]","[""金錢"", ""價值""]",TruthOS seed dataset,discernment 辨識 DIS_001 把直覺當結論 金錢選擇中的把直覺當結論盲點 在金錢選擇中，讓把直覺當結論主導判斷，於是真相被偏好的說法覆蓋，讓信任開始鬆動。 只要我避開把直覺當結論的不舒服，就能更快看見真相。 真相不怕複雜，先放下把直覺當結論才看得更清楚。 辨識 把直覺當結論 金錢 金錢 價值,2026-06-04T10:25:52.059328+00:00,2026-06-04T10:25:52.059328+00:00,[],dialogue,,
tp_dis_007,discernment,DIS_001,健康壓力中的把直覺當結論盲點,在健康壓力中，讓把直覺當結論主導判斷，於是真相被偏好的說法覆蓋，讓決定越來越僵硬。,只要我避開把直覺當結論的不舒服，就能更快看見真相。,真相不怕複雜，先放下把直覺當結論才看得更清楚。,若先暫停把直覺當結論，你會重新檢查哪個訊號？,"[""辨識"", ""把直覺當結論"", ""健康""]","[""健康"", ""壓力""]",TruthOS seed dataset,discernment 辨識 DIS_001 把直覺當結論 健康壓力中的把直覺當結論盲點 在健康壓力中，讓把直覺當結論主導判斷，於是真相被偏好的說法覆蓋，讓決定越來越僵硬。 只要我避開把直覺當結論的不舒服，就能更快看見真相。 真相不怕複雜，先放下把直覺當結論才看得更清楚。 辨識 把直覺當結論 健康 健康 壓力,2026-06-04T10:25:52.059328+00:00,2026-06-04T10:25:52.059328+00:00,[],dialogue,,
tp_dis_008,discernment,DIS_001,創作卡關中的把直覺當結論盲點,在創作卡關中，讓把直覺當結論主導判斷，於是真相被偏好的說法覆蓋，讓內在更難安定。,只要我避開把直覺當結論的不舒服，就能更快看見真相。,真相不怕複雜，先放下把直覺當結論才看得更清楚。,若先暫停把直覺當結論，你會重新檢查哪個訊號？,"[""辨識"", ""把直覺當結論"", ""創作""]","[""創作"", ""表達""]",TruthOS seed dataset,discernment 辨識 DIS_001 把直覺當結論 創作卡關中的把直覺當結論盲點 在創作卡關中，讓把直覺當結論主導判斷，於是真相被偏好的說法覆蓋，讓內在更難安定。 只要我避開把直覺當結論的不舒服，就能更快看見真相。 真相不怕複雜，先放下把直覺當結論才看得更清楚。 辨識 把直覺當結論 創作 創作 表達,2026-06-04T10:25:52.059328+00:00,2026-06-04T10:25:52.059328+00:00,[],dialogue,,
tp_dis_009,discernment,DIS_001,靈性實踐中的把直覺當結論盲點,在靈性實踐中，讓把直覺當結論主導判斷，於是真相被偏好的說法覆蓋，使互動落入重複循環。,只要我避開把直覺當結論的不舒服，就能更快看見真相。,真相不怕複雜，先放下把直覺當結論才看得更清楚。,若先暫停把直覺當結論，你會重新檢查哪個訊號？,"[""辨識"", ""把直覺當結論"", ""靈性""]","[""靈性"", ""自我觀察""]",TruthOS seed dataset,discernment 辨識 DIS_001 把直覺當結論 靈性實踐中的把直覺當結論盲點 在靈性實踐中，讓把直覺當結論主導判斷，於是真相被偏好的說法覆蓋，使互動落入重複循環。 只要我避開把直覺當結論的不舒服，就能更快看見真相。 真相不怕複雜，先放下把直覺當結論才看得更清楚。 辨識 把直覺當結論 靈性 靈性 自我觀察,2026-06-04T10:25:52.059328+00:00,2026-06-04T10:25:52.059328+00:00,[],dialogue,,
tp_dis_010,discernment,DIS_001,重大失落中的把直覺當結論盲點,在重大失落中，讓把直覺當結論主導判斷，於是真相被偏好的說法覆蓋，讓看見真相的空間縮小。,只要我避開把直覺當結論的不舒服，就能更快看見真相。,真相不怕複雜，先放下把直覺當結論才看得更清楚。,若先暫停把直覺當結論，你會重新檢查哪個訊號？,"[""辨識"", ""把直覺當結論"", ""失落""]","[""失落"", ""轉化""]",TruthOS seed dataset,discernment 辨識 DIS_001 把直覺當結論 重大失落中的把直覺當結論盲點 在重大失落中，讓把直覺當結論主導判斷，於是真相被偏好的說法覆蓋，讓看見真相的空間縮小。 只要我避開把直覺當結論的不舒服，就能更快看見真相。 真相不怕複雜，先放下把直覺當結論才看得更清楚。 辨識 把直覺當結論 失落 失落 轉化,2026-06-04T10:25:52.059328+00:00,2026-06-04T10:25:52.059328+00:00,[],dialogue,,
tp_dis_011,discernment,DIS_001,教養現場中的把直覺當結論盲點,在教養現場中，讓把直覺當結論主導判斷，於是真相被偏好的說法覆蓋，讓支持變成壓力。,只要我避開把直覺當結論的不舒服，就能更快看見真相。,真相不怕複雜，先放下把直覺當結論才看得更清楚。,若先暫停把直覺當結論，你會重新檢查哪個訊號？,"[""辨識"", ""把直覺當結論"", ""教養""]","[""親子"", ""教養""]",TruthOS seed dataset,discernment 辨識 DIS_001 把直覺當結論 教養現場中的把直覺當結論盲點 在教養現場中，讓把直覺當結論主導判斷，於是真相被偏好的說法覆蓋，讓支持變成壓力。 只要我避開把直覺當結論的不舒服，就能更快看見真相。 真相不怕複雜，先放下把直覺當結論才看得更清楚。 辨識 把直覺當結論 教養 親子 教養,2026-06-04T10:25:52.059328+00:00,2026-06-04T10:25:52.059328+00:00,[],dialogue,,
tp_dis_012,discernment,DIS_001,團隊回饋中的把直覺當結論盲點,在團隊回饋中，讓把直覺當結論主導判斷，於是真相被偏好的說法覆蓋，讓改變停在表面。,只要我避開把直覺當結論的不舒服，就能更快看見真相。,真相不怕複雜，先放下把直覺當結論才看得更清楚。,若先暫停把直覺當結論，你會重新檢查哪個訊號？,"[""辨識"", ""把直覺當結論"", ""回饋""]","[""團隊"", ""回饋""]",TruthOS seed dataset,discernment 辨識 DIS_001 把直覺當結論 團隊回饋中的把直覺當結論盲點 在團隊回饋中，讓把直覺當結論主導判斷，於是真相被偏好的說法覆蓋，讓改變停在表面。 只要我避開把直覺當結論的不舒服，就能更快看見真相。 真相不怕複雜，先放下把直覺當結論才看得更清楚。 辨識 把直覺當結論 回饋 團隊 回饋,2026-06-04T10:25:52.059328+00:00,2026-06-04T10:25:52.059328+00:00,[],dialogue,,
tp_dis_013,discernment,DIS_001,社群曝光中的把直覺當結論盲點,在社群曝光中，讓把直覺當結論主導判斷，於是真相被偏好的說法覆蓋，讓資源交換變得扭曲。,只要我避開把直覺當結論的不舒服，就能更快看見真相。,真相不怕複雜，先放下把直覺當結論才看得更清楚。,若先暫停把直覺當結論，你會重新檢查哪個訊號？,"[""辨識"", ""把直覺當結論"", ""社群""]","[""社群"", ""自我價值""]",TruthOS seed dataset,discernment 辨識 DIS_001 把直覺當結論 社群曝光中的把直覺當結論盲點 在社群曝光中，讓把直覺當結論主導判斷，於是真相被偏好的說法覆蓋，讓資源交換變得扭曲。 只要我避開把直覺當結論的不舒服，就能更快看見真相。 真相不怕複雜，先放下把直覺當結論才看得更清楚。 辨識 把直覺當結論 社群 社群 自我價值,2026-06-04T10:25:52.059328+00:00,2026-06-04T10:25:52.059328+00:00,[],dialogue,,
tp_dis_014,discernment,DIS_002,伴侶衝突中的只挑想聽的盲點,在伴侶衝突中，讓只挑想聽的主導判斷，於是真相被偏好的說法覆蓋，讓對話逐漸失衡。,只要我避開只挑想聽的的不舒服，就能更快看見真相。,真相不怕複雜，先放下只挑想聽的才看得更清楚。,若先暫停只挑想聽的，你會重新檢查哪個訊號？,"[""辨識"", ""只挑想聽的"", ""伴侶""]","[""伴侶"", ""界線""]",TruthOS seed dataset,discernment 辨識 DIS_002 只挑想聽的 伴侶衝突中的只挑想聽的盲點 在伴侶衝突中，讓只挑想聽的主導判斷，於是真相被偏好的說法覆蓋，讓對話逐漸失衡。 只要我避開只挑想聽的的不舒服，就能更快看見真相。 真相不怕複雜，先放下只挑想聽的才看得更清楚。 辨識 只挑想聽的 伴侶 伴侶 界線,2026-06-04T10:25:52.059328+00:00,2026-06-04T10:25:52.059328+00:00,[],dialogue,,
tp_dis_015,discernment,DIS_002,職場協作中的只挑想聽的盲點,在職場協作中，讓只挑想聽的主導判斷，於是真相被偏好的說法覆蓋，讓界線變得模糊。,只要我避開只挑想聽的的不舒服，就能更快看見真相。,真相不怕複雜，先放下只挑想聽的才看得更清楚。,若先暫停只挑想聽的，你會重新檢查哪個訊號？,"[""辨識"", ""只挑想聽的"", ""職場""]","[""工作"", ""團隊""]",TruthOS seed dataset,discernment 辨識 DIS_002 只挑想聽的 職場協作中的只挑想聽的盲點 在職場協作中，讓只挑想聽的主導判斷，於是真相被偏好的說法覆蓋，讓界線變得模糊。 只要我避開只挑想聽的的不舒服，就能更快看見真相。 真相不怕複雜，先放下只挑想聽的才看得更清楚。 辨識 只挑想聽的 職場 工作 團隊,2026-06-04T10:25:52.059328+00:00,2026-06-04T10:25:52.059328+00:00,[],dialogue,,
tp_dis_016,discernment,DIS_002,領導決策中的只挑想聽的盲點,在領導決策中，讓只挑想聽的主導判斷，於是真相被偏好的說法覆蓋，讓責任位置變得混亂。,只要我避開只挑想聽的的不舒服，就能更快看見真相。,真相不怕複雜，先放下只挑想聽的才看得更清楚。,若先暫停只挑想聽的，你會重新檢查哪個訊號？,"[""辨識"", ""只挑想聽的"", ""領導""]","[""領導"", ""決策""]",TruthOS seed dataset,discernment 辨識 DIS_002 只挑想聽的 領導決策中的只挑想聽的盲點 在領導決策中，讓只挑想聽的主導判斷，於是真相被偏好的說法覆蓋，讓責任位置變得混亂。 只要我避開只挑想聽的的不舒服，就能更快看見真相。 真相不怕複雜，先放下只挑想聽的才看得更清楚。 辨識 只挑想聽的 領導 領導 決策,2026-06-04T10:25:52.059328+00:00,2026-06-04T10:25:52.059328+00:00,[],dialogue,,
tp_dis_017,discernment,DIS_002,朋友互動中的只挑想聽的盲點,在朋友互動中，讓只挑想聽的主導判斷，於是真相被偏好的說法覆蓋，使真正的需求被遮住。,只要我避開只挑想聽的的不舒服，就能更快看見真相。,真相不怕複雜，先放下只挑想聽的才看得更清楚。,若先暫停只挑想聽的，你會重新檢查哪個訊號？,"[""辨識"", ""只挑想聽的"", ""友誼""]","[""友誼"", ""界線""]",TruthOS seed dataset,discernment 辨識 DIS_002 只挑想聽的 朋友互動中的只挑想聽的盲點 在朋友互動中，讓只挑想聽的主導判斷，於是真相被偏好的說法覆蓋，使真正的需求被遮住。 只要我避開只挑想聽的的不舒服，就能更快看見真相。 真相不怕複雜，先放下只挑想聽的才看得更清楚。 辨識 只挑想聽的 友誼 友誼 界線,2026-06-04T10:25:52.059328+00:00,2026-06-04T10:25:52.059328+00:00,[],dialogue,,
tp_dis_018,discernment,DIS_002,金錢選擇中的只挑想聽的盲點,在金錢選擇中，讓只挑想聽的主導判斷，於是真相被偏好的說法覆蓋，讓反饋失去作用。,只要我避開只挑想聽的的不舒服，就能更快看見真相。,真相不怕複雜，先放下只挑想聽的才看得更清楚。,若先暫停只挑想聽的，你會重新檢查哪個訊號？,"[""辨識"", ""只挑想聽的"", ""金錢""]","[""金錢"", ""價值""]",TruthOS seed dataset,discernment 辨識 DIS_002 只挑想聽的 金錢選擇中的只挑想聽的盲點 在金錢選擇中，讓只挑想聽的主導判斷，於是真相被偏好的說法覆蓋，讓反饋失去作用。 只要我避開只挑想聽的的不舒服，就能更快看見真相。 真相不怕複雜，先放下只挑想聽的才看得更清楚。 辨識 只挑想聽的 金錢 金錢 價值,2026-06-04T10:25:52.059328+00:00,2026-06-04T10:25:52.059328+00:00,[],dialogue,,
tp_dis_019,discernment,DIS_002,健康壓力中的只挑想聽的盲點,在健康壓力中，讓只挑想聽的主導判斷，於是真相被偏好的說法覆蓋，讓信任開始鬆動。,只要我避開只挑想聽的的不舒服，就能更快看見真相。,真相不怕複雜，先放下只挑想聽的才看得更清楚。,若先暫停只挑想聽的，你會重新檢查哪個訊號？,"[""辨識"", ""只挑想聽的"", ""健康""]","[""健康"", ""壓力""]",TruthOS seed dataset,discernment 辨識 DIS_002 只挑想聽的 健康壓力中的只挑想聽的盲點 在健康壓力中，讓只挑想聽的主導判斷，於是真相被偏好的說法覆蓋，讓信任開始鬆動。 只要我避開只挑想聽的的不舒服，就能更快看見真相。 真相不怕複雜，先放下只挑想聽的才看得更清楚。 辨識 只挑想聽的 健康 健康 壓力,2026-06-04T10:25:52.059328+00:00,2026-06-04T10:25:52.059328+00:00,[],dialogue,,
tp_dis_020,discernment,DIS_002,創作卡關中的只挑想聽的盲點,在創作卡關中，讓只挑想聽的主導判斷，於是真相被偏好的說法覆蓋，讓決定越來越僵硬。,只要我避開只挑想聽的的不舒服，就能更快看見真相。,真相不怕複雜，先放下只挑想聽的才看得更清楚。,若先暫停只挑想聽的，你會重新檢查哪個訊號？,"[""辨識"", ""只挑想聽的"", ""創作""]","[""創作"", ""表達""]",TruthOS seed dataset,discernment 辨識 DIS_002 只挑想聽的 創作卡關中的只挑想聽的盲點 在創作卡關中，讓只挑想聽的主導判斷，於是真相被偏好的說法覆蓋，讓決定越來越僵硬。 只要我避開只挑想聽的的不舒服，就能更快看見真相。 真相不怕複雜，先放下只挑想聽的才看得更清楚。 辨識 只挑想聽的 創作 創作 表達,2026-06-04T10:25:52.059328+00:00,2026-06-04T10:25:52.059328+00:00,[],dialogue,,
tp_dis_021,discernment,DIS_002,靈性實踐中的只挑想聽的盲點,在靈性實踐中，讓只挑想聽的主導判斷，於是真相被偏好的說法覆蓋，讓內在更難安定。,只要我避開只挑想聽的的不舒服，就能更快看見真相。,真相不怕複雜，先放下只挑想聽的才看得更清楚。,若先暫停只挑想聽的，你會重新檢查哪個訊號？,"[""辨識"", ""只挑想聽的"", ""靈性""]","[""靈性"", ""自我觀察""]",TruthOS seed dataset,discernment 辨識 DIS_002 只挑想聽的 靈性實踐中的只挑想聽的盲點 在靈性實踐中，讓只挑想聽的主導判斷，於是真相被偏好的說法覆蓋，讓內在更難安定。 只要我避開只挑想聽的的不舒服，就能更快看見真相。 真相不怕複雜，先放下只挑想聽的才看得更清楚。 辨識 只挑想聽的 靈性 靈性 自我觀察,2026-06-04T10:25:52.059328+00:00,2026-06-04T10:25:52.059328+00:00,[],dialogue,,
tp_dis_022,discernment,DIS_002,重大失落中的只挑想聽的盲點,在重大失落中，讓只挑想聽的主導判斷，於是真相被偏好的說法覆蓋，使互動落入重複循環。,只要我避開只挑想聽的的不舒服，就能更快看見真相。,真相不怕複雜，先放下只挑想聽的才看得更清楚。,若先暫停只挑想聽的，你會重新檢查哪個訊號？,"[""辨識"", ""只挑想聽的"", ""失落""]","[""失落"", ""轉化""]",TruthOS seed dataset,discernment 辨識 DIS_002 只挑想聽的 重大失落中的只挑想聽的盲點 在重大失落中，讓只挑想聽的主導判斷，於是真相被偏好的說法覆蓋，使互動落入重複循環。 只要我避開只挑想聽的的不舒服，就能更快看見真相。 真相不怕複雜，先放下只挑想聽的才看得更清楚。 辨識 只挑想聽的 失落 失落 轉化,2026-06-04T10:25:52.059328+00:00,2026-06-04T10:25:52.059328+00:00,[],dialogue,,
tp_dis_023,discernment,DIS_002,教養現場中的只挑想聽的盲點,在教養現場中，讓只挑想聽的主導判斷，於是真相被偏好的說法覆蓋，讓看見真相的空間縮小。,只要我避開只挑想聽的的不舒服，就能更快看見真相。,真相不怕複雜，先放下只挑想聽的才看得更清楚。,若先暫停只挑想聽的，你會重新檢查哪個訊號？,"[""辨識"", ""只挑想聽的"", ""教養""]","[""親子"", ""教養""]",TruthOS seed dataset,discernment 辨識 DIS_002 只挑想聽的 教養現場中的只挑想聽的盲點 在教養現場中，讓只挑想聽的主導判斷，於是真相被偏好的說法覆蓋，讓看見真相的空間縮小。 只要我避開只挑想聽的的不舒服，就能更快看見真相。 真相不怕複雜，先放下只挑想聽的才看得更清楚。 辨識 只挑想聽的 教養 親子 教養,2026-06-04T10:25:52.059328+00:00,2026-06-04T10:25:52.059328+00:00,[],dialogue,,
tp_dis_024,discernment,DIS_002,團隊回饋中的只挑想聽的盲點,在團隊回饋中，讓只挑想聽的主導判斷，於是真相被偏好的說法覆蓋，讓支持變成壓力。,只要我避開只挑想聽的的不舒服，就能更快看見真相。,真相不怕複雜，先放下只挑想聽的才看得更清楚。,若先暫停只挑想聽的，你會重新檢查哪個訊號？,"[""辨識"", ""只挑想聽的"", ""回饋""]","[""團隊"", ""回饋""]",TruthOS seed dataset,discernment 辨識 DIS_002 只挑想聽的 團隊回饋中的只挑想聽的盲點 在團隊回饋中，讓只挑想聽的主導判斷，於是真相被偏好的說法覆蓋，讓支持變成壓力。 只要我避開只挑想聽的的不舒服，就能更快看見真相。 真相不怕複雜，先放下只挑想聽的才看得更清楚。 辨識 只挑想聽的 回饋 團隊 回饋,2026-06-04T10:25:52.059328+00:00,2026-06-04T10:25:52.059328+00:00,[],dialogue,,
tp_dis_025,discernment,DIS_002,社群曝光中的只挑想聽的盲點,在社群曝光中，讓只挑想聽的主導判斷，於是真相被偏好的說法覆蓋，讓改變停在表面。,只要我避開只挑想聽的的不舒服，就能更快看見真相。,真相不怕複雜，先放下只挑想聽的才看得更清楚。,若先暫停只挑想聽的，你會重新檢查哪個訊號？,"[""辨識"", ""只挑想聽的"", ""社群""]","[""社群"", ""自我價值""]",TruthOS seed dataset,discernment 辨識 DIS_002 只挑想聽的 社群曝光中的只挑想聽的盲點 在社群曝光中，讓只挑想聽的主導判斷，於是真相被偏好的說法覆蓋，讓改變停在表面。 只要我避開只挑想聽的的不舒服，就能更快看見真相。 真相不怕複雜，先放下只挑想聽的才看得更清楚。 辨識 只挑想聽的 社群 社群 自我價值,2026-06-04T10:25:52.059328+00:00,2026-06-04T10:25:52.059328+00:00,[],dialogue,,
tp_dis_026,discernment,DIS_002,家庭對話中的只挑想聽的盲點,在家庭對話中，讓只挑想聽的主導判斷，於是真相被偏好的說法覆蓋，讓資源交換變得扭曲。,只要我避開只挑想聽的的不舒服，就能更快看見真相。,真相不怕複雜，先放下只挑想聽的才看得更清楚。,若先暫停只挑想聽的，你會重新檢查哪個訊號？,"[""辨識"", ""只挑想聽的"", ""家庭""]","[""家庭"", ""親子""]",TruthOS seed dataset,discernment 辨識 DIS_002 只挑想聽的 家庭對話中的只挑想聽的盲點 在家庭對話中，讓只挑想聽的主導判斷，於是真相被偏好的說法覆蓋，讓資源交換變得扭曲。 只要我避開只挑想聽的的不舒服，就能更快看見真相。 真相不怕複雜，先放下只挑想聽的才看得更清楚。 辨識 只挑想聽的 家庭 家庭 親子,2026-06-04T10:25:52.059328+00:00,2026-06-04T10:25:52.059328+00:00,[],dialogue,,
tp_dis_027,discernment,DIS_003,職場協作中的權威依賴盲點,在職場協作中，讓權威依賴主導判斷，於是真相被偏好的說法覆蓋，讓對話逐漸失衡。,只要我避開權威依賴的不舒服，就能更快看見真相。,真相不怕複雜，先放下權威依賴才看得更清楚。,若先暫停權威依賴，你會重新檢查哪個訊號？,"[""辨識"", ""權威依賴"", ""職場""]","[""工作"", ""團隊""]",TruthOS seed dataset,discernment 辨識 DIS_003 權威依賴 職場協作中的權威依賴盲點 在職場協作中，讓權威依賴主導判斷，於是真相被偏好的說法覆蓋，讓對話逐漸失衡。 只要我避開權威依賴的不舒服，就能更快看見真相。 真相不怕複雜，先放下權威依賴才看得更清楚。 辨識 權威依賴 職場 工作 團隊,2026-06-04T10:25:52.059328+00:00,2026-06-04T10:25:52.059328+00:00,[],dialogue,,
tp_dis_028,discernment,DIS_003,領導決策中的權威依賴盲點,在領導決策中，讓權威依賴主導判斷，於是真相被偏好的說法覆蓋，讓界線變得模糊。,只要我避開權威依賴的不舒服，就能更快看見真相。,真相不怕複雜，先放下權威依賴才看得更清楚。,若先暫停權威依賴，你會重新檢查哪個訊號？,"[""辨識"", ""權威依賴"", ""領導""]","[""領導"", ""決策""]",TruthOS seed dataset,discernment 辨識 DIS_003 權威依賴 領導決策中的權威依賴盲點 在領導決策中，讓權威依賴主導判斷，於是真相被偏好的說法覆蓋，讓界線變得模糊。 只要我避開權威依賴的不舒服，就能更快看見真相。 真相不怕複雜，先放下權威依賴才看得更清楚。 辨識 權威依賴 領導 領導 決策,2026-06-04T10:25:52.059328+00:00,2026-06-04T10:25:52.059328+00:00,[],dialogue,,
tp_dis_029,discernment,DIS_003,朋友互動中的權威依賴盲點,在朋友互動中，讓權威依賴主導判斷，於是真相被偏好的說法覆蓋，讓責任位置變得混亂。,只要我避開權威依賴的不舒服，就能更快看見真相。,真相不怕複雜，先放下權威依賴才看得更清楚。,若先暫停權威依賴，你會重新檢查哪個訊號？,"[""辨識"", ""權威依賴"", ""友誼""]","[""友誼"", ""界線""]",TruthOS seed dataset,discernment 辨識 DIS_003 權威依賴 朋友互動中的權威依賴盲點 在朋友互動中，讓權威依賴主導判斷，於是真相被偏好的說法覆蓋，讓責任位置變得混亂。 只要我避開權威依賴的不舒服，就能更快看見真相。 真相不怕複雜，先放下權威依賴才看得更清楚。 辨識 權威依賴 友誼 友誼 界線,2026-06-04T10:25:52.059328+00:00,2026-06-04T10:25:52.059328+00:00,[],dialogue,,
tp_dis_030,discernment,DIS_003,金錢選擇中的權威依賴盲點,在金錢選擇中，讓權威依賴主導判斷，於是真相被偏好的說法覆蓋，使真正的需求被遮住。,只要我避開權威依賴的不舒服，就能更快看見真相。,真相不怕複雜，先放下權威依賴才看得更清楚。,若先暫停權威依賴，你會重新檢查哪個訊號？,"[""辨識"", ""權威依賴"", ""金錢""]","[""金錢"", ""價值""]",TruthOS seed dataset,discernment 辨識 DIS_003 權威依賴 金錢選擇中的權威依賴盲點 在金錢選擇中，讓權威依賴主導判斷，於是真相被偏好的說法覆蓋，使真正的需求被遮住。 只要我避開權威依賴的不舒服，就能更快看見真相。 真相不怕複雜，先放下權威依賴才看得更清楚。 辨識 權威依賴 金錢 金錢 價值,2026-06-04T10:25:52.059328+00:00,2026-06-04T10:25:52.059328+00:00,[],dialogue,,
tp_dis_031,discernment,DIS_003,健康壓力中的權威依賴盲點,在健康壓力中，讓權威依賴主導判斷，於是真相被偏好的說法覆蓋，讓反饋失去作用。,只要我避開權威依賴的不舒服，就能更快看見真相。,真相不怕複雜，先放下權威依賴才看得更清楚。,若先暫停權威依賴，你會重新檢查哪個訊號？,"[""辨識"", ""權威依賴"", ""健康""]","[""健康"", ""壓力""]",TruthOS seed dataset,discernment 辨識 DIS_003 權威依賴 健康壓力中的權威依賴盲點 在健康壓力中，讓權威依賴主導判斷，於是真相被偏好的說法覆蓋，讓反饋失去作用。 只要我避開權威依賴的不舒服，就能更快看見真相。 真相不怕複雜，先放下權威依賴才看得更清楚。 辨識 權威依賴 健康 健康 壓力,2026-06-04T10:25:52.059328+00:00,2026-06-04T10:25:52.059328+00:00,[],dialogue,,
tp_dis_032,discernment,DIS_003,創作卡關中的權威依賴盲點,在創作卡關中，讓權威依賴主導判斷，於是真相被偏好的說法覆蓋，讓信任開始鬆動。,只要我避開權威依賴的不舒服，就能更快看見真相。,真相不怕複雜，先放下權威依賴才看得更清楚。,若先暫停權威依賴，你會重新檢查哪個訊號？,"[""辨識"", ""權威依賴"", ""創作""]","[""創作"", ""表達""]",TruthOS seed dataset,discernment 辨識 DIS_003 權威依賴 創作卡關中的權威依賴盲點 在創作卡關中，讓權威依賴主導判斷，於是真相被偏好的說法覆蓋，讓信任開始鬆動。 只要我避開權威依賴的不舒服，就能更快看見真相。 真相不怕複雜，先放下權威依賴才看得更清楚。 辨識 權威依賴 創作 創作 表達,2026-06-04T10:25:52.059328+00:00,2026-06-04T10:25:52.059328+00:00,[],dialogue,,
tp_dis_033,discernment,DIS_003,靈性實踐中的權威依賴盲點,在靈性實踐中，讓權威依賴主導判斷，於是真相被偏好的說法覆蓋，讓決定越來越僵硬。,只要我避開權威依賴的不舒服，就能更快看見真相。,真相不怕複雜，先放下權威依賴才看得更清楚。,若先暫停權威依賴，你會重新檢查哪個訊號？,"[""辨識"", ""權威依賴"", ""靈性""]","[""靈性"", ""自我觀察""]",TruthOS seed dataset,discernment 辨識 DIS_003 權威依賴 靈性實踐中的權威依賴盲點 在靈性實踐中，讓權威依賴主導判斷，於是真相被偏好的說法覆蓋，讓決定越來越僵硬。 只要我避開權威依賴的不舒服，就能更快看見真相。 真相不怕複雜，先放下權威依賴才看得更清楚。 辨識 權威依賴 靈性 靈性 自我觀察,2026-06-04T10:25:52.059328+00:00,2026-06-04T10:25:52.059328+00:00,[],dialogue,,
tp_dis_034,discernment,DIS_003,重大失落中的權威依賴盲點,在重大失落中，讓權威依賴主導判斷，於是真相被偏好的說法覆蓋，讓內在更難安定。,只要我避開權威依賴的不舒服，就能更快看見真相。,真相不怕複雜，先放下權威依賴才看得更清楚。,若先暫停權威依賴，你會重新檢查哪個訊號？,"[""辨識"", ""權威依賴"", ""失落""]","[""失落"", ""轉化""]",TruthOS seed dataset,discernment 辨識 DIS_003 權威依賴 重大失落中的權威依賴盲點 在重大失落中，讓權威依賴主導判斷，於是真相被偏好的說法覆蓋，讓內在更難安定。 只要我避開權威依賴的不舒服，就能更快看見真相。 真相不怕複雜，先放下權威依賴才看得更清楚。 辨識 權威依賴 失落 失落 轉化,2026-06-04T10:25:52.059328+00:00,2026-06-04T10:25:52.059328+00:00,[],dialogue,,
tp_dis_035,discernment,DIS_003,教養現場中的權威依賴盲點,在教養現場中，讓權威依賴主導判斷，於是真相被偏好的說法覆蓋，使互動落入重複循環。,只要我避開權威依賴的不舒服，就能更快看見真相。,真相不怕複雜，先放下權威依賴才看得更清楚。,若先暫停權威依賴，你會重新檢查哪個訊號？,"[""辨識"", ""權威依賴"", ""教養""]","[""親子"", ""教養""]",TruthOS seed dataset,discernment 辨識 DIS_003 權威依賴 教養現場中的權威依賴盲點 在教養現場中，讓權威依賴主導判斷，於是真相被偏好的說法覆蓋，使互動落入重複循環。 只要我避開權威依賴的不舒服，就能更快看見真相。 真相不怕複雜，先放下權威依賴才看得更清楚。 辨識 權威依賴 教養 親子 教養,2026-06-04T10:25:52.059328+00:00,2026-06-04T10:25:52.059328+00:00,[],dialogue,,
tp_dis_036,discernment,DIS_003,團隊回饋中的權威依賴盲點,在團隊回饋中，讓權威依賴主導判斷，於是真相被偏好的說法覆蓋，讓看見真相的空間縮小。,只要我避開權威依賴的不舒服，就能更快看見真相。,真相不怕複雜，先放下權威依賴才看得更清楚。,若先暫停權威依賴，你會重新檢查哪個訊號？,"[""辨識"", ""權威依賴"", ""回饋""]","[""團隊"", ""回饋""]",TruthOS seed dataset,discernment 辨識 DIS_003 權威依賴 團隊回饋中的權威依賴盲點 在團隊回饋中，讓權威依賴主導判斷，於是真相被偏好的說法覆蓋，讓看見真相的空間縮小。 只要我避開權威依賴的不舒服，就能更快看見真相。 真相不怕複雜，先放下權威依賴才看得更清楚。 辨識 權威依賴 回饋 團隊 回饋,2026-06-04T10:25:52.059328+00:00,2026-06-04T10:25:52.059328+00:00,[],dialogue,,
tp_dis_037,discernment,DIS_003,社群曝光中的權威依賴盲點,在社群曝光中，讓權威依賴主導判斷，於是真相被偏好的說法覆蓋，讓支持變成壓力。,只要我避開權威依賴的不舒服，就能更快看見真相。,真相不怕複雜，先放下權威依賴才看得更清楚。,若先暫停權威依賴，你會重新檢查哪個訊號？,"[""辨識"", ""權威依賴"", ""社群""]","[""社群"", ""自我價值""]",TruthOS seed dataset,discernment 辨識 DIS_003 權威依賴 社群曝光中的權威依賴盲點 在社群曝光中，讓權威依賴主導判斷，於是真相被偏好的說法覆蓋，讓支持變成壓力。 只要我避開權威依賴的不舒服，就能更快看見真相。 真相不怕複雜，先放下權威依賴才看得更清楚。 辨識 權威依賴 社群 社群 自我價值,2026-06-04T10:25:52.059328+00:00,2026-06-04T10:25:52.059328+00:00,[],dialogue,,
tp_dis_038,discernment,DIS_003,家庭對話中的權威依賴盲點,在家庭對話中，讓權威依賴主導判斷，於是真相被偏好的說法覆蓋，讓改變停在表面。,只要我避開權威依賴的不舒服，就能更快看見真相。,真相不怕複雜，先放下權威依賴才看得更清楚。,若先暫停權威依賴，你會重新檢查哪個訊號？,"[""辨識"", ""權威依賴"", ""家庭""]","[""家庭"", ""親子""]",TruthOS seed dataset,discernment 辨識 DIS_003 權威依賴 家庭對話中的權威依賴盲點 在家庭對話中，讓權威依賴主導判斷，於是真相被偏好的說法覆蓋，讓改變停在表面。 只要我避開權威依賴的不舒服，就能更快看見真相。 真相不怕複雜，先放下權威依賴才看得更清楚。 辨識 權威依賴 家庭 家庭 親子,2026-06-04T10:25:52.059328+00:00,2026-06-04T10:25:52.059328+00:00,[],dialogue,,
tp_dis_039,discernment,DIS_003,伴侶衝突中的權威依賴盲點,在伴侶衝突中，讓權威依賴主導判斷，於是真相被偏好的說法覆蓋，讓資源交換變得扭曲。,只要我避開權威依賴的不舒服，就能更快看見真相。,真相不怕複雜，先放下權威依賴才看得更清楚。,若先暫停權威依賴，你會重新檢查哪個訊號？,"[""辨識"", ""權威依賴"", ""伴侶""]","[""伴侶"", ""界線""]",TruthOS seed dataset,discernment 辨識 DIS_003 權威依賴 伴侶衝突中的權威依賴盲點 在伴侶衝突中，讓權威依賴主導判斷，於是真相被偏好的說法覆蓋，讓資源交換變得扭曲。 只要我避開權威依賴的不舒服，就能更快看見真相。 真相不怕複雜，先放下權威依賴才看得更清楚。 辨識 權威依賴 伴侶 伴侶 界線,2026-06-04T10:25:52.059328+00:00,2026-06-04T10:25:52.059328+00:00,[],dialogue,,
tp_dis_040,discernment,DIS_004,領導決策中的道德優越盲點,在領導決策中，讓道德優越主導判斷，於是真相被偏好的說法覆蓋，讓對話逐漸失衡。,只要我避開道德優越的不舒服，就能更快看見真相。,真相不怕複雜，先放下道德優越才看得更清楚。,若先暫停道德優越，你會重新檢查哪個訊號？,"[""辨識"", ""道德優越"", ""領導""]","[""領導"", ""決策""]",TruthOS seed dataset,discernment 辨識 DIS_004 道德優越 領導決策中的道德優越盲點 在領導決策中，讓道德優越主導判斷，於是真相被偏好的說法覆蓋，讓對話逐漸失衡。 只要我避開道德優越的不舒服，就能更快看見真相。 真相不怕複雜，先放下道德優越才看得更清楚。 辨識 道德優越 領導 領導 決策,2026-06-04T10:25:52.059328+00:00,2026-06-04T10:25:52.059328+00:00,[],dialogue,,
tp_dis_041,discernment,DIS_004,朋友互動中的道德優越盲點,在朋友互動中，讓道德優越主導判斷，於是真相被偏好的說法覆蓋，讓界線變得模糊。,只要我避開道德優越的不舒服，就能更快看見真相。,真相不怕複雜，先放下道德優越才看得更清楚。,若先暫停道德優越，你會重新檢查哪個訊號？,"[""辨識"", ""道德優越"", ""友誼""]","[""友誼"", ""界線""]",TruthOS seed dataset,discernment 辨識 DIS_004 道德優越 朋友互動中的道德優越盲點 在朋友互動中，讓道德優越主導判斷，於是真相被偏好的說法覆蓋，讓界線變得模糊。 只要我避開道德優越的不舒服，就能更快看見真相。 真相不怕複雜，先放下道德優越才看得更清楚。 辨識 道德優越 友誼 友誼 界線,2026-06-04T10:25:52.059328+00:00,2026-06-04T10:25:52.059328+00:00,[],dialogue,,
tp_dis_042,discernment,DIS_004,金錢選擇中的道德優越盲點,在金錢選擇中，讓道德優越主導判斷，於是真相被偏好的說法覆蓋，讓責任位置變得混亂。,只要我避開道德優越的不舒服，就能更快看見真相。,真相不怕複雜，先放下道德優越才看得更清楚。,若先暫停道德優越，你會重新檢查哪個訊號？,"[""辨識"", ""道德優越"", ""金錢""]","[""金錢"", ""價值""]",TruthOS seed dataset,discernment 辨識 DIS_004 道德優越 金錢選擇中的道德優越盲點 在金錢選擇中，讓道德優越主導判斷，於是真相被偏好的說法覆蓋，讓責任位置變得混亂。 只要我避開道德優越的不舒服，就能更快看見真相。 真相不怕複雜，先放下道德優越才看得更清楚。 辨識 道德優越 金錢 金錢 價值,2026-06-04T10:25:52.059328+00:00,2026-06-04T10:25:52.059328+00:00,[],dialogue,,
tp_dis_043,discernment,DIS_004,健康壓力中的道德優越盲點,在健康壓力中，讓道德優越主導判斷，於是真相被偏好的說法覆蓋，使真正的需求被遮住。,只要我避開道德優越的不舒服，就能更快看見真相。,真相不怕複雜，先放下道德優越才看得更清楚。,若先暫停道德優越，你會重新檢查哪個訊號？,"[""辨識"", ""道德優越"", ""健康""]","[""健康"", ""壓力""]",TruthOS seed dataset,discernment 辨識 DIS_004 道德優越 健康壓力中的道德優越盲點 在健康壓力中，讓道德優越主導判斷，於是真相被偏好的說法覆蓋，使真正的需求被遮住。 只要我避開道德優越的不舒服，就能更快看見真相。 真相不怕複雜，先放下道德優越才看得更清楚。 辨識 道德優越 健康 健康 壓力,2026-06-04T10:25:52.059328+00:00,2026-06-04T10:25:52.059328+00:00,[],dialogue,,
tp_dis_044,discernment,DIS_004,創作卡關中的道德優越盲點,在創作卡關中，讓道德優越主導判斷，於是真相被偏好的說法覆蓋，讓反饋失去作用。,只要我避開道德優越的不舒服，就能更快看見真相。,真相不怕複雜，先放下道德優越才看得更清楚。,若先暫停道德優越，你會重新檢查哪個訊號？,"[""辨識"", ""道德優越"", ""創作""]","[""創作"", ""表達""]",TruthOS seed dataset,discernment 辨識 DIS_004 道德優越 創作卡關中的道德優越盲點 在創作卡關中，讓道德優越主導判斷，於是真相被偏好的說法覆蓋，讓反饋失去作用。 只要我避開道德優越的不舒服，就能更快看見真相。 真相不怕複雜，先放下道德優越才看得更清楚。 辨識 道德優越 創作 創作 表達,2026-06-04T10:25:52.059328+00:00,2026-06-04T10:25:52.059328+00:00,[],dialogue,,
tp_dis_045,discernment,DIS_004,靈性實踐中的道德優越盲點,在靈性實踐中，讓道德優越主導判斷，於是真相被偏好的說法覆蓋，讓信任開始鬆動。,只要我避開道德優越的不舒服，就能更快看見真相。,真相不怕複雜，先放下道德優越才看得更清楚。,若先暫停道德優越，你會重新檢查哪個訊號？,"[""辨識"", ""道德優越"", ""靈性""]","[""靈性"", ""自我觀察""]",TruthOS seed dataset,discernment 辨識 DIS_004 道德優越 靈性實踐中的道德優越盲點 在靈性實踐中，讓道德優越主導判斷，於是真相被偏好的說法覆蓋，讓信任開始鬆動。 只要我避開道德優越的不舒服，就能更快看見真相。 真相不怕複雜，先放下道德優越才看得更清楚。 辨識 道德優越 靈性 靈性 自我觀察,2026-06-04T10:25:52.059328+00:00,2026-06-04T10:25:52.059328+00:00,[],dialogue,,
tp_dis_046,discernment,DIS_004,重大失落中的道德優越盲點,在重大失落中，讓道德優越主導判斷，於是真相被偏好的說法覆蓋，讓決定越來越僵硬。,只要我避開道德優越的不舒服，就能更快看見真相。,真相不怕複雜，先放下道德優越才看得更清楚。,若先暫停道德優越，你會重新檢查哪個訊號？,"[""辨識"", ""道德優越"", ""失落""]","[""失落"", ""轉化""]",TruthOS seed dataset,discernment 辨識 DIS_004 道德優越 重大失落中的道德優越盲點 在重大失落中，讓道德優越主導判斷，於是真相被偏好的說法覆蓋，讓決定越來越僵硬。 只要我避開道德優越的不舒服，就能更快看見真相。 真相不怕複雜，先放下道德優越才看得更清楚。 辨識 道德優越 失落 失落 轉化,2026-06-04T10:25:52.059328+00:00,2026-06-04T10:25:52.059328+00:00,[],dialogue,,
tp_dis_047,discernment,DIS_004,教養現場中的道德優越盲點,在教養現場中，讓道德優越主導判斷，於是真相被偏好的說法覆蓋，讓內在更難安定。,只要我避開道德優越的不舒服，就能更快看見真相。,真相不怕複雜，先放下道德優越才看得更清楚。,若先暫停道德優越，你會重新檢查哪個訊號？,"[""辨識"", ""道德優越"", ""教養""]","[""親子"", ""教養""]",TruthOS seed dataset,discernment 辨識 DIS_004 道德優越 教養現場中的道德優越盲點 在教養現場中，讓道德優越主導判斷，於是真相被偏好的說法覆蓋，讓內在更難安定。 只要我避開道德優越的不舒服，就能更快看見真相。 真相不怕複雜，先放下道德優越才看得更清楚。 辨識 道德優越 教養 親子 教養,2026-06-04T10:25:52.059328+00:00,2026-06-04T10:25:52.059328+00:00,[],dialogue,,
tp_dis_048,discernment,DIS_004,團隊回饋中的道德優越盲點,在團隊回饋中，讓道德優越主導判斷，於是真相被偏好的說法覆蓋，使互動落入重複循環。,只要我避開道德優越的不舒服，就能更快看見真相。,真相不怕複雜，先放下道德優越才看得更清楚。,若先暫停道德優越，你會重新檢查哪個訊號？,"[""辨識"", ""道德優越"", ""回饋""]","[""團隊"", ""回饋""]",TruthOS seed dataset,discernment 辨識 DIS_004 道德優越 團隊回饋中的道德優越盲點 在團隊回饋中，讓道德優越主導判斷，於是真相被偏好的說法覆蓋，使互動落入重複循環。 只要我避開道德優越的不舒服，就能更快看見真相。 真相不怕複雜，先放下道德優越才看得更清楚。 辨識 道德優越 回饋 團隊 回饋,2026-06-04T10:25:52.059328+00:00,2026-06-04T10:25:52.059328+00:00,[],dialogue,,
tp_dis_049,discernment,DIS_004,社群曝光中的道德優越盲點,在社群曝光中，讓道德優越主導判斷，於是真相被偏好的說法覆蓋，讓看見真相的空間縮小。,只要我避開道德優越的不舒服，就能更快看見真相。,真相不怕複雜，先放下道德優越才看得更清楚。,若先暫停道德優越，你會重新檢查哪個訊號？,"[""辨識"", ""道德優越"", ""社群""]","[""社群"", ""自我價值""]",TruthOS seed dataset,discernment 辨識 DIS_004 道德優越 社群曝光中的道德優越盲點 在社群曝光中，讓道德優越主導判斷，於是真相被偏好的說法覆蓋，讓看見真相的空間縮小。 只要我避開道德優越的不舒服，就能更快看見真相。 真相不怕複雜，先放下道德優越才看得更清楚。 辨識 道德優越 社群 社群 自我價值,2026-06-04T10:25:52.059328+00:00,2026-06-04T10:25:52.059328+00:00,[],dialogue,,
tp_dis_050,discernment,DIS_004,家庭對話中的道德優越盲點,在家庭對話中，讓道德優越主導判斷，於是真相被偏好的說法覆蓋，讓支持變成壓力。,只要我避開道德優越的不舒服，就能更快看見真相。,真相不怕複雜，先放下道德優越才看得更清楚。,若先暫停道德優越，你會重新檢查哪個訊號？,"[""辨識"", ""道德優越"", ""家庭""]","[""家庭"", ""親子""]",TruthOS seed dataset,discernment 辨識 DIS_004 道德優越 家庭對話中的道德優越盲點 在家庭對話中，讓道德優越主導判斷，於是真相被偏好的說法覆蓋，讓支持變成壓力。 只要我避開道德優越的不舒服，就能更快看見真相。 真相不怕複雜，先放下道德優越才看得更清楚。 辨識 道德優越 家庭 家庭 親子,2026-06-04T10:25:52.059328+00:00,2026-06-04T10:25:52.059328+00:00,[],dialogue,,
tp_dis_051,discernment,DIS_004,伴侶衝突中的道德優越盲點,在伴侶衝突中，讓道德優越主導判斷，於是真相被偏好的說法覆蓋，讓改變停在表面。,只要我避開道德優越的不舒服，就能更快看見真相。,真相不怕複雜，先放下道德優越才看得更清楚。,若先暫停道德優越，你會重新檢查哪個訊號？,"[""辨識"", ""道德優越"", ""伴侶""]","[""伴侶"", ""界線""]",TruthOS seed dataset,discernment 辨識 DIS_004 道德優越 伴侶衝突中的道德優越盲點 在伴侶衝突中，讓道德優越主導判斷，於是真相被偏好的說法覆蓋，讓改變停在表面。 只要我避開道德優越的不舒服，就能更快看見真相。 真相不怕複雜，先放下道德優越才看得更清楚。 辨識 道德優越 伴侶 伴侶 界線,2026-06-04T10:25:52.059328+00:00,2026-06-04T10:25:52.059328+00:00,[],dialogue,,
tp_dis_052,discernment,DIS_004,職場協作中的道德優越盲點,在職場協作中，讓道德優越主導判斷，於是真相被偏好的說法覆蓋，讓資源交換變得扭曲。,只要我避開道德優越的不舒服，就能更快看見真相。,真相不怕複雜，先放下道德優越才看得更清楚。,若先暫停道德優越，你會重新檢查哪個訊號？,"[""辨識"", ""道德優越"", ""職場""]","[""工作"", ""團隊""]",TruthOS seed dataset,discernment 辨識 DIS_004 道德優越 職場協作中的道德優越盲點 在職場協作中，讓道德優越主導判斷，於是真相被偏好的說法覆蓋，讓資源交換變得扭曲。 只要我避開道德優越的不舒服，就能更快看見真相。 真相不怕複雜，先放下道德優越才看得更清楚。 辨識 道德優越 職場 工作 團隊,2026-06-04T10:25:52.059328+00:00,2026-06-04T10:25:52.059328+00:00,[],dialogue,,
tp_dis_053,discernment,DIS_005,朋友互動中的真假混用盲點,在朋友互動中，讓真假混用主導判斷，於是真相被偏好的說法覆蓋，讓對話逐漸失衡。,只要我避開真假混用的不舒服，就能更快看見真相。,真相不怕複雜，先放下真假混用才看得更清楚。,若先暫停真假混用，你會重新檢查哪個訊號？,"[""辨識"", ""真假混用"", ""友誼""]","[""友誼"", ""界線""]",TruthOS seed dataset,discernment 辨識 DIS_005 真假混用 朋友互動中的真假混用盲點 在朋友互動中，讓真假混用主導判斷，於是真相被偏好的說法覆蓋，讓對話逐漸失衡。 只要我避開真假混用的不舒服，就能更快看見真相。 真相不怕複雜，先放下真假混用才看得更清楚。 辨識 真假混用 友誼 友誼 界線,2026-06-04T10:25:52.059328+00:00,2026-06-04T10:25:52.059328+00:00,[],dialogue,,
tp_dis_054,discernment,DIS_005,金錢選擇中的真假混用盲點,在金錢選擇中，讓真假混用主導判斷，於是真相被偏好的說法覆蓋，讓界線變得模糊。,只要我避開真假混用的不舒服，就能更快看見真相。,真相不怕複雜，先放下真假混用才看得更清楚。,若先暫停真假混用，你會重新檢查哪個訊號？,"[""辨識"", ""真假混用"", ""金錢""]","[""金錢"", ""價值""]",TruthOS seed dataset,discernment 辨識 DIS_005 真假混用 金錢選擇中的真假混用盲點 在金錢選擇中，讓真假混用主導判斷，於是真相被偏好的說法覆蓋，讓界線變得模糊。 只要我避開真假混用的不舒服，就能更快看見真相。 真相不怕複雜，先放下真假混用才看得更清楚。 辨識 真假混用 金錢 金錢 價值,2026-06-04T10:25:52.059328+00:00,2026-06-04T10:25:52.059328+00:00,[],dialogue,,
tp_dis_055,discernment,DIS_005,健康壓力中的真假混用盲點,在健康壓力中，讓真假混用主導判斷，於是真相被偏好的說法覆蓋，讓責任位置變得混亂。,只要我避開真假混用的不舒服，就能更快看見真相。,真相不怕複雜，先放下真假混用才看得更清楚。,若先暫停真假混用，你會重新檢查哪個訊號？,"[""辨識"", ""真假混用"", ""健康""]","[""健康"", ""壓力""]",TruthOS seed dataset,discernment 辨識 DIS_005 真假混用 健康壓力中的真假混用盲點 在健康壓力中，讓真假混用主導判斷，於是真相被偏好的說法覆蓋，讓責任位置變得混亂。 只要我避開真假混用的不舒服，就能更快看見真相。 真相不怕複雜，先放下真假混用才看得更清楚。 辨識 真假混用 健康 健康 壓力,2026-06-04T10:25:52.059328+00:00,2026-06-04T10:25:52.059328+00:00,[],dialogue,,
tp_dis_056,discernment,DIS_005,創作卡關中的真假混用盲點,在創作卡關中，讓真假混用主導判斷，於是真相被偏好的說法覆蓋，使真正的需求被遮住。,只要我避開真假混用的不舒服，就能更快看見真相。,真相不怕複雜，先放下真假混用才看得更清楚。,若先暫停真假混用，你會重新檢查哪個訊號？,"[""辨識"", ""真假混用"", ""創作""]","[""創作"", ""表達""]",TruthOS seed dataset,discernment 辨識 DIS_005 真假混用 創作卡關中的真假混用盲點 在創作卡關中，讓真假混用主導判斷，於是真相被偏好的說法覆蓋，使真正的需求被遮住。 只要我避開真假混用的不舒服，就能更快看見真相。 真相不怕複雜，先放下真假混用才看得更清楚。 辨識 真假混用 創作 創作 表達,2026-06-04T10:25:52.059328+00:00,2026-06-04T10:25:52.059328+00:00,[],dialogue,,
tp_dis_057,discernment,DIS_005,靈性實踐中的真假混用盲點,在靈性實踐中，讓真假混用主導判斷，於是真相被偏好的說法覆蓋，讓反饋失去作用。,只要我避開真假混用的不舒服，就能更快看見真相。,真相不怕複雜，先放下真假混用才看得更清楚。,若先暫停真假混用，你會重新檢查哪個訊號？,"[""辨識"", ""真假混用"", ""靈性""]","[""靈性"", ""自我觀察""]",TruthOS seed dataset,discernment 辨識 DIS_005 真假混用 靈性實踐中的真假混用盲點 在靈性實踐中，讓真假混用主導判斷，於是真相被偏好的說法覆蓋，讓反饋失去作用。 只要我避開真假混用的不舒服，就能更快看見真相。 真相不怕複雜，先放下真假混用才看得更清楚。 辨識 真假混用 靈性 靈性 自我觀察,2026-06-04T10:25:52.059328+00:00,2026-06-04T10:25:52.059328+00:00,[],dialogue,,
tp_dis_058,discernment,DIS_005,重大失落中的真假混用盲點,在重大失落中，讓真假混用主導判斷，於是真相被偏好的說法覆蓋，讓信任開始鬆動。,只要我避開真假混用的不舒服，就能更快看見真相。,真相不怕複雜，先放下真假混用才看得更清楚。,若先暫停真假混用，你會重新檢查哪個訊號？,"[""辨識"", ""真假混用"", ""失落""]","[""失落"", ""轉化""]",TruthOS seed dataset,discernment 辨識 DIS_005 真假混用 重大失落中的真假混用盲點 在重大失落中，讓真假混用主導判斷，於是真相被偏好的說法覆蓋，讓信任開始鬆動。 只要我避開真假混用的不舒服，就能更快看見真相。 真相不怕複雜，先放下真假混用才看得更清楚。 辨識 真假混用 失落 失落 轉化,2026-06-04T10:25:52.059328+00:00,2026-06-04T10:25:52.059328+00:00,[],dialogue,,
tp_dis_059,discernment,DIS_005,教養現場中的真假混用盲點,在教養現場中，讓真假混用主導判斷，於是真相被偏好的說法覆蓋，讓決定越來越僵硬。,只要我避開真假混用的不舒服，就能更快看見真相。,真相不怕複雜，先放下真假混用才看得更清楚。,若先暫停真假混用，你會重新檢查哪個訊號？,"[""辨識"", ""真假混用"", ""教養""]","[""親子"", ""教養""]",TruthOS seed dataset,discernment 辨識 DIS_005 真假混用 教養現場中的真假混用盲點 在教養現場中，讓真假混用主導判斷，於是真相被偏好的說法覆蓋，讓決定越來越僵硬。 只要我避開真假混用的不舒服，就能更快看見真相。 真相不怕複雜，先放下真假混用才看得更清楚。 辨識 真假混用 教養 親子 教養,2026-06-04T10:25:52.059328+00:00,2026-06-04T10:25:52.059328+00:00,[],dialogue,,
tp_dis_060,discernment,DIS_005,團隊回饋中的真假混用盲點,在團隊回饋中，讓真假混用主導判斷，於是真相被偏好的說法覆蓋，讓內在更難安定。,只要我避開真假混用的不舒服，就能更快看見真相。,真相不怕複雜，先放下真假混用才看得更清楚。,若先暫停真假混用，你會重新檢查哪個訊號？,"[""辨識"", ""真假混用"", ""回饋""]","[""團隊"", ""回饋""]",TruthOS seed dataset,discernment 辨識 DIS_005 真假混用 團隊回饋中的真假混用盲點 在團隊回饋中，讓真假混用主導判斷，於是真相被偏好的說法覆蓋，讓內在更難安定。 只要我避開真假混用的不舒服，就能更快看見真相。 真相不怕複雜，先放下真假混用才看得更清楚。 辨識 真假混用 回饋 團隊 回饋,2026-06-04T10:25:52.059328+00:00,2026-06-04T10:25:52.059328+00:00,[],dialogue,,
tp_dis_061,discernment,DIS_005,社群曝光中的真假混用盲點,在社群曝光中，讓真假混用主導判斷，於是真相被偏好的說法覆蓋，使互動落入重複循環。,只要我避開真假混用的不舒服，就能更快看見真相。,真相不怕複雜，先放下真假混用才看得更清楚。,若先暫停真假混用，你會重新檢查哪個訊號？,"[""辨識"", ""真假混用"", ""社群""]","[""社群"", ""自我價值""]",TruthOS seed dataset,discernment 辨識 DIS_005 真假混用 社群曝光中的真假混用盲點 在社群曝光中，讓真假混用主導判斷，於是真相被偏好的說法覆蓋，使互動落入重複循環。 只要我避開真假混用的不舒服，就能更快看見真相。 真相不怕複雜，先放下真假混用才看得更清楚。 辨識 真假混用 社群 社群 自我價值,2026-06-04T10:25:52.059328+00:00,2026-06-04T10:25:52.059328+00:00,[],dialogue,,
tp_dis_062,discernment,DIS_005,家庭對話中的真假混用盲點,在家庭對話中，讓真假混用主導判斷，於是真相被偏好的說法覆蓋，讓看見真相的空間縮小。,只要我避開真假混用的不舒服，就能更快看見真相。,真相不怕複雜，先放下真假混用才看得更清楚。,若先暫停真假混用，你會重新檢查哪個訊號？,"[""辨識"", ""真假混用"", ""家庭""]","[""家庭"", ""親子""]",TruthOS seed dataset,discernment 辨識 DIS_005 真假混用 家庭對話中的真假混用盲點 在家庭對話中，讓真假混用主導判斷，於是真相被偏好的說法覆蓋，讓看見真相的空間縮小。 只要我避開真假混用的不舒服，就能更快看見真相。 真相不怕複雜，先放下真假混用才看得更清楚。 辨識 真假混用 家庭 家庭 親子,2026-06-04T10:25:52.059328+00:00,2026-06-04T10:25:52.059328+00:00,[],dialogue,,
tp_dis_063,discernment,DIS_005,伴侶衝突中的真假混用盲點,在伴侶衝突中，讓真假混用主導判斷，於是真相被偏好的說法覆蓋，讓支持變成壓力。,只要我避開真假混用的不舒服，就能更快看見真相。,真相不怕複雜，先放下真假混用才看得更清楚。,若先暫停真假混用，你會重新檢查哪個訊號？,"[""辨識"", ""真假混用"", ""伴侶""]","[""伴侶"", ""界線""]",TruthOS seed dataset,discernment 辨識 DIS_005 真假混用 伴侶衝突中的真假混用盲點 在伴侶衝突中，讓真假混用主導判斷，於是真相被偏好的說法覆蓋，讓支持變成壓力。 只要我避開真假混用的不舒服，就能更快看見真相。 真相不怕複雜，先放下真假混用才看得更清楚。 辨識 真假混用 伴侶 伴侶 界線,2026-06-04T10:25:52.059328+00:00,2026-06-04T10:25:52.059328+00:00,[],dialogue,,
tp_dis_064,discernment,DIS_005,職場協作中的真假混用盲點,在職場協作中，讓真假混用主導判斷，於是真相被偏好的說法覆蓋，讓改變停在表面。,只要我避開真假混用的不舒服，就能更快看見真相。,真相不怕複雜，先放下真假混用才看得更清楚。,若先暫停真假混用，你會重新檢查哪個訊號？,"[""辨識"", ""真假混用"", ""職場""]","[""工作"", ""團隊""]",TruthOS seed dataset,discernment 辨識 DIS_005 真假混用 職場協作中的真假混用盲點 在職場協作中，讓真假混用主導判斷，於是真相被偏好的說法覆蓋，讓改變停在表面。 只要我避開真假混用的不舒服，就能更快看見真相。 真相不怕複雜，先放下真假混用才看得更清楚。 辨識 真假混用 職場 工作 團隊,2026-06-04T10:25:52.059328+00:00,2026-06-04T10:25:52.059328+00:00,[],dialogue,,
tp_dis_065,discernment,DIS_006,金錢選擇中的語氣取代內容盲點,在金錢選擇中，讓語氣取代內容主導判斷，於是真相被偏好的說法覆蓋，讓資源交換變得扭曲。,只要我避開語氣取代內容的不舒服，就能更快看見真相。,真相不怕複雜，先放下語氣取代內容才看得更清楚。,若先暫停語氣取代內容，你會重新檢查哪個訊號？,"[""辨識"", ""語氣取代內容"", ""金錢""]","[""金錢"", ""價值""]",TruthOS seed dataset,discernment 辨識 DIS_006 語氣取代內容 金錢選擇中的語氣取代內容盲點 在金錢選擇中，讓語氣取代內容主導判斷，於是真相被偏好的說法覆蓋，讓資源交換變得扭曲。 只要我避開語氣取代內容的不舒服，就能更快看見真相。 真相不怕複雜，先放下語氣取代內容才看得更清楚。 辨識 語氣取代內容 金錢 金錢 價值,2026-06-04T10:25:52.059328+00:00,2026-06-04T10:25:52.059328+00:00,[],dialogue,,
tp_dis_066,discernment,DIS_006,健康壓力中的語氣取代內容盲點,在健康壓力中，讓語氣取代內容主導判斷，於是真相被偏好的說法覆蓋，讓對話逐漸失衡。,只要我避開語氣取代內容的不舒服，就能更快看見真相。,真相不怕複雜，先放下語氣取代內容才看得更清楚。,若先暫停語氣取代內容，你會重新檢查哪個訊號？,"[""辨識"", ""語氣取代內容"", ""健康""]","[""健康"", ""壓力""]",TruthOS seed dataset,discernment 辨識 DIS_006 語氣取代內容 健康壓力中的語氣取代內容盲點 在健康壓力中，讓語氣取代內容主導判斷，於是真相被偏好的說法覆蓋，讓對話逐漸失衡。 只要我避開語氣取代內容的不舒服，就能更快看見真相。 真相不怕複雜，先放下語氣取代內容才看得更清楚。 辨識 語氣取代內容 健康 健康 壓力,2026-06-04T10:25:52.059328+00:00,2026-06-04T10:25:52.059328+00:00,[],dialogue,,
tp_dis_067,discernment,DIS_006,創作卡關中的語氣取代內容盲點,在創作卡關中，讓語氣取代內容主導判斷，於是真相被偏好的說法覆蓋，讓界線變得模糊。,只要我避開語氣取代內容的不舒服，就能更快看見真相。,真相不怕複雜，先放下語氣取代內容才看得更清楚。,若先暫停語氣取代內容，你會重新檢查哪個訊號？,"[""辨識"", ""語氣取代內容"", ""創作""]","[""創作"", ""表達""]",TruthOS seed dataset,discernment 辨識 DIS_006 語氣取代內容 創作卡關中的語氣取代內容盲點 在創作卡關中，讓語氣取代內容主導判斷，於是真相被偏好的說法覆蓋，讓界線變得模糊。 只要我避開語氣取代內容的不舒服，就能更快看見真相。 真相不怕複雜，先放下語氣取代內容才看得更清楚。 辨識 語氣取代內容 創作 創作 表達,2026-06-04T10:25:52.059328+00:00,2026-06-04T10:25:52.059328+00:00,[],dialogue,,
tp_dis_068,discernment,DIS_006,靈性實踐中的語氣取代內容盲點,在靈性實踐中，讓語氣取代內容主導判斷，於是真相被偏好的說法覆蓋，讓責任位置變得混亂。,只要我避開語氣取代內容的不舒服，就能更快看見真相。,真相不怕複雜，先放下語氣取代內容才看得更清楚。,若先暫停語氣取代內容，你會重新檢查哪個訊號？,"[""辨識"", ""語氣取代內容"", ""靈性""]","[""靈性"", ""自我觀察""]",TruthOS seed dataset,discernment 辨識 DIS_006 語氣取代內容 靈性實踐中的語氣取代內容盲點 在靈性實踐中，讓語氣取代內容主導判斷，於是真相被偏好的說法覆蓋，讓責任位置變得混亂。 只要我避開語氣取代內容的不舒服，就能更快看見真相。 真相不怕複雜，先放下語氣取代內容才看得更清楚。 辨識 語氣取代內容 靈性 靈性 自我觀察,2026-06-04T10:25:52.059328+00:00,2026-06-04T10:25:52.059328+00:00,[],dialogue,,
tp_dis_069,discernment,DIS_006,重大失落中的語氣取代內容盲點,在重大失落中，讓語氣取代內容主導判斷，於是真相被偏好的說法覆蓋，使真正的需求被遮住。,只要我避開語氣取代內容的不舒服，就能更快看見真相。,真相不怕複雜，先放下語氣取代內容才看得更清楚。,若先暫停語氣取代內容，你會重新檢查哪個訊號？,"[""辨識"", ""語氣取代內容"", ""失落""]","[""失落"", ""轉化""]",TruthOS seed dataset,discernment 辨識 DIS_006 語氣取代內容 重大失落中的語氣取代內容盲點 在重大失落中，讓語氣取代內容主導判斷，於是真相被偏好的說法覆蓋，使真正的需求被遮住。 只要我避開語氣取代內容的不舒服，就能更快看見真相。 真相不怕複雜，先放下語氣取代內容才看得更清楚。 辨識 語氣取代內容 失落 失落 轉化,2026-06-04T10:25:52.059328+00:00,2026-06-04T10:25:52.059328+00:00,[],dialogue,,
tp_dis_070,discernment,DIS_006,教養現場中的語氣取代內容盲點,在教養現場中，讓語氣取代內容主導判斷，於是真相被偏好的說法覆蓋，讓反饋失去作用。,只要我避開語氣取代內容的不舒服，就能更快看見真相。,真相不怕複雜，先放下語氣取代內容才看得更清楚。,若先暫停語氣取代內容，你會重新檢查哪個訊號？,"[""辨識"", ""語氣取代內容"", ""教養""]","[""親子"", ""教養""]",TruthOS seed dataset,discernment 辨識 DIS_006 語氣取代內容 教養現場中的語氣取代內容盲點 在教養現場中，讓語氣取代內容主導判斷，於是真相被偏好的說法覆蓋，讓反饋失去作用。 只要我避開語氣取代內容的不舒服，就能更快看見真相。 真相不怕複雜，先放下語氣取代內容才看得更清楚。 辨識 語氣取代內容 教養 親子 教養,2026-06-04T10:25:52.059328+00:00,2026-06-04T10:25:52.059328+00:00,[],dialogue,,
tp_dis_071,discernment,DIS_006,團隊回饋中的語氣取代內容盲點,在團隊回饋中，讓語氣取代內容主導判斷，於是真相被偏好的說法覆蓋，讓信任開始鬆動。,只要我避開語氣取代內容的不舒服，就能更快看見真相。,真相不怕複雜，先放下語氣取代內容才看得更清楚。,若先暫停語氣取代內容，你會重新檢查哪個訊號？,"[""辨識"", ""語氣取代內容"", ""回饋""]","[""團隊"", ""回饋""]",TruthOS seed dataset,discernment 辨識 DIS_006 語氣取代內容 團隊回饋中的語氣取代內容盲點 在團隊回饋中，讓語氣取代內容主導判斷，於是真相被偏好的說法覆蓋，讓信任開始鬆動。 只要我避開語氣取代內容的不舒服，就能更快看見真相。 真相不怕複雜，先放下語氣取代內容才看得更清楚。 辨識 語氣取代內容 回饋 團隊 回饋,2026-06-04T10:25:52.059328+00:00,2026-06-04T10:25:52.059328+00:00,[],dialogue,,
tp_dis_072,discernment,DIS_006,社群曝光中的語氣取代內容盲點,在社群曝光中，讓語氣取代內容主導判斷，於是真相被偏好的說法覆蓋，讓決定越來越僵硬。,只要我避開語氣取代內容的不舒服，就能更快看見真相。,真相不怕複雜，先放下語氣取代內容才看得更清楚。,若先暫停語氣取代內容，你會重新檢查哪個訊號？,"[""辨識"", ""語氣取代內容"", ""社群""]","[""社群"", ""自我價值""]",TruthOS seed dataset,discernment 辨識 DIS_006 語氣取代內容 社群曝光中的語氣取代內容盲點 在社群曝光中，讓語氣取代內容主導判斷，於是真相被偏好的說法覆蓋，讓決定越來越僵硬。 只要我避開語氣取代內容的不舒服，就能更快看見真相。 真相不怕複雜，先放下語氣取代內容才看得更清楚。 辨識 語氣取代內容 社群 社群 自我價值,2026-06-04T10:25:52.059328+00:00,2026-06-04T10:25:52.059328+00:00,[],dialogue,,
tp_dis_073,discernment,DIS_006,家庭對話中的語氣取代內容盲點,在家庭對話中，讓語氣取代內容主導判斷，於是真相被偏好的說法覆蓋，讓內在更難安定。,只要我避開語氣取代內容的不舒服，就能更快看見真相。,真相不怕複雜，先放下語氣取代內容才看得更清楚。,若先暫停語氣取代內容，你會重新檢查哪個訊號？,"[""辨識"", ""語氣取代內容"", ""家庭""]","[""家庭"", ""親子""]",TruthOS seed dataset,discernment 辨識 DIS_006 語氣取代內容 家庭對話中的語氣取代內容盲點 在家庭對話中，讓語氣取代內容主導判斷，於是真相被偏好的說法覆蓋，讓內在更難安定。 只要我避開語氣取代內容的不舒服，就能更快看見真相。 真相不怕複雜，先放下語氣取代內容才看得更清楚。 辨識 語氣取代內容 家庭 家庭 親子,2026-06-04T10:25:52.059328+00:00,2026-06-04T10:25:52.059328+00:00,[],dialogue,,
tp_dis_074,discernment,DIS_006,伴侶衝突中的語氣取代內容盲點,在伴侶衝突中，讓語氣取代內容主導判斷，於是真相被偏好的說法覆蓋，使互動落入重複循環。,只要我避開語氣取代內容的不舒服，就能更快看見真相。,真相不怕複雜，先放下語氣取代內容才看得更清楚。,若先暫停語氣取代內容，你會重新檢查哪個訊號？,"[""辨識"", ""語氣取代內容"", ""伴侶""]","[""伴侶"", ""界線""]",TruthOS seed dataset,discernment 辨識 DIS_006 語氣取代內容 伴侶衝突中的語氣取代內容盲點 在伴侶衝突中，讓語氣取代內容主導判斷，於是真相被偏好的說法覆蓋，使互動落入重複循環。 只要我避開語氣取代內容的不舒服，就能更快看見真相。 真相不怕複雜，先放下語氣取代內容才看得更清楚。 辨識 語氣取代內容 伴侶 伴侶 界線,2026-06-04T10:25:52.059328+00:00,2026-06-04T10:25:52.059328+00:00,[],dialogue,,
tp_dis_075,discernment,DIS_006,職場協作中的語氣取代內容盲點,在職場協作中，讓語氣取代內容主導判斷，於是真相被偏好的說法覆蓋，讓看見真相的空間縮小。,只要我避開語氣取代內容的不舒服，就能更快看見真相。,真相不怕複雜，先放下語氣取代內容才看得更清楚。,若先暫停語氣取代內容，你會重新檢查哪個訊號？,"[""辨識"", ""語氣取代內容"", ""職場""]","[""工作"", ""團隊""]",TruthOS seed dataset,discernment 辨識 DIS_006 語氣取代內容 職場協作中的語氣取代內容盲點 在職場協作中，讓語氣取代內容主導判斷，於是真相被偏好的說法覆蓋，讓看見真相的空間縮小。 只要我避開語氣取代內容的不舒服，就能更快看見真相。 真相不怕複雜，先放下語氣取代內容才看得更清楚。 辨識 語氣取代內容 職場 工作 團隊,2026-06-04T10:25:52.059328+00:00,2026-06-04T10:25:52.059328+00:00,[],dialogue,,
tp_dis_076,discernment,DIS_006,領導決策中的語氣取代內容盲點,在領導決策中，讓語氣取代內容主導判斷，於是真相被偏好的說法覆蓋，讓支持變成壓力。,只要我避開語氣取代內容的不舒服，就能更快看見真相。,真相不怕複雜，先放下語氣取代內容才看得更清楚。,若先暫停語氣取代內容，你會重新檢查哪個訊號？,"[""辨識"", ""語氣取代內容"", ""領導""]","[""領導"", ""決策""]",TruthOS seed dataset,discernment 辨識 DIS_006 語氣取代內容 領導決策中的語氣取代內容盲點 在領導決策中，讓語氣取代內容主導判斷，於是真相被偏好的說法覆蓋，讓支持變成壓力。 只要我避開語氣取代內容的不舒服，就能更快看見真相。 真相不怕複雜，先放下語氣取代內容才看得更清楚。 辨識 語氣取代內容 領導 領導 決策,2026-06-04T10:25:52.059328+00:00,2026-06-04T10:25:52.059328+00:00,[],dialogue,,
tp_dis_077,discernment,DIS_007,健康壓力中的急著定義盲點,在健康壓力中，讓急著定義主導判斷，於是真相被偏好的說法覆蓋，讓改變停在表面。,只要我避開急著定義的不舒服，就能更快看見真相。,真相不怕複雜，先放下急著定義才看得更清楚。,若先暫停急著定義，你會重新檢查哪個訊號？,"[""辨識"", ""急著定義"", ""健康""]","[""健康"", ""壓力""]",TruthOS seed dataset,discernment 辨識 DIS_007 急著定義 健康壓力中的急著定義盲點 在健康壓力中，讓急著定義主導判斷，於是真相被偏好的說法覆蓋，讓改變停在表面。 只要我避開急著定義的不舒服，就能更快看見真相。 真相不怕複雜，先放下急著定義才看得更清楚。 辨識 急著定義 健康 健康 壓力,2026-06-04T10:25:52.059328+00:00,2026-06-04T10:25:52.059328+00:00,[],dialogue,,
tp_dis_078,discernment,DIS_007,創作卡關中的急著定義盲點,在創作卡關中，讓急著定義主導判斷，於是真相被偏好的說法覆蓋，讓資源交換變得扭曲。,只要我避開急著定義的不舒服，就能更快看見真相。,真相不怕複雜，先放下急著定義才看得更清楚。,若先暫停急著定義，你會重新檢查哪個訊號？,"[""辨識"", ""急著定義"", ""創作""]","[""創作"", ""表達""]",TruthOS seed dataset,discernment 辨識 DIS_007 急著定義 創作卡關中的急著定義盲點 在創作卡關中，讓急著定義主導判斷，於是真相被偏好的說法覆蓋，讓資源交換變得扭曲。 只要我避開急著定義的不舒服，就能更快看見真相。 真相不怕複雜，先放下急著定義才看得更清楚。 辨識 急著定義 創作 創作 表達,2026-06-04T10:25:52.059328+00:00,2026-06-04T10:25:52.059328+00:00,[],dialogue,,
tp_dis_079,discernment,DIS_007,靈性實踐中的急著定義盲點,在靈性實踐中，讓急著定義主導判斷，於是真相被偏好的說法覆蓋，讓對話逐漸失衡。,只要我避開急著定義的不舒服，就能更快看見真相。,真相不怕複雜，先放下急著定義才看得更清楚。,若先暫停急著定義，你會重新檢查哪個訊號？,"[""辨識"", ""急著定義"", ""靈性""]","[""靈性"", ""自我觀察""]",TruthOS seed dataset,discernment 辨識 DIS_007 急著定義 靈性實踐中的急著定義盲點 在靈性實踐中，讓急著定義主導判斷，於是真相被偏好的說法覆蓋，讓對話逐漸失衡。 只要我避開急著定義的不舒服，就能更快看見真相。 真相不怕複雜，先放下急著定義才看得更清楚。 辨識 急著定義 靈性 靈性 自我觀察,2026-06-04T10:25:52.059328+00:00,2026-06-04T10:25:52.059328+00:00,[],dialogue,,
tp_dis_080,discernment,DIS_007,重大失落中的急著定義盲點,在重大失落中，讓急著定義主導判斷，於是真相被偏好的說法覆蓋，讓界線變得模糊。,只要我避開急著定義的不舒服，就能更快看見真相。,真相不怕複雜，先放下急著定義才看得更清楚。,若先暫停急著定義，你會重新檢查哪個訊號？,"[""辨識"", ""急著定義"", ""失落""]","[""失落"", ""轉化""]",TruthOS seed dataset,discernment 辨識 DIS_007 急著定義 重大失落中的急著定義盲點 在重大失落中，讓急著定義主導判斷，於是真相被偏好的說法覆蓋，讓界線變得模糊。 只要我避開急著定義的不舒服，就能更快看見真相。 真相不怕複雜，先放下急著定義才看得更清楚。 辨識 急著定義 失落 失落 轉化,2026-06-04T10:25:52.059328+00:00,2026-06-04T10:25:52.059328+00:00,[],dialogue,,
tp_dis_081,discernment,DIS_007,教養現場中的急著定義盲點,在教養現場中，讓急著定義主導判斷，於是真相被偏好的說法覆蓋，讓責任位置變得混亂。,只要我避開急著定義的不舒服，就能更快看見真相。,真相不怕複雜，先放下急著定義才看得更清楚。,若先暫停急著定義，你會重新檢查哪個訊號？,"[""辨識"", ""急著定義"", ""教養""]","[""親子"", ""教養""]",TruthOS seed dataset,discernment 辨識 DIS_007 急著定義 教養現場中的急著定義盲點 在教養現場中，讓急著定義主導判斷，於是真相被偏好的說法覆蓋，讓責任位置變得混亂。 只要我避開急著定義的不舒服，就能更快看見真相。 真相不怕複雜，先放下急著定義才看得更清楚。 辨識 急著定義 教養 親子 教養,2026-06-04T10:25:52.059328+00:00,2026-06-04T10:25:52.059328+00:00,[],dialogue,,
tp_dis_082,discernment,DIS_007,團隊回饋中的急著定義盲點,在團隊回饋中，讓急著定義主導判斷，於是真相被偏好的說法覆蓋，使真正的需求被遮住。,只要我避開急著定義的不舒服，就能更快看見真相。,真相不怕複雜，先放下急著定義才看得更清楚。,若先暫停急著定義，你會重新檢查哪個訊號？,"[""辨識"", ""急著定義"", ""回饋""]","[""團隊"", ""回饋""]",TruthOS seed dataset,discernment 辨識 DIS_007 急著定義 團隊回饋中的急著定義盲點 在團隊回饋中，讓急著定義主導判斷，於是真相被偏好的說法覆蓋，使真正的需求被遮住。 只要我避開急著定義的不舒服，就能更快看見真相。 真相不怕複雜，先放下急著定義才看得更清楚。 辨識 急著定義 回饋 團隊 回饋,2026-06-04T10:25:52.059328+00:00,2026-06-04T10:25:52.059328+00:00,[],dialogue,,
tp_dis_083,discernment,DIS_007,社群曝光中的急著定義盲點,在社群曝光中，讓急著定義主導判斷，於是真相被偏好的說法覆蓋，讓反饋失去作用。,只要我避開急著定義的不舒服，就能更快看見真相。,真相不怕複雜，先放下急著定義才看得更清楚。,若先暫停急著定義，你會重新檢查哪個訊號？,"[""辨識"", ""急著定義"", ""社群""]","[""社群"", ""自我價值""]",TruthOS seed dataset,discernment 辨識 DIS_007 急著定義 社群曝光中的急著定義盲點 在社群曝光中，讓急著定義主導判斷，於是真相被偏好的說法覆蓋，讓反饋失去作用。 只要我避開急著定義的不舒服，就能更快看見真相。 真相不怕複雜，先放下急著定義才看得更清楚。 辨識 急著定義 社群 社群 自我價值,2026-06-04T10:25:52.059328+00:00,2026-06-04T10:25:52.059328+00:00,[],dialogue,,
tp_dis_084,discernment,DIS_007,家庭對話中的急著定義盲點,在家庭對話中，讓急著定義主導判斷，於是真相被偏好的說法覆蓋，讓信任開始鬆動。,只要我避開急著定義的不舒服，就能更快看見真相。,真相不怕複雜，先放下急著定義才看得更清楚。,若先暫停急著定義，你會重新檢查哪個訊號？,"[""辨識"", ""急著定義"", ""家庭""]","[""家庭"", ""親子""]",TruthOS seed dataset,discernment 辨識 DIS_007 急著定義 家庭對話中的急著定義盲點 在家庭對話中，讓急著定義主導判斷，於是真相被偏好的說法覆蓋，讓信任開始鬆動。 只要我避開急著定義的不舒服，就能更快看見真相。 真相不怕複雜，先放下急著定義才看得更清楚。 辨識 急著定義 家庭 家庭 親子,2026-06-04T10:25:52.059328+00:00,2026-06-04T10:25:52.059328+00:00,[],dialogue,,
tp_dis_085,discernment,DIS_007,伴侶衝突中的急著定義盲點,在伴侶衝突中，讓急著定義主導判斷，於是真相被偏好的說法覆蓋，讓決定越來越僵硬。,只要我避開急著定義的不舒服，就能更快看見真相。,真相不怕複雜，先放下急著定義才看得更清楚。,若先暫停急著定義，你會重新檢查哪個訊號？,"[""辨識"", ""急著定義"", ""伴侶""]","[""伴侶"", ""界線""]",TruthOS seed dataset,discernment 辨識 DIS_007 急著定義 伴侶衝突中的急著定義盲點 在伴侶衝突中，讓急著定義主導判斷，於是真相被偏好的說法覆蓋，讓決定越來越僵硬。 只要我避開急著定義的不舒服，就能更快看見真相。 真相不怕複雜，先放下急著定義才看得更清楚。 辨識 急著定義 伴侶 伴侶 界線,2026-06-04T10:25:52.059328+00:00,2026-06-04T10:25:52.059328+00:00,[],dialogue,,
tp_dis_086,discernment,DIS_007,職場協作中的急著定義盲點,在職場協作中，讓急著定義主導判斷，於是真相被偏好的說法覆蓋，讓內在更難安定。,只要我避開急著定義的不舒服，就能更快看見真相。,真相不怕複雜，先放下急著定義才看得更清楚。,若先暫停急著定義，你會重新檢查哪個訊號？,"[""辨識"", ""急著定義"", ""職場""]","[""工作"", ""團隊""]",TruthOS seed dataset,discernment 辨識 DIS_007 急著定義 職場協作中的急著定義盲點 在職場協作中，讓急著定義主導判斷，於是真相被偏好的說法覆蓋，讓內在更難安定。 只要我避開急著定義的不舒服，就能更快看見真相。 真相不怕複雜，先放下急著定義才看得更清楚。 辨識 急著定義 職場 工作 團隊,2026-06-04T10:25:52.059328+00:00,2026-06-04T10:25:52.059328+00:00,[],dialogue,,
tp_dis_087,discernment,DIS_007,領導決策中的急著定義盲點,在領導決策中，讓急著定義主導判斷，於是真相被偏好的說法覆蓋，使互動落入重複循環。,只要我避開急著定義的不舒服，就能更快看見真相。,真相不怕複雜，先放下急著定義才看得更清楚。,若先暫停急著定義，你會重新檢查哪個訊號？,"[""辨識"", ""急著定義"", ""領導""]","[""領導"", ""決策""]",TruthOS seed dataset,discernment 辨識 DIS_007 急著定義 領導決策中的急著定義盲點 在領導決策中，讓急著定義主導判斷，於是真相被偏好的說法覆蓋，使互動落入重複循環。 只要我避開急著定義的不舒服，就能更快看見真相。 真相不怕複雜，先放下急著定義才看得更清楚。 辨識 急著定義 領導 領導 決策,2026-06-04T10:25:52.059328+00:00,2026-06-04T10:25:52.059328+00:00,[],dialogue,,
tp_dis_088,discernment,DIS_007,朋友互動中的急著定義盲點,在朋友互動中，讓急著定義主導判斷，於是真相被偏好的說法覆蓋，讓看見真相的空間縮小。,只要我避開急著定義的不舒服，就能更快看見真相。,真相不怕複雜，先放下急著定義才看得更清楚。,若先暫停急著定義，你會重新檢查哪個訊號？,"[""辨識"", ""急著定義"", ""友誼""]","[""友誼"", ""界線""]",TruthOS seed dataset,discernment 辨識 DIS_007 急著定義 朋友互動中的急著定義盲點 在朋友互動中，讓急著定義主導判斷，於是真相被偏好的說法覆蓋，讓看見真相的空間縮小。 只要我避開急著定義的不舒服，就能更快看見真相。 真相不怕複雜，先放下急著定義才看得更清楚。 辨識 急著定義 友誼 友誼 界線,2026-06-04T10:25:52.059328+00:00,2026-06-04T10:25:52.059328+00:00,[],dialogue,,
tp_dis_089,discernment,DIS_008,創作卡關中的害怕看見複雜盲點,在創作卡關中，讓害怕看見複雜主導判斷，於是真相被偏好的說法覆蓋，讓支持變成壓力。,只要我避開害怕看見複雜的不舒服，就能更快看見真相。,真相不怕複雜，先放下害怕看見複雜才看得更清楚。,若先暫停害怕看見複雜，你會重新檢查哪個訊號？,"[""辨識"", ""害怕看見複雜"", ""創作""]","[""創作"", ""表達""]",TruthOS seed dataset,discernment 辨識 DIS_008 害怕看見複雜 創作卡關中的害怕看見複雜盲點 在創作卡關中，讓害怕看見複雜主導判斷，於是真相被偏好的說法覆蓋，讓支持變成壓力。 只要我避開害怕看見複雜的不舒服，就能更快看見真相。 真相不怕複雜，先放下害怕看見複雜才看得更清楚。 辨識 害怕看見複雜 創作 創作 表達,2026-06-04T10:25:52.059328+00:00,2026-06-04T10:25:52.059328+00:00,[],dialogue,,
tp_dis_090,discernment,DIS_008,靈性實踐中的害怕看見複雜盲點,在靈性實踐中，讓害怕看見複雜主導判斷，於是真相被偏好的說法覆蓋，讓改變停在表面。,只要我避開害怕看見複雜的不舒服，就能更快看見真相。,真相不怕複雜，先放下害怕看見複雜才看得更清楚。,若先暫停害怕看見複雜，你會重新檢查哪個訊號？,"[""辨識"", ""害怕看見複雜"", ""靈性""]","[""靈性"", ""自我觀察""]",TruthOS seed dataset,discernment 辨識 DIS_008 害怕看見複雜 靈性實踐中的害怕看見複雜盲點 在靈性實踐中，讓害怕看見複雜主導判斷，於是真相被偏好的說法覆蓋，讓改變停在表面。 只要我避開害怕看見複雜的不舒服，就能更快看見真相。 真相不怕複雜，先放下害怕看見複雜才看得更清楚。 辨識 害怕看見複雜 靈性 靈性 自我觀察,2026-06-04T10:25:52.059328+00:00,2026-06-04T10:25:52.059328+00:00,[],dialogue,,
tp_dis_091,discernment,DIS_008,重大失落中的害怕看見複雜盲點,在重大失落中，讓害怕看見複雜主導判斷，於是真相被偏好的說法覆蓋，讓資源交換變得扭曲。,只要我避開害怕看見複雜的不舒服，就能更快看見真相。,真相不怕複雜，先放下害怕看見複雜才看得更清楚。,若先暫停害怕看見複雜，你會重新檢查哪個訊號？,"[""辨識"", ""害怕看見複雜"", ""失落""]","[""失落"", ""轉化""]",TruthOS seed dataset,discernment 辨識 DIS_008 害怕看見複雜 重大失落中的害怕看見複雜盲點 在重大失落中，讓害怕看見複雜主導判斷，於是真相被偏好的說法覆蓋，讓資源交換變得扭曲。 只要我避開害怕看見複雜的不舒服，就能更快看見真相。 真相不怕複雜，先放下害怕看見複雜才看得更清楚。 辨識 害怕看見複雜 失落 失落 轉化,2026-06-04T10:25:52.059328+00:00,2026-06-04T10:25:52.059328+00:00,[],dialogue,,
tp_dis_092,discernment,DIS_008,教養現場中的害怕看見複雜盲點,在教養現場中，讓害怕看見複雜主導判斷，於是真相被偏好的說法覆蓋，讓對話逐漸失衡。,只要我避開害怕看見複雜的不舒服，就能更快看見真相。,真相不怕複雜，先放下害怕看見複雜才看得更清楚。,若先暫停害怕看見複雜，你會重新檢查哪個訊號？,"[""辨識"", ""害怕看見複雜"", ""教養""]","[""親子"", ""教養""]",TruthOS seed dataset,discernment 辨識 DIS_008 害怕看見複雜 教養現場中的害怕看見複雜盲點 在教養現場中，讓害怕看見複雜主導判斷，於是真相被偏好的說法覆蓋，讓對話逐漸失衡。 只要我避開害怕看見複雜的不舒服，就能更快看見真相。 真相不怕複雜，先放下害怕看見複雜才看得更清楚。 辨識 害怕看見複雜 教養 親子 教養,2026-06-04T10:25:52.059328+00:00,2026-06-04T10:25:52.059328+00:00,[],dialogue,,
tp_dis_093,discernment,DIS_008,團隊回饋中的害怕看見複雜盲點,在團隊回饋中，讓害怕看見複雜主導判斷，於是真相被偏好的說法覆蓋，讓界線變得模糊。,只要我避開害怕看見複雜的不舒服，就能更快看見真相。,真相不怕複雜，先放下害怕看見複雜才看得更清楚。,若先暫停害怕看見複雜，你會重新檢查哪個訊號？,"[""辨識"", ""害怕看見複雜"", ""回饋""]","[""團隊"", ""回饋""]",TruthOS seed dataset,discernment 辨識 DIS_008 害怕看見複雜 團隊回饋中的害怕看見複雜盲點 在團隊回饋中，讓害怕看見複雜主導判斷，於是真相被偏好的說法覆蓋，讓界線變得模糊。 只要我避開害怕看見複雜的不舒服，就能更快看見真相。 真相不怕複雜，先放下害怕看見複雜才看得更清楚。 辨識 害怕看見複雜 回饋 團隊 回饋,2026-06-04T10:25:52.059328+00:00,2026-06-04T10:25:52.059328+00:00,[],dialogue,,
tp_dis_094,discernment,DIS_008,社群曝光中的害怕看見複雜盲點,在社群曝光中，讓害怕看見複雜主導判斷，於是真相被偏好的說法覆蓋，讓責任位置變得混亂。,只要我避開害怕看見複雜的不舒服，就能更快看見真相。,真相不怕複雜，先放下害怕看見複雜才看得更清楚。,若先暫停害怕看見複雜，你會重新檢查哪個訊號？,"[""辨識"", ""害怕看見複雜"", ""社群""]","[""社群"", ""自我價值""]",TruthOS seed dataset,discernment 辨識 DIS_008 害怕看見複雜 社群曝光中的害怕看見複雜盲點 在社群曝光中，讓害怕看見複雜主導判斷，於是真相被偏好的說法覆蓋，讓責任位置變得混亂。 只要我避開害怕看見複雜的不舒服，就能更快看見真相。 真相不怕複雜，先放下害怕看見複雜才看得更清楚。 辨識 害怕看見複雜 社群 社群 自我價值,2026-06-04T10:25:52.059328+00:00,2026-06-04T10:25:52.059328+00:00,[],dialogue,,
tp_dis_095,discernment,DIS_008,家庭對話中的害怕看見複雜盲點,在家庭對話中，讓害怕看見複雜主導判斷，於是真相被偏好的說法覆蓋，使真正的需求被遮住。,只要我避開害怕看見複雜的不舒服，就能更快看見真相。,真相不怕複雜，先放下害怕看見複雜才看得更清楚。,若先暫停害怕看見複雜，你會重新檢查哪個訊號？,"[""辨識"", ""害怕看見複雜"", ""家庭""]","[""家庭"", ""親子""]",TruthOS seed dataset,discernment 辨識 DIS_008 害怕看見複雜 家庭對話中的害怕看見複雜盲點 在家庭對話中，讓害怕看見複雜主導判斷，於是真相被偏好的說法覆蓋，使真正的需求被遮住。 只要我避開害怕看見複雜的不舒服，就能更快看見真相。 真相不怕複雜，先放下害怕看見複雜才看得更清楚。 辨識 害怕看見複雜 家庭 家庭 親子,2026-06-04T10:25:52.059328+00:00,2026-06-04T10:25:52.059328+00:00,[],dialogue,,
tp_dis_096,discernment,DIS_008,伴侶衝突中的害怕看見複雜盲點,在伴侶衝突中，讓害怕看見複雜主導判斷，於是真相被偏好的說法覆蓋，讓反饋失去作用。,只要我避開害怕看見複雜的不舒服，就能更快看見真相。,真相不怕複雜，先放下害怕看見複雜才看得更清楚。,若先暫停害怕看見複雜，你會重新檢查哪個訊號？,"[""辨識"", ""害怕看見複雜"", ""伴侶""]","[""伴侶"", ""界線""]",TruthOS seed dataset,discernment 辨識 DIS_008 害怕看見複雜 伴侶衝突中的害怕看見複雜盲點 在伴侶衝突中，讓害怕看見複雜主導判斷，於是真相被偏好的說法覆蓋，讓反饋失去作用。 只要我避開害怕看見複雜的不舒服，就能更快看見真相。 真相不怕複雜，先放下害怕看見複雜才看得更清楚。 辨識 害怕看見複雜 伴侶 伴侶 界線,2026-06-04T10:25:52.059328+00:00,2026-06-04T10:25:52.059328+00:00,[],dialogue,,
tp_dis_097,discernment,DIS_008,職場協作中的害怕看見複雜盲點,在職場協作中，讓害怕看見複雜主導判斷，於是真相被偏好的說法覆蓋，讓信任開始鬆動。,只要我避開害怕看見複雜的不舒服，就能更快看見真相。,真相不怕複雜，先放下害怕看見複雜才看得更清楚。,若先暫停害怕看見複雜，你會重新檢查哪個訊號？,"[""辨識"", ""害怕看見複雜"", ""職場""]","[""工作"", ""團隊""]",TruthOS seed dataset,discernment 辨識 DIS_008 害怕看見複雜 職場協作中的害怕看見複雜盲點 在職場協作中，讓害怕看見複雜主導判斷，於是真相被偏好的說法覆蓋，讓信任開始鬆動。 只要我避開害怕看見複雜的不舒服，就能更快看見真相。 真相不怕複雜，先放下害怕看見複雜才看得更清楚。 辨識 害怕看見複雜 職場 工作 團隊,2026-06-04T10:25:52.059328+00:00,2026-06-04T10:25:52.059328+00:00,[],dialogue,,
tp_dis_098,discernment,DIS_008,領導決策中的害怕看見複雜盲點,在領導決策中，讓害怕看見複雜主導判斷，於是真相被偏好的說法覆蓋，讓決定越來越僵硬。,只要我避開害怕看見複雜的不舒服，就能更快看見真相。,真相不怕複雜，先放下害怕看見複雜才看得更清楚。,若先暫停害怕看見複雜，你會重新檢查哪個訊號？,"[""辨識"", ""害怕看見複雜"", ""領導""]","[""領導"", ""決策""]",TruthOS seed dataset,discernment 辨識 DIS_008 害怕看見複雜 領導決策中的害怕看見複雜盲點 在領導決策中，讓害怕看見複雜主導判斷，於是真相被偏好的說法覆蓋，讓決定越來越僵硬。 只要我避開害怕看見複雜的不舒服，就能更快看見真相。 真相不怕複雜，先放下害怕看見複雜才看得更清楚。 辨識 害怕看見複雜 領導 領導 決策,2026-06-04T10:25:52.059328+00:00,2026-06-04T10:25:52.059328+00:00,[],dialogue,,
tp_dis_099,discernment,DIS_008,朋友互動中的害怕看見複雜盲點,在朋友互動中，讓害怕看見複雜主導判斷，於是真相被偏好的說法覆蓋，讓內在更難安定。,只要我避開害怕看見複雜的不舒服，就能更快看見真相。,真相不怕複雜，先放下害怕看見複雜才看得更清楚。,若先暫停害怕看見複雜，你會重新檢查哪個訊號？,"[""辨識"", ""害怕看見複雜"", ""友誼""]","[""友誼"", ""界線""]",TruthOS seed dataset,discernment 辨識 DIS_008 害怕看見複雜 朋友互動中的害怕看見複雜盲點 在朋友互動中，讓害怕看見複雜主導判斷，於是真相被偏好的說法覆蓋，讓內在更難安定。 只要我避開害怕看見複雜的不舒服，就能更快看見真相。 真相不怕複雜，先放下害怕看見複雜才看得更清楚。 辨識 害怕看見複雜 友誼 友誼 界線,2026-06-04T10:25:52.059328+00:00,2026-06-04T10:25:52.059328+00:00,[],dialogue,,
tp_dis_100,discernment,DIS_008,金錢選擇中的害怕看見複雜盲點,在金錢選擇中，讓害怕看見複雜主導判斷，於是真相被偏好的說法覆蓋，使互動落入重複循環。,只要我避開害怕看見複雜的不舒服，就能更快看見真相。,真相不怕複雜，先放下害怕看見複雜才看得更清楚。,若先暫停害怕看見複雜，你會重新檢查哪個訊號？,"[""辨識"", ""害怕看見複雜"", ""金錢""]","[""金錢"", ""價值""]",TruthOS seed dataset,discernment 辨識 DIS_008 害怕看見複雜 金錢選擇中的害怕看見複雜盲點 在金錢選擇中，讓害怕看見複雜主導判斷，於是真相被偏好的說法覆蓋，使互動落入重複循環。 只要我避開害怕看見複雜的不舒服，就能更快看見真相。 真相不怕複雜，先放下害怕看見複雜才看得更清楚。 辨識 害怕看見複雜 金錢 金錢 價值,2026-06-04T10:25:52.059328+00:00,2026-06-04T10:25:52.059328+00:00,[],dialogue,,
